,chr10:131506192:C/T,chr17:7579801:G/C,chr4:55980456:C/T,chr13:32953971:C/T,chr1:46521559:A/T,chr7:6045627:C/T,chr17:56448297:C/T,chr12:25398284:C/T,chr17:56492800:T/C,chrX:70349947:A/C,chr3:30713126:T/A,chr15:41275014:T/G,chr8:30933859:C/T,chr17:7579472:G/C,chr10:131506283:C/T,chr17:37879588:A/G,chr20:62303794:G/A,chr16:3634746:C/A,chr2:148657117:G/A,chr2:209113192:G/A,chr3:178951870:T/C,chr20:54959296:G/C,chr11:65631167:C/T,chr3:30686414:A/G,chr19:36222857:C/T,chr6:80751780:G/A,chr12:133252620:A/G,chr12:49434074:C/A,chr20:40738926:G/A,chr17:7801776:C/T,chr13:25052420:T/A,chr5:38953665:G/GA,chr1:16474839:AC/A,chr3:52637486:C/G,chr17:56436109:C/T,chr3:189604149:T/G,chr17:7577559:G/A,chr1:46521517:G/A,chr1:163298548:T/C,chr17:7578115:T/C,chr16:89858759:C/T,chr13:25052261:C/T
0,1,1,1,1,1,1,1,0,1,1,1,1,1,1,1,1,1,1,1,1,0,1,1,1,1,1,0,1,1,1,1,1,1,1,1,1,0,1,1,1,1,1
1,1,1,1,1,1,1,1,0,1,1,1,1,1,1,1,1,1,1,1,1,0,1,1,1,1,1,0,1,1,1,1,1,1,1,1,1,0,1,1,1,1,1
2,1,2,3,1,1,1,1,1,1,1,1,1,3,2,1,1,1,1,1,1,0,1,1,1,1,1,0,1,1,3,1,1,1,1,1,1,3,1,1,2,1,1
3,1,1,1,1,1,1,1,0,1,1,1,1,1,1,1,1,1,1,1,1,0,1,1,1,1,1,0,1,1,1,1,1,1,1,1,1,0,1,1,1,1,1
4,1,2,3,1,1,1,1,1,1,1,1,1,3,2,1,1,1,1,1,1,0,1,1,1,1,1,0,1,1,3,1,1,1,1,1,1,3,1,1,2,1,1
5,1,1,1,1,1,1,1,0,1,1,1,1,1,1,1,1,1,1,1,1,0,1,1,1,1,1,0,1,1,1,1,1,1,1,1,1,0,1,1,1,1,1
6,1,2,3,1,1,1,1,1,1,1,1,1,3,2,1,1,1,1,1,1,0,1,1,1,1,1,0,1,1,3,1,1,1,1,1,1,3,1,1,2,1,1
7,1,1,1,1,1,1,1,0,1,1,1,1,1,1,1,1,1,1,1,1,0,1,1,1,1,1,0,1,1,1,1,1,1,1,1,1,0,1,1,1,1,1
8,1,1,1,1,1,1,1,0,1,1,1,1,1,1,1,1,1,1,1,1,0,1,1,1,1,1,0,1,1,1,1,1,1,1,1,1,0,1,1,1,1,1
