sample_name,cell_barcode,final_clone_id
RA15_16-15_3,cell_13,3
RA15_16-15_3,cell_315,3
RA15_16-15_3,cell_319,3
RA15_16-15_3,cell_462,3
RA15_16-15_3,cell_495,3
RA15_16-15_3,cell_607,3
RA15_16-15_3,cell_616,3
RA15_16-15_3,cell_659,3
RA15_16-15_3,cell_690,3
RA15_16-15_3,cell_692,3
RA15_16-15_3,cell_841,3
RA15_16-15_3,cell_844,3
RA15_16-15_3,cell_931,3
RA15_16-15_3,cell_990,3
RA15_16-21_9,cell_1,3
RA15_16-21_9,cell_1000,3
RA15_16-21_9,cell_1007,3
RA15_16-21_9,cell_102,3
RA15_16-21_9,cell_1023,3
RA15_16-21_9,cell_1033,3
RA15_16-21_9,cell_1036,3
RA15_16-21_9,cell_1038,3
RA15_16-21_9,cell_1045,3
RA15_16-21_9,cell_1053,3
RA15_16-21_9,cell_1054,3
RA15_16-21_9,cell_1057,3
RA15_16-21_9,cell_1072,3
RA15_16-21_9,cell_1081,3
RA15_16-21_9,cell_1089,3
RA15_16-21_9,cell_1094,3
RA15_16-21_9,cell_1097,3
RA15_16-21_9,cell_1099,3
RA15_16-21_9,cell_1104,3
RA15_16-21_9,cell_1105,3
RA15_16-21_9,cell_1109,3
RA15_16-21_9,cell_1110,3
RA15_16-21_9,cell_1111,3
RA15_16-21_9,cell_1112,3
RA15_16-21_9,cell_1124,3
RA15_16-21_9,cell_1127,3
RA15_16-21_9,cell_1130,3
RA15_16-21_9,cell_1132,3
RA15_16-21_9,cell_1136,3
RA15_16-21_9,cell_1137,3
RA15_16-21_9,cell_1143,3
RA15_16-21_9,cell_1145,3
RA15_16-21_9,cell_1149,3
RA15_16-21_9,cell_1155,3
RA15_16-21_9,cell_1167,3
RA15_16-21_9,cell_1172,3
RA15_16-21_9,cell_121,3
RA15_16-21_9,cell_14,3
RA15_16-21_9,cell_141,3
RA15_16-21_9,cell_147,3
RA15_16-21_9,cell_15,3
RA15_16-21_9,cell_155,3
RA15_16-21_9,cell_178,3
RA15_16-21_9,cell_19,3
RA15_16-21_9,cell_193,3
RA15_16-21_9,cell_208,3
RA15_16-21_9,cell_211,3
RA15_16-21_9,cell_22,3
RA15_16-21_9,cell_222,3
RA15_16-21_9,cell_224,3
RA15_16-21_9,cell_231,3
RA15_16-21_9,cell_239,3
RA15_16-21_9,cell_248,3
RA15_16-21_9,cell_251,3
RA15_16-21_9,cell_255,3
RA15_16-21_9,cell_261,3
RA15_16-21_9,cell_278,3
RA15_16-21_9,cell_280,3
RA15_16-21_9,cell_284,3
RA15_16-21_9,cell_286,3
RA15_16-21_9,cell_296,3
RA15_16-21_9,cell_298,3
RA15_16-21_9,cell_301,3
RA15_16-21_9,cell_304,3
RA15_16-21_9,cell_307,3
RA15_16-21_9,cell_310,3
RA15_16-21_9,cell_319,3
RA15_16-21_9,cell_32,3
RA15_16-21_9,cell_321,3
RA15_16-21_9,cell_322,3
RA15_16-21_9,cell_329,3
RA15_16-21_9,cell_331,3
RA15_16-21_9,cell_336,3
RA15_16-21_9,cell_346,3
RA15_16-21_9,cell_364,3
RA15_16-21_9,cell_366,3
RA15_16-21_9,cell_367,3
RA15_16-21_9,cell_39,3
RA15_16-21_9,cell_394,3
RA15_16-21_9,cell_401,3
RA15_16-21_9,cell_403,3
RA15_16-21_9,cell_421,3
RA15_16-21_9,cell_422,3
RA15_16-21_9,cell_441,3
RA15_16-21_9,cell_446,3
RA15_16-21_9,cell_464,3
RA15_16-21_9,cell_466,3
RA15_16-21_9,cell_476,3
RA15_16-21_9,cell_49,3
RA15_16-21_9,cell_491,3
RA15_16-21_9,cell_493,3
RA15_16-21_9,cell_506,3
RA15_16-21_9,cell_509,3
RA15_16-21_9,cell_546,3
RA15_16-21_9,cell_547,3
RA15_16-21_9,cell_56,3
RA15_16-21_9,cell_561,3
RA15_16-21_9,cell_567,3
RA15_16-21_9,cell_576,3
RA15_16-21_9,cell_577,3
RA15_16-21_9,cell_582,3
RA15_16-21_9,cell_585,3
RA15_16-21_9,cell_59,3
RA15_16-21_9,cell_596,3
RA15_16-21_9,cell_598,3
RA15_16-21_9,cell_60,3
RA15_16-21_9,cell_613,3
RA15_16-21_9,cell_622,3
RA15_16-21_9,cell_644,3
RA15_16-21_9,cell_658,3
RA15_16-21_9,cell_669,3
RA15_16-21_9,cell_67,3
RA15_16-21_9,cell_679,3
RA15_16-21_9,cell_690,3
RA15_16-21_9,cell_693,3
RA15_16-21_9,cell_701,3
RA15_16-21_9,cell_702,3
RA15_16-21_9,cell_72,3
RA15_16-21_9,cell_720,3
RA15_16-21_9,cell_721,3
RA15_16-21_9,cell_728,3
RA15_16-21_9,cell_731,3
RA15_16-21_9,cell_740,3
RA15_16-21_9,cell_743,3
RA15_16-21_9,cell_75,3
RA15_16-21_9,cell_752,3
RA15_16-21_9,cell_755,3
RA15_16-21_9,cell_764,3
RA15_16-21_9,cell_775,3
RA15_16-21_9,cell_778,3
RA15_16-21_9,cell_779,3
RA15_16-21_9,cell_78,3
RA15_16-21_9,cell_782,3
RA15_16-21_9,cell_793,3
RA15_16-21_9,cell_80,3
RA15_16-21_9,cell_802,3
RA15_16-21_9,cell_803,3
RA15_16-21_9,cell_808,3
RA15_16-21_9,cell_809,3
RA15_16-21_9,cell_814,3
RA15_16-21_9,cell_825,3
RA15_16-21_9,cell_841,3
RA15_16-21_9,cell_843,3
RA15_16-21_9,cell_844,3
RA15_16-21_9,cell_853,3
RA15_16-21_9,cell_854,3
RA15_16-21_9,cell_855,3
RA15_16-21_9,cell_870,3
RA15_16-21_9,cell_882,3
RA15_16-21_9,cell_883,3
RA15_16-21_9,cell_886,3
RA15_16-21_9,cell_889,3
RA15_16-21_9,cell_901,3
RA15_16-21_9,cell_908,3
RA15_16-21_9,cell_915,3
RA15_16-21_9,cell_916,3
RA15_16-21_9,cell_917,3
RA15_16-21_9,cell_92,3
RA15_16-21_9,cell_930,3
RA15_16-21_9,cell_940,3
RA15_16-21_9,cell_941,3
RA15_16-21_9,cell_943,3
RA15_16-21_9,cell_958,3
RA15_16-21_9,cell_960,3
RA15_16-21_9,cell_97,3
RA15_16-21_9,cell_971,3
RA15_16-21_9,cell_974,3
RA15_16-21_9,cell_978,3
RA15_16-21_9,cell_987,3
RA15_16-21_9,cell_990,3
RA15_16-21_9,cell_992,3
RA15_16-21_9,cell_994,3
RA15_16-32_4,cell_100,3
RA15_16-32_4,cell_102,3
RA15_16-32_4,cell_106,3
RA15_16-32_4,cell_110,3
RA15_16-32_4,cell_114,3
RA15_16-32_4,cell_116,3
RA15_16-32_4,cell_117,3
RA15_16-32_4,cell_122,3
RA15_16-32_4,cell_126,3
RA15_16-32_4,cell_128,3
RA15_16-32_4,cell_131,3
RA15_16-32_4,cell_132,3
RA15_16-32_4,cell_139,3
RA15_16-32_4,cell_142,3
RA15_16-32_4,cell_143,3
RA15_16-32_4,cell_145,3
RA15_16-32_4,cell_148,3
RA15_16-32_4,cell_149,3
RA15_16-32_4,cell_15,3
RA15_16-32_4,cell_156,3
RA15_16-32_4,cell_157,3
RA15_16-32_4,cell_161,3
RA15_16-32_4,cell_162,3
RA15_16-32_4,cell_169,3
RA15_16-32_4,cell_17,3
RA15_16-32_4,cell_170,3
RA15_16-32_4,cell_183,3
RA15_16-32_4,cell_189,3
RA15_16-32_4,cell_190,3
RA15_16-32_4,cell_193,3
RA15_16-32_4,cell_200,3
RA15_16-32_4,cell_210,3
RA15_16-32_4,cell_212,3
RA15_16-32_4,cell_220,3
RA15_16-32_4,cell_232,3
RA15_16-32_4,cell_233,3
RA15_16-32_4,cell_238,3
RA15_16-32_4,cell_243,3
RA15_16-32_4,cell_250,3
RA15_16-32_4,cell_251,3
RA15_16-32_4,cell_26,3
RA15_16-32_4,cell_263,3
RA15_16-32_4,cell_264,3
RA15_16-32_4,cell_268,3
RA15_16-32_4,cell_27,3
RA15_16-32_4,cell_270,3
RA15_16-32_4,cell_273,3
RA15_16-32_4,cell_279,3
RA15_16-32_4,cell_280,3
RA15_16-32_4,cell_282,3
RA15_16-32_4,cell_288,3
RA15_16-32_4,cell_297,3
RA15_16-32_4,cell_3,3
RA15_16-32_4,cell_302,3
RA15_16-32_4,cell_309,3
RA15_16-32_4,cell_312,3
RA15_16-32_4,cell_322,3
RA15_16-32_4,cell_326,3
RA15_16-32_4,cell_329,3
RA15_16-32_4,cell_33,3
RA15_16-32_4,cell_338,3
RA15_16-32_4,cell_341,3
RA15_16-32_4,cell_342,3
RA15_16-32_4,cell_355,3
RA15_16-32_4,cell_360,3
RA15_16-32_4,cell_39,3
RA15_16-32_4,cell_395,3
RA15_16-32_4,cell_398,3
RA15_16-32_4,cell_4,3
RA15_16-32_4,cell_407,3
RA15_16-32_4,cell_419,3
RA15_16-32_4,cell_425,3
RA15_16-32_4,cell_43,3
RA15_16-32_4,cell_431,3
RA15_16-32_4,cell_440,3
RA15_16-32_4,cell_443,3
RA15_16-32_4,cell_444,3
RA15_16-32_4,cell_447,3
RA15_16-32_4,cell_45,3
RA15_16-32_4,cell_453,3
RA15_16-32_4,cell_459,3
RA15_16-32_4,cell_463,3
RA15_16-32_4,cell_464,3
RA15_16-32_4,cell_47,3
RA15_16-32_4,cell_49,3
RA15_16-32_4,cell_496,3
RA15_16-32_4,cell_50,3
RA15_16-32_4,cell_502,3
RA15_16-32_4,cell_514,3
RA15_16-32_4,cell_515,3
RA15_16-32_4,cell_518,3
RA15_16-32_4,cell_528,3
RA15_16-32_4,cell_53,3
RA15_16-32_4,cell_536,3
RA15_16-32_4,cell_537,3
RA15_16-32_4,cell_545,3
RA15_16-32_4,cell_549,3
RA15_16-32_4,cell_551,3
RA15_16-32_4,cell_555,3
RA15_16-32_4,cell_559,3
RA15_16-32_4,cell_560,3
RA15_16-32_4,cell_564,3
RA15_16-32_4,cell_570,3
RA15_16-32_4,cell_575,3
RA15_16-32_4,cell_576,3
RA15_16-32_4,cell_579,3
RA15_16-32_4,cell_58,3
RA15_16-32_4,cell_581,3
RA15_16-32_4,cell_589,3
RA15_16-32_4,cell_6,3
RA15_16-32_4,cell_601,3
RA15_16-32_4,cell_625,3
RA15_16-32_4,cell_629,3
RA15_16-32_4,cell_631,3
RA15_16-32_4,cell_64,3
RA15_16-32_4,cell_69,3
RA15_16-32_4,cell_81,3
RA15_16-32_4,cell_92,3
RA15_16-32_4,cell_93,3
RA15_16-32_4,cell_95,3
RA15_16-15_3,cell_151,4
RA15_16-15_3,cell_180,4
RA15_16-15_3,cell_217,4
RA15_16-15_3,cell_274,4
RA15_16-21_9,cell_1002,4
RA15_16-21_9,cell_1003,4
RA15_16-21_9,cell_1010,4
RA15_16-21_9,cell_1015,4
RA15_16-21_9,cell_1030,4
RA15_16-21_9,cell_1040,4
RA15_16-21_9,cell_1043,4
RA15_16-21_9,cell_1048,4
RA15_16-21_9,cell_105,4
RA15_16-21_9,cell_1063,4
RA15_16-21_9,cell_1074,4
RA15_16-21_9,cell_1088,4
RA15_16-21_9,cell_1098,4
RA15_16-21_9,cell_1106,4
RA15_16-21_9,cell_1113,4
RA15_16-21_9,cell_1115,4
RA15_16-21_9,cell_1123,4
RA15_16-21_9,cell_1125,4
RA15_16-21_9,cell_1129,4
RA15_16-21_9,cell_1133,4
RA15_16-21_9,cell_1139,4
RA15_16-21_9,cell_1141,4
RA15_16-21_9,cell_1161,4
RA15_16-21_9,cell_117,4
RA15_16-21_9,cell_1170,4
RA15_16-21_9,cell_126,4
RA15_16-21_9,cell_131,4
RA15_16-21_9,cell_138,4
RA15_16-21_9,cell_156,4
RA15_16-21_9,cell_170,4
RA15_16-21_9,cell_180,4
RA15_16-21_9,cell_187,4
RA15_16-21_9,cell_195,4
RA15_16-21_9,cell_20,4
RA15_16-21_9,cell_202,4
RA15_16-21_9,cell_204,4
RA15_16-21_9,cell_212,4
RA15_16-21_9,cell_214,4
RA15_16-21_9,cell_225,4
RA15_16-21_9,cell_230,4
RA15_16-21_9,cell_235,4
RA15_16-21_9,cell_25,4
RA15_16-21_9,cell_253,4
RA15_16-21_9,cell_258,4
RA15_16-21_9,cell_263,4
RA15_16-21_9,cell_270,4
RA15_16-21_9,cell_277,4
RA15_16-21_9,cell_288,4
RA15_16-21_9,cell_325,4
RA15_16-21_9,cell_338,4
RA15_16-21_9,cell_353,4
RA15_16-21_9,cell_36,4
RA15_16-21_9,cell_361,4
RA15_16-21_9,cell_362,4
RA15_16-21_9,cell_363,4
RA15_16-21_9,cell_371,4
RA15_16-21_9,cell_373,4
RA15_16-21_9,cell_388,4
RA15_16-21_9,cell_391,4
RA15_16-21_9,cell_424,4
RA15_16-21_9,cell_425,4
RA15_16-21_9,cell_437,4
RA15_16-21_9,cell_44,4
RA15_16-21_9,cell_442,4
RA15_16-21_9,cell_45,4
RA15_16-21_9,cell_460,4
RA15_16-21_9,cell_470,4
RA15_16-21_9,cell_471,4
RA15_16-21_9,cell_486,4
RA15_16-21_9,cell_500,4
RA15_16-21_9,cell_536,4
RA15_16-21_9,cell_541,4
RA15_16-21_9,cell_548,4
RA15_16-21_9,cell_550,4
RA15_16-21_9,cell_556,4
RA15_16-21_9,cell_562,4
RA15_16-21_9,cell_568,4
RA15_16-21_9,cell_592,4
RA15_16-21_9,cell_597,4
RA15_16-21_9,cell_6,4
RA15_16-21_9,cell_611,4
RA15_16-21_9,cell_619,4
RA15_16-21_9,cell_635,4
RA15_16-21_9,cell_643,4
RA15_16-21_9,cell_647,4
RA15_16-21_9,cell_65,4
RA15_16-21_9,cell_651,4
RA15_16-21_9,cell_654,4
RA15_16-21_9,cell_659,4
RA15_16-21_9,cell_660,4
RA15_16-21_9,cell_662,4
RA15_16-21_9,cell_683,4
RA15_16-21_9,cell_685,4
RA15_16-21_9,cell_686,4
RA15_16-21_9,cell_699,4
RA15_16-21_9,cell_712,4
RA15_16-21_9,cell_717,4
RA15_16-21_9,cell_719,4
RA15_16-21_9,cell_745,4
RA15_16-21_9,cell_757,4
RA15_16-21_9,cell_762,4
RA15_16-21_9,cell_769,4
RA15_16-21_9,cell_785,4
RA15_16-21_9,cell_797,4
RA15_16-21_9,cell_810,4
RA15_16-21_9,cell_818,4
RA15_16-21_9,cell_82,4
RA15_16-21_9,cell_820,4
RA15_16-21_9,cell_821,4
RA15_16-21_9,cell_828,4
RA15_16-21_9,cell_836,4
RA15_16-21_9,cell_863,4
RA15_16-21_9,cell_881,4
RA15_16-21_9,cell_893,4
RA15_16-21_9,cell_907,4
RA15_16-21_9,cell_91,4
RA15_16-21_9,cell_918,4
RA15_16-21_9,cell_920,4
RA15_16-21_9,cell_921,4
RA15_16-21_9,cell_929,4
RA15_16-21_9,cell_932,4
RA15_16-21_9,cell_942,4
RA15_16-21_9,cell_96,4
RA15_16-21_9,cell_963,4
RA15_16-21_9,cell_968,4
RA15_16-21_9,cell_982,4
RA15_16-21_9,cell_993,4
RA15_16-32_4,cell_1,4
RA15_16-32_4,cell_10,4
RA15_16-32_4,cell_101,4
RA15_16-32_4,cell_103,4
RA15_16-32_4,cell_104,4
RA15_16-32_4,cell_105,4
RA15_16-32_4,cell_108,4
RA15_16-32_4,cell_112,4
RA15_16-32_4,cell_113,4
RA15_16-32_4,cell_115,4
RA15_16-32_4,cell_118,4
RA15_16-32_4,cell_119,4
RA15_16-32_4,cell_120,4
RA15_16-32_4,cell_121,4
RA15_16-32_4,cell_123,4
RA15_16-32_4,cell_127,4
RA15_16-32_4,cell_129,4
RA15_16-32_4,cell_13,4
RA15_16-32_4,cell_130,4
RA15_16-32_4,cell_133,4
RA15_16-32_4,cell_135,4
RA15_16-32_4,cell_136,4
RA15_16-32_4,cell_137,4
RA15_16-32_4,cell_138,4
RA15_16-32_4,cell_141,4
RA15_16-32_4,cell_144,4
RA15_16-32_4,cell_146,4
RA15_16-32_4,cell_147,4
RA15_16-32_4,cell_152,4
RA15_16-32_4,cell_153,4
RA15_16-32_4,cell_154,4
RA15_16-32_4,cell_155,4
RA15_16-32_4,cell_158,4
RA15_16-32_4,cell_159,4
RA15_16-32_4,cell_160,4
RA15_16-32_4,cell_163,4
RA15_16-32_4,cell_165,4
RA15_16-32_4,cell_166,4
RA15_16-32_4,cell_172,4
RA15_16-32_4,cell_173,4
RA15_16-32_4,cell_174,4
RA15_16-32_4,cell_175,4
RA15_16-32_4,cell_176,4
RA15_16-32_4,cell_177,4
RA15_16-32_4,cell_178,4
RA15_16-32_4,cell_180,4
RA15_16-32_4,cell_182,4
RA15_16-32_4,cell_184,4
RA15_16-32_4,cell_192,4
RA15_16-32_4,cell_194,4
RA15_16-32_4,cell_196,4
RA15_16-32_4,cell_197,4
RA15_16-32_4,cell_198,4
RA15_16-32_4,cell_2,4
RA15_16-32_4,cell_20,4
RA15_16-32_4,cell_201,4
RA15_16-32_4,cell_202,4
RA15_16-32_4,cell_203,4
RA15_16-32_4,cell_204,4
RA15_16-32_4,cell_207,4
RA15_16-32_4,cell_209,4
RA15_16-32_4,cell_21,4
RA15_16-32_4,cell_215,4
RA15_16-32_4,cell_216,4
RA15_16-32_4,cell_217,4
RA15_16-32_4,cell_222,4
RA15_16-32_4,cell_223,4
RA15_16-32_4,cell_224,4
RA15_16-32_4,cell_226,4
RA15_16-32_4,cell_227,4
RA15_16-32_4,cell_228,4
RA15_16-32_4,cell_230,4
RA15_16-32_4,cell_231,4
RA15_16-32_4,cell_234,4
RA15_16-32_4,cell_236,4
RA15_16-32_4,cell_24,4
RA15_16-32_4,cell_240,4
RA15_16-32_4,cell_242,4
RA15_16-32_4,cell_245,4
RA15_16-32_4,cell_247,4
RA15_16-32_4,cell_248,4
RA15_16-32_4,cell_25,4
RA15_16-32_4,cell_252,4
RA15_16-32_4,cell_254,4
RA15_16-32_4,cell_255,4
RA15_16-32_4,cell_256,4
RA15_16-32_4,cell_258,4
RA15_16-32_4,cell_259,4
RA15_16-32_4,cell_260,4
RA15_16-32_4,cell_261,4
RA15_16-32_4,cell_262,4
RA15_16-32_4,cell_265,4
RA15_16-32_4,cell_266,4
RA15_16-32_4,cell_267,4
RA15_16-32_4,cell_269,4
RA15_16-32_4,cell_271,4
RA15_16-32_4,cell_274,4
RA15_16-32_4,cell_275,4
RA15_16-32_4,cell_276,4
RA15_16-32_4,cell_277,4
RA15_16-32_4,cell_278,4
RA15_16-32_4,cell_284,4
RA15_16-32_4,cell_285,4
RA15_16-32_4,cell_289,4
RA15_16-32_4,cell_29,4
RA15_16-32_4,cell_290,4
RA15_16-32_4,cell_292,4
RA15_16-32_4,cell_295,4
RA15_16-32_4,cell_296,4
RA15_16-32_4,cell_298,4
RA15_16-32_4,cell_300,4
RA15_16-32_4,cell_305,4
RA15_16-32_4,cell_307,4
RA15_16-32_4,cell_308,4
RA15_16-32_4,cell_310,4
RA15_16-32_4,cell_313,4
RA15_16-32_4,cell_314,4
RA15_16-32_4,cell_315,4
RA15_16-32_4,cell_32,4
RA15_16-32_4,cell_320,4
RA15_16-32_4,cell_323,4
RA15_16-32_4,cell_324,4
RA15_16-32_4,cell_325,4
RA15_16-32_4,cell_330,4
RA15_16-32_4,cell_331,4
RA15_16-32_4,cell_333,4
RA15_16-32_4,cell_335,4
RA15_16-32_4,cell_337,4
RA15_16-32_4,cell_345,4
RA15_16-32_4,cell_346,4
RA15_16-32_4,cell_348,4
RA15_16-32_4,cell_349,4
RA15_16-32_4,cell_350,4
RA15_16-32_4,cell_354,4
RA15_16-32_4,cell_358,4
RA15_16-32_4,cell_359,4
RA15_16-32_4,cell_36,4
RA15_16-32_4,cell_361,4
RA15_16-32_4,cell_362,4
RA15_16-32_4,cell_363,4
RA15_16-32_4,cell_364,4
RA15_16-32_4,cell_367,4
RA15_16-32_4,cell_368,4
RA15_16-32_4,cell_369,4
RA15_16-32_4,cell_37,4
RA15_16-32_4,cell_371,4
RA15_16-32_4,cell_372,4
RA15_16-32_4,cell_373,4
RA15_16-32_4,cell_374,4
RA15_16-32_4,cell_376,4
RA15_16-32_4,cell_379,4
RA15_16-32_4,cell_38,4
RA15_16-32_4,cell_380,4
RA15_16-32_4,cell_381,4
RA15_16-32_4,cell_382,4
RA15_16-32_4,cell_383,4
RA15_16-32_4,cell_384,4
RA15_16-32_4,cell_385,4
RA15_16-32_4,cell_388,4
RA15_16-32_4,cell_389,4
RA15_16-32_4,cell_390,4
RA15_16-32_4,cell_391,4
RA15_16-32_4,cell_392,4
RA15_16-32_4,cell_394,4
RA15_16-32_4,cell_396,4
RA15_16-32_4,cell_397,4
RA15_16-32_4,cell_399,4
RA15_16-32_4,cell_40,4
RA15_16-32_4,cell_400,4
RA15_16-32_4,cell_401,4
RA15_16-32_4,cell_402,4
RA15_16-32_4,cell_403,4
RA15_16-32_4,cell_404,4
RA15_16-32_4,cell_405,4
RA15_16-32_4,cell_406,4
RA15_16-32_4,cell_408,4
RA15_16-32_4,cell_41,4
RA15_16-32_4,cell_410,4
RA15_16-32_4,cell_411,4
RA15_16-32_4,cell_412,4
RA15_16-32_4,cell_418,4
RA15_16-32_4,cell_42,4
RA15_16-32_4,cell_421,4
RA15_16-32_4,cell_422,4
RA15_16-32_4,cell_426,4
RA15_16-32_4,cell_429,4
RA15_16-32_4,cell_432,4
RA15_16-32_4,cell_434,4
RA15_16-32_4,cell_436,4
RA15_16-32_4,cell_437,4
RA15_16-32_4,cell_439,4
RA15_16-32_4,cell_44,4
RA15_16-32_4,cell_442,4
RA15_16-32_4,cell_445,4
RA15_16-32_4,cell_446,4
RA15_16-32_4,cell_451,4
RA15_16-32_4,cell_452,4
RA15_16-32_4,cell_455,4
RA15_16-32_4,cell_458,4
RA15_16-32_4,cell_46,4
RA15_16-32_4,cell_460,4
RA15_16-32_4,cell_461,4
RA15_16-32_4,cell_462,4
RA15_16-32_4,cell_465,4
RA15_16-32_4,cell_466,4
RA15_16-32_4,cell_467,4
RA15_16-32_4,cell_468,4
RA15_16-32_4,cell_469,4
RA15_16-32_4,cell_471,4
RA15_16-32_4,cell_474,4
RA15_16-32_4,cell_477,4
RA15_16-32_4,cell_478,4
RA15_16-32_4,cell_479,4
RA15_16-32_4,cell_481,4
RA15_16-32_4,cell_483,4
RA15_16-32_4,cell_484,4
RA15_16-32_4,cell_486,4
RA15_16-32_4,cell_487,4
RA15_16-32_4,cell_489,4
RA15_16-32_4,cell_490,4
RA15_16-32_4,cell_491,4
RA15_16-32_4,cell_493,4
RA15_16-32_4,cell_498,4
RA15_16-32_4,cell_499,4
RA15_16-32_4,cell_500,4
RA15_16-32_4,cell_501,4
RA15_16-32_4,cell_503,4
RA15_16-32_4,cell_504,4
RA15_16-32_4,cell_506,4
RA15_16-32_4,cell_508,4
RA15_16-32_4,cell_509,4
RA15_16-32_4,cell_51,4
RA15_16-32_4,cell_510,4
RA15_16-32_4,cell_512,4
RA15_16-32_4,cell_516,4
RA15_16-32_4,cell_519,4
RA15_16-32_4,cell_523,4
RA15_16-32_4,cell_524,4
RA15_16-32_4,cell_525,4
RA15_16-32_4,cell_526,4
RA15_16-32_4,cell_527,4
RA15_16-32_4,cell_532,4
RA15_16-32_4,cell_533,4
RA15_16-32_4,cell_534,4
RA15_16-32_4,cell_535,4
RA15_16-32_4,cell_539,4
RA15_16-32_4,cell_54,4
RA15_16-32_4,cell_541,4
RA15_16-32_4,cell_542,4
RA15_16-32_4,cell_543,4
RA15_16-32_4,cell_544,4
RA15_16-32_4,cell_547,4
RA15_16-32_4,cell_548,4
RA15_16-32_4,cell_55,4
RA15_16-32_4,cell_552,4
RA15_16-32_4,cell_553,4
RA15_16-32_4,cell_554,4
RA15_16-32_4,cell_556,4
RA15_16-32_4,cell_558,4
RA15_16-32_4,cell_561,4
RA15_16-32_4,cell_562,4
RA15_16-32_4,cell_565,4
RA15_16-32_4,cell_566,4
RA15_16-32_4,cell_567,4
RA15_16-32_4,cell_568,4
RA15_16-32_4,cell_569,4
RA15_16-32_4,cell_57,4
RA15_16-32_4,cell_572,4
RA15_16-32_4,cell_578,4
RA15_16-32_4,cell_580,4
RA15_16-32_4,cell_583,4
RA15_16-32_4,cell_585,4
RA15_16-32_4,cell_586,4
RA15_16-32_4,cell_587,4
RA15_16-32_4,cell_593,4
RA15_16-32_4,cell_595,4
RA15_16-32_4,cell_599,4
RA15_16-32_4,cell_60,4
RA15_16-32_4,cell_600,4
RA15_16-32_4,cell_602,4
RA15_16-32_4,cell_603,4
RA15_16-32_4,cell_605,4
RA15_16-32_4,cell_608,4
RA15_16-32_4,cell_61,4
RA15_16-32_4,cell_610,4
RA15_16-32_4,cell_611,4
RA15_16-32_4,cell_612,4
RA15_16-32_4,cell_613,4
RA15_16-32_4,cell_614,4
RA15_16-32_4,cell_615,4
RA15_16-32_4,cell_616,4
RA15_16-32_4,cell_617,4
RA15_16-32_4,cell_618,4
RA15_16-32_4,cell_619,4
RA15_16-32_4,cell_62,4
RA15_16-32_4,cell_620,4
RA15_16-32_4,cell_621,4
RA15_16-32_4,cell_623,4
RA15_16-32_4,cell_624,4
RA15_16-32_4,cell_626,4
RA15_16-32_4,cell_627,4
RA15_16-32_4,cell_63,4
RA15_16-32_4,cell_630,4
RA15_16-32_4,cell_632,4
RA15_16-32_4,cell_633,4
RA15_16-32_4,cell_65,4
RA15_16-32_4,cell_66,4
RA15_16-32_4,cell_7,4
RA15_16-32_4,cell_70,4
RA15_16-32_4,cell_72,4
RA15_16-32_4,cell_73,4
RA15_16-32_4,cell_75,4
RA15_16-32_4,cell_76,4
RA15_16-32_4,cell_77,4
RA15_16-32_4,cell_78,4
RA15_16-32_4,cell_79,4
RA15_16-32_4,cell_80,4
RA15_16-32_4,cell_82,4
RA15_16-32_4,cell_84,4
RA15_16-32_4,cell_85,4
RA15_16-32_4,cell_86,4
RA15_16-32_4,cell_87,4
RA15_16-32_4,cell_89,4
RA15_16-32_4,cell_9,4
RA15_16-32_4,cell_94,4
RA15_16-32_4,cell_98,4
RA15_16-32_4,cell_99,4
RA15_16-15_3,cell_1001,2
RA15_16-15_3,cell_188,2
RA15_16-15_3,cell_189,2
RA15_16-15_3,cell_387,2
RA15_16-15_3,cell_501,2
RA15_16-15_3,cell_624,2
RA15_16-15_3,cell_665,2
RA15_16-15_3,cell_697,2
RA15_16-15_3,cell_814,2
RA15_16-21_9,cell_10,2
RA15_16-21_9,cell_100,2
RA15_16-21_9,cell_1001,2
RA15_16-21_9,cell_1004,2
RA15_16-21_9,cell_1006,2
RA15_16-21_9,cell_1008,2
RA15_16-21_9,cell_1009,2
RA15_16-21_9,cell_101,2
RA15_16-21_9,cell_1011,2
RA15_16-21_9,cell_1012,2
RA15_16-21_9,cell_1013,2
RA15_16-21_9,cell_1016,2
RA15_16-21_9,cell_1017,2
RA15_16-21_9,cell_1018,2
RA15_16-21_9,cell_1019,2
RA15_16-21_9,cell_1020,2
RA15_16-21_9,cell_1021,2
RA15_16-21_9,cell_1022,2
RA15_16-21_9,cell_1024,2
RA15_16-21_9,cell_1025,2
RA15_16-21_9,cell_1026,2
RA15_16-21_9,cell_1027,2
RA15_16-21_9,cell_1029,2
RA15_16-21_9,cell_1031,2
RA15_16-21_9,cell_1034,2
RA15_16-21_9,cell_1037,2
RA15_16-21_9,cell_1039,2
RA15_16-21_9,cell_1041,2
RA15_16-21_9,cell_1042,2
RA15_16-21_9,cell_1046,2
RA15_16-21_9,cell_1047,2
RA15_16-21_9,cell_1049,2
RA15_16-21_9,cell_1050,2
RA15_16-21_9,cell_1051,2
RA15_16-21_9,cell_1052,2
RA15_16-21_9,cell_1055,2
RA15_16-21_9,cell_1056,2
RA15_16-21_9,cell_1058,2
RA15_16-21_9,cell_1059,2
RA15_16-21_9,cell_106,2
RA15_16-21_9,cell_1060,2
RA15_16-21_9,cell_1061,2
RA15_16-21_9,cell_1062,2
RA15_16-21_9,cell_1064,2
RA15_16-21_9,cell_1065,2
RA15_16-21_9,cell_1066,2
RA15_16-21_9,cell_1067,2
RA15_16-21_9,cell_1068,2
RA15_16-21_9,cell_1069,2
RA15_16-21_9,cell_107,2
RA15_16-21_9,cell_1070,2
RA15_16-21_9,cell_1071,2
RA15_16-21_9,cell_1073,2
RA15_16-21_9,cell_1077,2
RA15_16-21_9,cell_1079,2
RA15_16-21_9,cell_108,2
RA15_16-21_9,cell_1082,2
RA15_16-21_9,cell_1083,2
RA15_16-21_9,cell_1084,2
RA15_16-21_9,cell_1086,2
RA15_16-21_9,cell_1087,2
RA15_16-21_9,cell_1091,2
RA15_16-21_9,cell_1092,2
RA15_16-21_9,cell_1093,2
RA15_16-21_9,cell_1095,2
RA15_16-21_9,cell_1096,2
RA15_16-21_9,cell_11,2
RA15_16-21_9,cell_110,2
RA15_16-21_9,cell_1100,2
RA15_16-21_9,cell_1102,2
RA15_16-21_9,cell_1103,2
RA15_16-21_9,cell_1107,2
RA15_16-21_9,cell_1108,2
RA15_16-21_9,cell_111,2
RA15_16-21_9,cell_1114,2
RA15_16-21_9,cell_1116,2
RA15_16-21_9,cell_1117,2
RA15_16-21_9,cell_1118,2
RA15_16-21_9,cell_1119,2
RA15_16-21_9,cell_112,2
RA15_16-21_9,cell_1120,2
RA15_16-21_9,cell_1121,2
RA15_16-21_9,cell_1122,2
RA15_16-21_9,cell_1126,2
RA15_16-21_9,cell_113,2
RA15_16-21_9,cell_1131,2
RA15_16-21_9,cell_1134,2
RA15_16-21_9,cell_1135,2
RA15_16-21_9,cell_1138,2
RA15_16-21_9,cell_114,2
RA15_16-21_9,cell_1140,2
RA15_16-21_9,cell_1142,2
RA15_16-21_9,cell_1144,2
RA15_16-21_9,cell_1146,2
RA15_16-21_9,cell_1147,2
RA15_16-21_9,cell_1148,2
RA15_16-21_9,cell_115,2
RA15_16-21_9,cell_1150,2
RA15_16-21_9,cell_1151,2
RA15_16-21_9,cell_1152,2
RA15_16-21_9,cell_1154,2
RA15_16-21_9,cell_1156,2
RA15_16-21_9,cell_1157,2
RA15_16-21_9,cell_1158,2
RA15_16-21_9,cell_1159,2
RA15_16-21_9,cell_116,2
RA15_16-21_9,cell_1160,2
RA15_16-21_9,cell_1163,2
RA15_16-21_9,cell_1164,2
RA15_16-21_9,cell_1165,2
RA15_16-21_9,cell_1166,2
RA15_16-21_9,cell_1168,2
RA15_16-21_9,cell_1173,2
RA15_16-21_9,cell_1175,2
RA15_16-21_9,cell_12,2
RA15_16-21_9,cell_120,2
RA15_16-21_9,cell_122,2
RA15_16-21_9,cell_123,2
RA15_16-21_9,cell_125,2
RA15_16-21_9,cell_127,2
RA15_16-21_9,cell_128,2
RA15_16-21_9,cell_129,2
RA15_16-21_9,cell_13,2
RA15_16-21_9,cell_130,2
RA15_16-21_9,cell_132,2
RA15_16-21_9,cell_133,2
RA15_16-21_9,cell_134,2
RA15_16-21_9,cell_135,2
RA15_16-21_9,cell_136,2
RA15_16-21_9,cell_137,2
RA15_16-21_9,cell_139,2
RA15_16-21_9,cell_140,2
RA15_16-21_9,cell_142,2
RA15_16-21_9,cell_144,2
RA15_16-21_9,cell_146,2
RA15_16-21_9,cell_149,2
RA15_16-21_9,cell_150,2
RA15_16-21_9,cell_151,2
RA15_16-21_9,cell_152,2
RA15_16-21_9,cell_153,2
RA15_16-21_9,cell_154,2
RA15_16-21_9,cell_157,2
RA15_16-21_9,cell_158,2
RA15_16-21_9,cell_159,2
RA15_16-21_9,cell_160,2
RA15_16-21_9,cell_164,2
RA15_16-21_9,cell_165,2
RA15_16-21_9,cell_166,2
RA15_16-21_9,cell_167,2
RA15_16-21_9,cell_168,2
RA15_16-21_9,cell_169,2
RA15_16-21_9,cell_17,2
RA15_16-21_9,cell_171,2
RA15_16-21_9,cell_172,2
RA15_16-21_9,cell_173,2
RA15_16-21_9,cell_174,2
RA15_16-21_9,cell_175,2
RA15_16-21_9,cell_176,2
RA15_16-21_9,cell_177,2
RA15_16-21_9,cell_179,2
RA15_16-21_9,cell_18,2
RA15_16-21_9,cell_181,2
RA15_16-21_9,cell_182,2
RA15_16-21_9,cell_183,2
RA15_16-21_9,cell_184,2
RA15_16-21_9,cell_186,2
RA15_16-21_9,cell_188,2
RA15_16-21_9,cell_189,2
RA15_16-21_9,cell_190,2
RA15_16-21_9,cell_191,2
RA15_16-21_9,cell_192,2
RA15_16-21_9,cell_194,2
RA15_16-21_9,cell_197,2
RA15_16-21_9,cell_198,2
RA15_16-21_9,cell_2,2
RA15_16-21_9,cell_200,2
RA15_16-21_9,cell_203,2
RA15_16-21_9,cell_205,2
RA15_16-21_9,cell_206,2
RA15_16-21_9,cell_207,2
RA15_16-21_9,cell_209,2
RA15_16-21_9,cell_21,2
RA15_16-21_9,cell_210,2
RA15_16-21_9,cell_215,2
RA15_16-21_9,cell_216,2
RA15_16-21_9,cell_217,2
RA15_16-21_9,cell_218,2
RA15_16-21_9,cell_219,2
RA15_16-21_9,cell_220,2
RA15_16-21_9,cell_223,2
RA15_16-21_9,cell_226,2
RA15_16-21_9,cell_227,2
RA15_16-21_9,cell_229,2
RA15_16-21_9,cell_232,2
RA15_16-21_9,cell_233,2
RA15_16-21_9,cell_234,2
RA15_16-21_9,cell_236,2
RA15_16-21_9,cell_238,2
RA15_16-21_9,cell_24,2
RA15_16-21_9,cell_240,2
RA15_16-21_9,cell_242,2
RA15_16-21_9,cell_243,2
RA15_16-21_9,cell_244,2
RA15_16-21_9,cell_245,2
RA15_16-21_9,cell_247,2
RA15_16-21_9,cell_249,2
RA15_16-21_9,cell_252,2
RA15_16-21_9,cell_254,2
RA15_16-21_9,cell_257,2
RA15_16-21_9,cell_26,2
RA15_16-21_9,cell_262,2
RA15_16-21_9,cell_264,2
RA15_16-21_9,cell_265,2
RA15_16-21_9,cell_266,2
RA15_16-21_9,cell_267,2
RA15_16-21_9,cell_268,2
RA15_16-21_9,cell_269,2
RA15_16-21_9,cell_271,2
RA15_16-21_9,cell_273,2
RA15_16-21_9,cell_274,2
RA15_16-21_9,cell_275,2
RA15_16-21_9,cell_276,2
RA15_16-21_9,cell_279,2
RA15_16-21_9,cell_28,2
RA15_16-21_9,cell_281,2
RA15_16-21_9,cell_282,2
RA15_16-21_9,cell_283,2
RA15_16-21_9,cell_285,2
RA15_16-21_9,cell_287,2
RA15_16-21_9,cell_289,2
RA15_16-21_9,cell_29,2
RA15_16-21_9,cell_290,2
RA15_16-21_9,cell_291,2
RA15_16-21_9,cell_292,2
RA15_16-21_9,cell_293,2
RA15_16-21_9,cell_294,2
RA15_16-21_9,cell_297,2
RA15_16-21_9,cell_3,2
RA15_16-21_9,cell_30,2
RA15_16-21_9,cell_300,2
RA15_16-21_9,cell_302,2
RA15_16-21_9,cell_305,2
RA15_16-21_9,cell_306,2
RA15_16-21_9,cell_308,2
RA15_16-21_9,cell_309,2
RA15_16-21_9,cell_31,2
RA15_16-21_9,cell_311,2
RA15_16-21_9,cell_312,2
RA15_16-21_9,cell_313,2
RA15_16-21_9,cell_316,2
RA15_16-21_9,cell_317,2
RA15_16-21_9,cell_318,2
RA15_16-21_9,cell_320,2
RA15_16-21_9,cell_323,2
RA15_16-21_9,cell_326,2
RA15_16-21_9,cell_327,2
RA15_16-21_9,cell_328,2
RA15_16-21_9,cell_33,2
RA15_16-21_9,cell_330,2
RA15_16-21_9,cell_332,2
RA15_16-21_9,cell_333,2
RA15_16-21_9,cell_334,2
RA15_16-21_9,cell_335,2
RA15_16-21_9,cell_337,2
RA15_16-21_9,cell_339,2
RA15_16-21_9,cell_34,2
RA15_16-21_9,cell_340,2
RA15_16-21_9,cell_341,2
RA15_16-21_9,cell_343,2
RA15_16-21_9,cell_345,2
RA15_16-21_9,cell_348,2
RA15_16-21_9,cell_349,2
RA15_16-21_9,cell_35,2
RA15_16-21_9,cell_351,2
RA15_16-21_9,cell_352,2
RA15_16-21_9,cell_354,2
RA15_16-21_9,cell_355,2
RA15_16-21_9,cell_357,2
RA15_16-21_9,cell_358,2
RA15_16-21_9,cell_360,2
RA15_16-21_9,cell_365,2
RA15_16-21_9,cell_368,2
RA15_16-21_9,cell_369,2
RA15_16-21_9,cell_370,2
RA15_16-21_9,cell_372,2
RA15_16-21_9,cell_374,2
RA15_16-21_9,cell_375,2
RA15_16-21_9,cell_376,2
RA15_16-21_9,cell_377,2
RA15_16-21_9,cell_378,2
RA15_16-21_9,cell_379,2
RA15_16-21_9,cell_38,2
RA15_16-21_9,cell_380,2
RA15_16-21_9,cell_381,2
RA15_16-21_9,cell_382,2
RA15_16-21_9,cell_383,2
RA15_16-21_9,cell_384,2
RA15_16-21_9,cell_385,2
RA15_16-21_9,cell_386,2
RA15_16-21_9,cell_387,2
RA15_16-21_9,cell_389,2
RA15_16-21_9,cell_392,2
RA15_16-21_9,cell_393,2
RA15_16-21_9,cell_395,2
RA15_16-21_9,cell_396,2
RA15_16-21_9,cell_397,2
RA15_16-21_9,cell_398,2
RA15_16-21_9,cell_399,2
RA15_16-21_9,cell_4,2
RA15_16-21_9,cell_40,2
RA15_16-21_9,cell_400,2
RA15_16-21_9,cell_402,2
RA15_16-21_9,cell_404,2
RA15_16-21_9,cell_405,2
RA15_16-21_9,cell_406,2
RA15_16-21_9,cell_407,2
RA15_16-21_9,cell_408,2
RA15_16-21_9,cell_409,2
RA15_16-21_9,cell_410,2
RA15_16-21_9,cell_411,2
RA15_16-21_9,cell_412,2
RA15_16-21_9,cell_413,2
RA15_16-21_9,cell_414,2
RA15_16-21_9,cell_415,2
RA15_16-21_9,cell_416,2
RA15_16-21_9,cell_418,2
RA15_16-21_9,cell_419,2
RA15_16-21_9,cell_42,2
RA15_16-21_9,cell_420,2
RA15_16-21_9,cell_423,2
RA15_16-21_9,cell_426,2
RA15_16-21_9,cell_427,2
RA15_16-21_9,cell_428,2
RA15_16-21_9,cell_43,2
RA15_16-21_9,cell_431,2
RA15_16-21_9,cell_432,2
RA15_16-21_9,cell_433,2
RA15_16-21_9,cell_434,2
RA15_16-21_9,cell_435,2
RA15_16-21_9,cell_436,2
RA15_16-21_9,cell_438,2
RA15_16-21_9,cell_440,2
RA15_16-21_9,cell_443,2
RA15_16-21_9,cell_444,2
RA15_16-21_9,cell_445,2
RA15_16-21_9,cell_447,2
RA15_16-21_9,cell_448,2
RA15_16-21_9,cell_449,2
RA15_16-21_9,cell_450,2
RA15_16-21_9,cell_451,2
RA15_16-21_9,cell_452,2
RA15_16-21_9,cell_453,2
RA15_16-21_9,cell_454,2
RA15_16-21_9,cell_455,2
RA15_16-21_9,cell_456,2
RA15_16-21_9,cell_458,2
RA15_16-21_9,cell_459,2
RA15_16-21_9,cell_46,2
RA15_16-21_9,cell_462,2
RA15_16-21_9,cell_465,2
RA15_16-21_9,cell_468,2
RA15_16-21_9,cell_469,2
RA15_16-21_9,cell_47,2
RA15_16-21_9,cell_472,2
RA15_16-21_9,cell_473,2
RA15_16-21_9,cell_474,2
RA15_16-21_9,cell_478,2
RA15_16-21_9,cell_48,2
RA15_16-21_9,cell_480,2
RA15_16-21_9,cell_481,2
RA15_16-21_9,cell_482,2
RA15_16-21_9,cell_483,2
RA15_16-21_9,cell_484,2
RA15_16-21_9,cell_485,2
RA15_16-21_9,cell_487,2
RA15_16-21_9,cell_488,2
RA15_16-21_9,cell_489,2
RA15_16-21_9,cell_492,2
RA15_16-21_9,cell_494,2
RA15_16-21_9,cell_495,2
RA15_16-21_9,cell_496,2
RA15_16-21_9,cell_498,2
RA15_16-21_9,cell_499,2
RA15_16-21_9,cell_50,2
RA15_16-21_9,cell_502,2
RA15_16-21_9,cell_503,2
RA15_16-21_9,cell_504,2
RA15_16-21_9,cell_505,2
RA15_16-21_9,cell_507,2
RA15_16-21_9,cell_508,2
RA15_16-21_9,cell_51,2
RA15_16-21_9,cell_510,2
RA15_16-21_9,cell_511,2
RA15_16-21_9,cell_512,2
RA15_16-21_9,cell_513,2
RA15_16-21_9,cell_514,2
RA15_16-21_9,cell_515,2
RA15_16-21_9,cell_516,2
RA15_16-21_9,cell_518,2
RA15_16-21_9,cell_519,2
RA15_16-21_9,cell_520,2
RA15_16-21_9,cell_521,2
RA15_16-21_9,cell_522,2
RA15_16-21_9,cell_523,2
RA15_16-21_9,cell_524,2
RA15_16-21_9,cell_525,2
RA15_16-21_9,cell_528,2
RA15_16-21_9,cell_529,2
RA15_16-21_9,cell_53,2
RA15_16-21_9,cell_531,2
RA15_16-21_9,cell_532,2
RA15_16-21_9,cell_533,2
RA15_16-21_9,cell_534,2
RA15_16-21_9,cell_535,2
RA15_16-21_9,cell_539,2
RA15_16-21_9,cell_54,2
RA15_16-21_9,cell_542,2
RA15_16-21_9,cell_543,2
RA15_16-21_9,cell_544,2
RA15_16-21_9,cell_545,2
RA15_16-21_9,cell_549,2
RA15_16-21_9,cell_551,2
RA15_16-21_9,cell_552,2
RA15_16-21_9,cell_553,2
RA15_16-21_9,cell_555,2
RA15_16-21_9,cell_557,2
RA15_16-21_9,cell_558,2
RA15_16-21_9,cell_559,2
RA15_16-21_9,cell_560,2
RA15_16-21_9,cell_564,2
RA15_16-21_9,cell_565,2
RA15_16-21_9,cell_569,2
RA15_16-21_9,cell_57,2
RA15_16-21_9,cell_570,2
RA15_16-21_9,cell_571,2
RA15_16-21_9,cell_572,2
RA15_16-21_9,cell_573,2
RA15_16-21_9,cell_575,2
RA15_16-21_9,cell_578,2
RA15_16-21_9,cell_579,2
RA15_16-21_9,cell_580,2
RA15_16-21_9,cell_581,2
RA15_16-21_9,cell_584,2
RA15_16-21_9,cell_586,2
RA15_16-21_9,cell_587,2
RA15_16-21_9,cell_588,2
RA15_16-21_9,cell_589,2
RA15_16-21_9,cell_590,2
RA15_16-21_9,cell_591,2
RA15_16-21_9,cell_593,2
RA15_16-21_9,cell_595,2
RA15_16-21_9,cell_599,2
RA15_16-21_9,cell_600,2
RA15_16-21_9,cell_602,2
RA15_16-21_9,cell_603,2
RA15_16-21_9,cell_604,2
RA15_16-21_9,cell_605,2
RA15_16-21_9,cell_606,2
RA15_16-21_9,cell_607,2
RA15_16-21_9,cell_609,2
RA15_16-21_9,cell_61,2
RA15_16-21_9,cell_610,2
RA15_16-21_9,cell_612,2
RA15_16-21_9,cell_614,2
RA15_16-21_9,cell_615,2
RA15_16-21_9,cell_616,2
RA15_16-21_9,cell_617,2
RA15_16-21_9,cell_618,2
RA15_16-21_9,cell_62,2
RA15_16-21_9,cell_620,2
RA15_16-21_9,cell_621,2
RA15_16-21_9,cell_623,2
RA15_16-21_9,cell_624,2
RA15_16-21_9,cell_625,2
RA15_16-21_9,cell_626,2
RA15_16-21_9,cell_627,2
RA15_16-21_9,cell_629,2
RA15_16-21_9,cell_63,2
RA15_16-21_9,cell_630,2
RA15_16-21_9,cell_631,2
RA15_16-21_9,cell_632,2
RA15_16-21_9,cell_633,2
RA15_16-21_9,cell_634,2
RA15_16-21_9,cell_637,2
RA15_16-21_9,cell_638,2
RA15_16-21_9,cell_639,2
RA15_16-21_9,cell_64,2
RA15_16-21_9,cell_640,2
RA15_16-21_9,cell_641,2
RA15_16-21_9,cell_642,2
RA15_16-21_9,cell_645,2
RA15_16-21_9,cell_646,2
RA15_16-21_9,cell_648,2
RA15_16-21_9,cell_649,2
RA15_16-21_9,cell_650,2
RA15_16-21_9,cell_652,2
RA15_16-21_9,cell_653,2
RA15_16-21_9,cell_656,2
RA15_16-21_9,cell_66,2
RA15_16-21_9,cell_661,2
RA15_16-21_9,cell_663,2
RA15_16-21_9,cell_664,2
RA15_16-21_9,cell_665,2
RA15_16-21_9,cell_666,2
RA15_16-21_9,cell_667,2
RA15_16-21_9,cell_668,2
RA15_16-21_9,cell_671,2
RA15_16-21_9,cell_672,2
RA15_16-21_9,cell_673,2
RA15_16-21_9,cell_675,2
RA15_16-21_9,cell_677,2
RA15_16-21_9,cell_678,2
RA15_16-21_9,cell_68,2
RA15_16-21_9,cell_680,2
RA15_16-21_9,cell_681,2
RA15_16-21_9,cell_682,2
RA15_16-21_9,cell_688,2
RA15_16-21_9,cell_69,2
RA15_16-21_9,cell_691,2
RA15_16-21_9,cell_692,2
RA15_16-21_9,cell_694,2
RA15_16-21_9,cell_695,2
RA15_16-21_9,cell_696,2
RA15_16-21_9,cell_697,2
RA15_16-21_9,cell_698,2
RA15_16-21_9,cell_7,2
RA15_16-21_9,cell_70,2
RA15_16-21_9,cell_703,2
RA15_16-21_9,cell_704,2
RA15_16-21_9,cell_705,2
RA15_16-21_9,cell_706,2
RA15_16-21_9,cell_707,2
RA15_16-21_9,cell_708,2
RA15_16-21_9,cell_71,2
RA15_16-21_9,cell_710,2
RA15_16-21_9,cell_711,2
RA15_16-21_9,cell_713,2
RA15_16-21_9,cell_715,2
RA15_16-21_9,cell_716,2
RA15_16-21_9,cell_718,2
RA15_16-21_9,cell_723,2
RA15_16-21_9,cell_724,2
RA15_16-21_9,cell_725,2
RA15_16-21_9,cell_727,2
RA15_16-21_9,cell_729,2
RA15_16-21_9,cell_73,2
RA15_16-21_9,cell_730,2
RA15_16-21_9,cell_732,2
RA15_16-21_9,cell_733,2
RA15_16-21_9,cell_734,2
RA15_16-21_9,cell_735,2
RA15_16-21_9,cell_737,2
RA15_16-21_9,cell_738,2
RA15_16-21_9,cell_739,2
RA15_16-21_9,cell_74,2
RA15_16-21_9,cell_741,2
RA15_16-21_9,cell_742,2
RA15_16-21_9,cell_744,2
RA15_16-21_9,cell_746,2
RA15_16-21_9,cell_747,2
RA15_16-21_9,cell_748,2
RA15_16-21_9,cell_749,2
RA15_16-21_9,cell_750,2
RA15_16-21_9,cell_751,2
RA15_16-21_9,cell_754,2
RA15_16-21_9,cell_756,2
RA15_16-21_9,cell_758,2
RA15_16-21_9,cell_759,2
RA15_16-21_9,cell_76,2
RA15_16-21_9,cell_760,2
RA15_16-21_9,cell_761,2
RA15_16-21_9,cell_763,2
RA15_16-21_9,cell_765,2
RA15_16-21_9,cell_766,2
RA15_16-21_9,cell_767,2
RA15_16-21_9,cell_768,2
RA15_16-21_9,cell_77,2
RA15_16-21_9,cell_770,2
RA15_16-21_9,cell_771,2
RA15_16-21_9,cell_772,2
RA15_16-21_9,cell_776,2
RA15_16-21_9,cell_777,2
RA15_16-21_9,cell_780,2
RA15_16-21_9,cell_783,2
RA15_16-21_9,cell_784,2
RA15_16-21_9,cell_786,2
RA15_16-21_9,cell_787,2
RA15_16-21_9,cell_788,2
RA15_16-21_9,cell_789,2
RA15_16-21_9,cell_79,2
RA15_16-21_9,cell_790,2
RA15_16-21_9,cell_791,2
RA15_16-21_9,cell_792,2
RA15_16-21_9,cell_794,2
RA15_16-21_9,cell_795,2
RA15_16-21_9,cell_799,2
RA15_16-21_9,cell_800,2
RA15_16-21_9,cell_804,2
RA15_16-21_9,cell_805,2
RA15_16-21_9,cell_806,2
RA15_16-21_9,cell_807,2
RA15_16-21_9,cell_81,2
RA15_16-21_9,cell_811,2
RA15_16-21_9,cell_813,2
RA15_16-21_9,cell_815,2
RA15_16-21_9,cell_816,2
RA15_16-21_9,cell_817,2
RA15_16-21_9,cell_819,2
RA15_16-21_9,cell_822,2
RA15_16-21_9,cell_823,2
RA15_16-21_9,cell_824,2
RA15_16-21_9,cell_826,2
RA15_16-21_9,cell_827,2
RA15_16-21_9,cell_83,2
RA15_16-21_9,cell_831,2
RA15_16-21_9,cell_832,2
RA15_16-21_9,cell_833,2
RA15_16-21_9,cell_834,2
RA15_16-21_9,cell_837,2
RA15_16-21_9,cell_84,2
RA15_16-21_9,cell_840,2
RA15_16-21_9,cell_846,2
RA15_16-21_9,cell_847,2
RA15_16-21_9,cell_848,2
RA15_16-21_9,cell_849,2
RA15_16-21_9,cell_85,2
RA15_16-21_9,cell_851,2
RA15_16-21_9,cell_852,2
RA15_16-21_9,cell_856,2
RA15_16-21_9,cell_857,2
RA15_16-21_9,cell_858,2
RA15_16-21_9,cell_86,2
RA15_16-21_9,cell_860,2
RA15_16-21_9,cell_861,2
RA15_16-21_9,cell_862,2
RA15_16-21_9,cell_864,2
RA15_16-21_9,cell_865,2
RA15_16-21_9,cell_866,2
RA15_16-21_9,cell_868,2
RA15_16-21_9,cell_871,2
RA15_16-21_9,cell_872,2
RA15_16-21_9,cell_873,2
RA15_16-21_9,cell_874,2
RA15_16-21_9,cell_875,2
RA15_16-21_9,cell_877,2
RA15_16-21_9,cell_878,2
RA15_16-21_9,cell_879,2
RA15_16-21_9,cell_88,2
RA15_16-21_9,cell_880,2
RA15_16-21_9,cell_885,2
RA15_16-21_9,cell_887,2
RA15_16-21_9,cell_888,2
RA15_16-21_9,cell_890,2
RA15_16-21_9,cell_891,2
RA15_16-21_9,cell_892,2
RA15_16-21_9,cell_894,2
RA15_16-21_9,cell_895,2
RA15_16-21_9,cell_896,2
RA15_16-21_9,cell_897,2
RA15_16-21_9,cell_898,2
RA15_16-21_9,cell_899,2
RA15_16-21_9,cell_9,2
RA15_16-21_9,cell_90,2
RA15_16-21_9,cell_900,2
RA15_16-21_9,cell_902,2
RA15_16-21_9,cell_903,2
RA15_16-21_9,cell_904,2
RA15_16-21_9,cell_905,2
RA15_16-21_9,cell_906,2
RA15_16-21_9,cell_909,2
RA15_16-21_9,cell_910,2
RA15_16-21_9,cell_911,2
RA15_16-21_9,cell_912,2
RA15_16-21_9,cell_913,2
RA15_16-21_9,cell_914,2
RA15_16-21_9,cell_919,2
RA15_16-21_9,cell_922,2
RA15_16-21_9,cell_923,2
RA15_16-21_9,cell_924,2
RA15_16-21_9,cell_925,2
RA15_16-21_9,cell_926,2
RA15_16-21_9,cell_927,2
RA15_16-21_9,cell_928,2
RA15_16-21_9,cell_93,2
RA15_16-21_9,cell_931,2
RA15_16-21_9,cell_933,2
RA15_16-21_9,cell_934,2
RA15_16-21_9,cell_936,2
RA15_16-21_9,cell_937,2
RA15_16-21_9,cell_938,2
RA15_16-21_9,cell_94,2
RA15_16-21_9,cell_944,2
RA15_16-21_9,cell_945,2
RA15_16-21_9,cell_947,2
RA15_16-21_9,cell_948,2
RA15_16-21_9,cell_949,2
RA15_16-21_9,cell_95,2
RA15_16-21_9,cell_950,2
RA15_16-21_9,cell_952,2
RA15_16-21_9,cell_953,2
RA15_16-21_9,cell_954,2
RA15_16-21_9,cell_955,2
RA15_16-21_9,cell_956,2
RA15_16-21_9,cell_957,2
RA15_16-21_9,cell_959,2
RA15_16-21_9,cell_961,2
RA15_16-21_9,cell_964,2
RA15_16-21_9,cell_965,2
RA15_16-21_9,cell_966,2
RA15_16-21_9,cell_967,2
RA15_16-21_9,cell_969,2
RA15_16-21_9,cell_970,2
RA15_16-21_9,cell_972,2
RA15_16-21_9,cell_973,2
RA15_16-21_9,cell_975,2
RA15_16-21_9,cell_976,2
RA15_16-21_9,cell_979,2
RA15_16-21_9,cell_98,2
RA15_16-21_9,cell_980,2
RA15_16-21_9,cell_981,2
RA15_16-21_9,cell_983,2
RA15_16-21_9,cell_984,2
RA15_16-21_9,cell_986,2
RA15_16-21_9,cell_988,2
RA15_16-21_9,cell_989,2
RA15_16-21_9,cell_99,2
RA15_16-21_9,cell_991,2
RA15_16-21_9,cell_995,2
RA15_16-21_9,cell_996,2
RA15_16-21_9,cell_997,2
RA15_16-32_4,cell_150,2
RA15_16-32_4,cell_151,2
RA15_16-32_4,cell_16,2
RA15_16-32_4,cell_168,2
RA15_16-32_4,cell_208,2
RA15_16-32_4,cell_218,2
RA15_16-32_4,cell_244,2
RA15_16-32_4,cell_257,2
RA15_16-32_4,cell_299,2
RA15_16-32_4,cell_321,2
RA15_16-32_4,cell_334,2
RA15_16-32_4,cell_340,2
RA15_16-32_4,cell_347,2
RA15_16-32_4,cell_357,2
RA15_16-32_4,cell_366,2
RA15_16-32_4,cell_375,2
RA15_16-32_4,cell_414,2
RA15_16-32_4,cell_417,2
RA15_16-32_4,cell_427,2
RA15_16-32_4,cell_433,2
RA15_16-32_4,cell_435,2
RA15_16-32_4,cell_438,2
RA15_16-32_4,cell_441,2
RA15_16-32_4,cell_473,2
RA15_16-32_4,cell_495,2
RA15_16-32_4,cell_5,2
RA15_16-32_4,cell_529,2
RA15_16-32_4,cell_563,2
RA15_16-32_4,cell_574,2
RA15_16-32_4,cell_582,2
RA15_16-32_4,cell_584,2
RA15_16-32_4,cell_592,2
RA15_16-32_4,cell_597,2
RA15_16-32_4,cell_634,2
RA15_16-32_4,cell_635,2
RA15_16-32_4,cell_67,2
RA15_16-32_4,cell_90,2
RA15_16-15_3,cell_100,1
RA15_16-15_3,cell_1002,1
RA15_16-15_3,cell_1003,1
RA15_16-15_3,cell_1005,1
RA15_16-15_3,cell_1006,1
RA15_16-15_3,cell_1008,1
RA15_16-15_3,cell_1009,1
RA15_16-15_3,cell_101,1
RA15_16-15_3,cell_1010,1
RA15_16-15_3,cell_1012,1
RA15_16-15_3,cell_1013,1
RA15_16-15_3,cell_1014,1
RA15_16-15_3,cell_1015,1
RA15_16-15_3,cell_1016,1
RA15_16-15_3,cell_1019,1
RA15_16-15_3,cell_1020,1
RA15_16-15_3,cell_1021,1
RA15_16-15_3,cell_1023,1
RA15_16-15_3,cell_1024,1
RA15_16-15_3,cell_1025,1
RA15_16-15_3,cell_1026,1
RA15_16-15_3,cell_1027,1
RA15_16-15_3,cell_1029,1
RA15_16-15_3,cell_1030,1
RA15_16-15_3,cell_1033,1
RA15_16-15_3,cell_1034,1
RA15_16-15_3,cell_1035,1
RA15_16-15_3,cell_1036,1
RA15_16-15_3,cell_1037,1
RA15_16-15_3,cell_1038,1
RA15_16-15_3,cell_1039,1
RA15_16-15_3,cell_104,1
RA15_16-15_3,cell_1040,1
RA15_16-15_3,cell_1041,1
RA15_16-15_3,cell_1042,1
RA15_16-15_3,cell_1043,1
RA15_16-15_3,cell_1045,1
RA15_16-15_3,cell_1046,1
RA15_16-15_3,cell_1047,1
RA15_16-15_3,cell_1049,1
RA15_16-15_3,cell_105,1
RA15_16-15_3,cell_1051,1
RA15_16-15_3,cell_1052,1
RA15_16-15_3,cell_1053,1
RA15_16-15_3,cell_1054,1
RA15_16-15_3,cell_1055,1
RA15_16-15_3,cell_1056,1
RA15_16-15_3,cell_106,1
RA15_16-15_3,cell_107,1
RA15_16-15_3,cell_108,1
RA15_16-15_3,cell_109,1
RA15_16-15_3,cell_110,1
RA15_16-15_3,cell_111,1
RA15_16-15_3,cell_112,1
RA15_16-15_3,cell_113,1
RA15_16-15_3,cell_114,1
RA15_16-15_3,cell_115,1
RA15_16-15_3,cell_119,1
RA15_16-15_3,cell_12,1
RA15_16-15_3,cell_123,1
RA15_16-15_3,cell_125,1
RA15_16-15_3,cell_126,1
RA15_16-15_3,cell_127,1
RA15_16-15_3,cell_128,1
RA15_16-15_3,cell_129,1
RA15_16-15_3,cell_131,1
RA15_16-15_3,cell_133,1
RA15_16-15_3,cell_134,1
RA15_16-15_3,cell_136,1
RA15_16-15_3,cell_137,1
RA15_16-15_3,cell_138,1
RA15_16-15_3,cell_139,1
RA15_16-15_3,cell_14,1
RA15_16-15_3,cell_140,1
RA15_16-15_3,cell_141,1
RA15_16-15_3,cell_143,1
RA15_16-15_3,cell_144,1
RA15_16-15_3,cell_145,1
RA15_16-15_3,cell_148,1
RA15_16-15_3,cell_149,1
RA15_16-15_3,cell_15,1
RA15_16-15_3,cell_150,1
RA15_16-15_3,cell_154,1
RA15_16-15_3,cell_155,1
RA15_16-15_3,cell_157,1
RA15_16-15_3,cell_159,1
RA15_16-15_3,cell_160,1
RA15_16-15_3,cell_161,1
RA15_16-15_3,cell_163,1
RA15_16-15_3,cell_164,1
RA15_16-15_3,cell_165,1
RA15_16-15_3,cell_166,1
RA15_16-15_3,cell_168,1
RA15_16-15_3,cell_169,1
RA15_16-15_3,cell_172,1
RA15_16-15_3,cell_173,1
RA15_16-15_3,cell_174,1
RA15_16-15_3,cell_175,1
RA15_16-15_3,cell_176,1
RA15_16-15_3,cell_177,1
RA15_16-15_3,cell_179,1
RA15_16-15_3,cell_18,1
RA15_16-15_3,cell_181,1
RA15_16-15_3,cell_182,1
RA15_16-15_3,cell_185,1
RA15_16-15_3,cell_186,1
RA15_16-15_3,cell_187,1
RA15_16-15_3,cell_19,1
RA15_16-15_3,cell_191,1
RA15_16-15_3,cell_193,1
RA15_16-15_3,cell_194,1
RA15_16-15_3,cell_196,1
RA15_16-15_3,cell_197,1
RA15_16-15_3,cell_199,1
RA15_16-15_3,cell_20,1
RA15_16-15_3,cell_201,1
RA15_16-15_3,cell_203,1
RA15_16-15_3,cell_204,1
RA15_16-15_3,cell_205,1
RA15_16-15_3,cell_206,1
RA15_16-15_3,cell_207,1
RA15_16-15_3,cell_208,1
RA15_16-15_3,cell_209,1
RA15_16-15_3,cell_212,1
RA15_16-15_3,cell_214,1
RA15_16-15_3,cell_215,1
RA15_16-15_3,cell_218,1
RA15_16-15_3,cell_219,1
RA15_16-15_3,cell_22,1
RA15_16-15_3,cell_220,1
RA15_16-15_3,cell_221,1
RA15_16-15_3,cell_222,1
RA15_16-15_3,cell_223,1
RA15_16-15_3,cell_224,1
RA15_16-15_3,cell_225,1
RA15_16-15_3,cell_226,1
RA15_16-15_3,cell_227,1
RA15_16-15_3,cell_228,1
RA15_16-15_3,cell_229,1
RA15_16-15_3,cell_230,1
RA15_16-15_3,cell_231,1
RA15_16-15_3,cell_232,1
RA15_16-15_3,cell_233,1
RA15_16-15_3,cell_234,1
RA15_16-15_3,cell_235,1
RA15_16-15_3,cell_236,1
RA15_16-15_3,cell_238,1
RA15_16-15_3,cell_242,1
RA15_16-15_3,cell_244,1
RA15_16-15_3,cell_247,1
RA15_16-15_3,cell_248,1
RA15_16-15_3,cell_249,1
RA15_16-15_3,cell_250,1
RA15_16-15_3,cell_251,1
RA15_16-15_3,cell_252,1
RA15_16-15_3,cell_253,1
RA15_16-15_3,cell_254,1
RA15_16-15_3,cell_255,1
RA15_16-15_3,cell_256,1
RA15_16-15_3,cell_257,1
RA15_16-15_3,cell_258,1
RA15_16-15_3,cell_259,1
RA15_16-15_3,cell_26,1
RA15_16-15_3,cell_260,1
RA15_16-15_3,cell_261,1
RA15_16-15_3,cell_263,1
RA15_16-15_3,cell_264,1
RA15_16-15_3,cell_266,1
RA15_16-15_3,cell_267,1
RA15_16-15_3,cell_268,1
RA15_16-15_3,cell_27,1
RA15_16-15_3,cell_270,1
RA15_16-15_3,cell_272,1
RA15_16-15_3,cell_273,1
RA15_16-15_3,cell_275,1
RA15_16-15_3,cell_276,1
RA15_16-15_3,cell_277,1
RA15_16-15_3,cell_278,1
RA15_16-15_3,cell_279,1
RA15_16-15_3,cell_28,1
RA15_16-15_3,cell_281,1
RA15_16-15_3,cell_282,1
RA15_16-15_3,cell_283,1
RA15_16-15_3,cell_285,1
RA15_16-15_3,cell_288,1
RA15_16-15_3,cell_289,1
RA15_16-15_3,cell_29,1
RA15_16-15_3,cell_291,1
RA15_16-15_3,cell_293,1
RA15_16-15_3,cell_294,1
RA15_16-15_3,cell_296,1
RA15_16-15_3,cell_297,1
RA15_16-15_3,cell_298,1
RA15_16-15_3,cell_299,1
RA15_16-15_3,cell_3,1
RA15_16-15_3,cell_302,1
RA15_16-15_3,cell_303,1
RA15_16-15_3,cell_304,1
RA15_16-15_3,cell_307,1
RA15_16-15_3,cell_308,1
RA15_16-15_3,cell_309,1
RA15_16-15_3,cell_31,1
RA15_16-15_3,cell_310,1
RA15_16-15_3,cell_311,1
RA15_16-15_3,cell_312,1
RA15_16-15_3,cell_313,1
RA15_16-15_3,cell_317,1
RA15_16-15_3,cell_318,1
RA15_16-15_3,cell_32,1
RA15_16-15_3,cell_320,1
RA15_16-15_3,cell_322,1
RA15_16-15_3,cell_325,1
RA15_16-15_3,cell_326,1
RA15_16-15_3,cell_327,1
RA15_16-15_3,cell_329,1
RA15_16-15_3,cell_33,1
RA15_16-15_3,cell_336,1
RA15_16-15_3,cell_338,1
RA15_16-15_3,cell_340,1
RA15_16-15_3,cell_341,1
RA15_16-15_3,cell_342,1
RA15_16-15_3,cell_343,1
RA15_16-15_3,cell_344,1
RA15_16-15_3,cell_345,1
RA15_16-15_3,cell_347,1
RA15_16-15_3,cell_349,1
RA15_16-15_3,cell_35,1
RA15_16-15_3,cell_351,1
RA15_16-15_3,cell_352,1
RA15_16-15_3,cell_353,1
RA15_16-15_3,cell_354,1
RA15_16-15_3,cell_358,1
RA15_16-15_3,cell_359,1
RA15_16-15_3,cell_360,1
RA15_16-15_3,cell_361,1
RA15_16-15_3,cell_362,1
RA15_16-15_3,cell_363,1
RA15_16-15_3,cell_365,1
RA15_16-15_3,cell_366,1
RA15_16-15_3,cell_367,1
RA15_16-15_3,cell_368,1
RA15_16-15_3,cell_369,1
RA15_16-15_3,cell_37,1
RA15_16-15_3,cell_370,1
RA15_16-15_3,cell_371,1
RA15_16-15_3,cell_372,1
RA15_16-15_3,cell_374,1
RA15_16-15_3,cell_375,1
RA15_16-15_3,cell_376,1
RA15_16-15_3,cell_377,1
RA15_16-15_3,cell_378,1
RA15_16-15_3,cell_379,1
RA15_16-15_3,cell_38,1
RA15_16-15_3,cell_380,1
RA15_16-15_3,cell_382,1
RA15_16-15_3,cell_383,1
RA15_16-15_3,cell_385,1
RA15_16-15_3,cell_386,1
RA15_16-15_3,cell_388,1
RA15_16-15_3,cell_389,1
RA15_16-15_3,cell_390,1
RA15_16-15_3,cell_392,1
RA15_16-15_3,cell_393,1
RA15_16-15_3,cell_394,1
RA15_16-15_3,cell_395,1
RA15_16-15_3,cell_397,1
RA15_16-15_3,cell_398,1
RA15_16-15_3,cell_4,1
RA15_16-15_3,cell_40,1
RA15_16-15_3,cell_400,1
RA15_16-15_3,cell_401,1
RA15_16-15_3,cell_403,1
RA15_16-15_3,cell_405,1
RA15_16-15_3,cell_406,1
RA15_16-15_3,cell_407,1
RA15_16-15_3,cell_409,1
RA15_16-15_3,cell_41,1
RA15_16-15_3,cell_411,1
RA15_16-15_3,cell_412,1
RA15_16-15_3,cell_413,1
RA15_16-15_3,cell_414,1
RA15_16-15_3,cell_415,1
RA15_16-15_3,cell_416,1
RA15_16-15_3,cell_419,1
RA15_16-15_3,cell_420,1
RA15_16-15_3,cell_421,1
RA15_16-15_3,cell_422,1
RA15_16-15_3,cell_423,1
RA15_16-15_3,cell_424,1
RA15_16-15_3,cell_425,1
RA15_16-15_3,cell_426,1
RA15_16-15_3,cell_427,1
RA15_16-15_3,cell_429,1
RA15_16-15_3,cell_43,1
RA15_16-15_3,cell_430,1
RA15_16-15_3,cell_432,1
RA15_16-15_3,cell_433,1
RA15_16-15_3,cell_435,1
RA15_16-15_3,cell_436,1
RA15_16-15_3,cell_437,1
RA15_16-15_3,cell_439,1
RA15_16-15_3,cell_44,1
RA15_16-15_3,cell_440,1
RA15_16-15_3,cell_441,1
RA15_16-15_3,cell_442,1
RA15_16-15_3,cell_443,1
RA15_16-15_3,cell_444,1
RA15_16-15_3,cell_445,1
RA15_16-15_3,cell_446,1
RA15_16-15_3,cell_447,1
RA15_16-15_3,cell_448,1
RA15_16-15_3,cell_45,1
RA15_16-15_3,cell_450,1
RA15_16-15_3,cell_451,1
RA15_16-15_3,cell_455,1
RA15_16-15_3,cell_456,1
RA15_16-15_3,cell_457,1
RA15_16-15_3,cell_459,1
RA15_16-15_3,cell_46,1
RA15_16-15_3,cell_461,1
RA15_16-15_3,cell_463,1
RA15_16-15_3,cell_464,1
RA15_16-15_3,cell_465,1
RA15_16-15_3,cell_466,1
RA15_16-15_3,cell_467,1
RA15_16-15_3,cell_468,1
RA15_16-15_3,cell_469,1
RA15_16-15_3,cell_47,1
RA15_16-15_3,cell_471,1
RA15_16-15_3,cell_473,1
RA15_16-15_3,cell_474,1
RA15_16-15_3,cell_477,1
RA15_16-15_3,cell_479,1
RA15_16-15_3,cell_48,1
RA15_16-15_3,cell_480,1
RA15_16-15_3,cell_481,1
RA15_16-15_3,cell_483,1
RA15_16-15_3,cell_484,1
RA15_16-15_3,cell_485,1
RA15_16-15_3,cell_487,1
RA15_16-15_3,cell_489,1
RA15_16-15_3,cell_49,1
RA15_16-15_3,cell_490,1
RA15_16-15_3,cell_493,1
RA15_16-15_3,cell_497,1
RA15_16-15_3,cell_498,1
RA15_16-15_3,cell_50,1
RA15_16-15_3,cell_500,1
RA15_16-15_3,cell_502,1
RA15_16-15_3,cell_503,1
RA15_16-15_3,cell_504,1
RA15_16-15_3,cell_505,1
RA15_16-15_3,cell_508,1
RA15_16-15_3,cell_509,1
RA15_16-15_3,cell_51,1
RA15_16-15_3,cell_511,1
RA15_16-15_3,cell_512,1
RA15_16-15_3,cell_513,1
RA15_16-15_3,cell_514,1
RA15_16-15_3,cell_515,1
RA15_16-15_3,cell_516,1
RA15_16-15_3,cell_517,1
RA15_16-15_3,cell_519,1
RA15_16-15_3,cell_520,1
RA15_16-15_3,cell_521,1
RA15_16-15_3,cell_522,1
RA15_16-15_3,cell_523,1
RA15_16-15_3,cell_524,1
RA15_16-15_3,cell_527,1
RA15_16-15_3,cell_528,1
RA15_16-15_3,cell_529,1
RA15_16-15_3,cell_53,1
RA15_16-15_3,cell_530,1
RA15_16-15_3,cell_531,1
RA15_16-15_3,cell_537,1
RA15_16-15_3,cell_538,1
RA15_16-15_3,cell_540,1
RA15_16-15_3,cell_541,1
RA15_16-15_3,cell_545,1
RA15_16-15_3,cell_546,1
RA15_16-15_3,cell_547,1
RA15_16-15_3,cell_548,1
RA15_16-15_3,cell_55,1
RA15_16-15_3,cell_550,1
RA15_16-15_3,cell_552,1
RA15_16-15_3,cell_554,1
RA15_16-15_3,cell_555,1
RA15_16-15_3,cell_557,1
RA15_16-15_3,cell_558,1
RA15_16-15_3,cell_56,1
RA15_16-15_3,cell_560,1
RA15_16-15_3,cell_561,1
RA15_16-15_3,cell_562,1
RA15_16-15_3,cell_563,1
RA15_16-15_3,cell_564,1
RA15_16-15_3,cell_566,1
RA15_16-15_3,cell_567,1
RA15_16-15_3,cell_568,1
RA15_16-15_3,cell_569,1
RA15_16-15_3,cell_571,1
RA15_16-15_3,cell_572,1
RA15_16-15_3,cell_573,1
RA15_16-15_3,cell_574,1
RA15_16-15_3,cell_575,1
RA15_16-15_3,cell_576,1
RA15_16-15_3,cell_577,1
RA15_16-15_3,cell_578,1
RA15_16-15_3,cell_579,1
RA15_16-15_3,cell_581,1
RA15_16-15_3,cell_582,1
RA15_16-15_3,cell_584,1
RA15_16-15_3,cell_585,1
RA15_16-15_3,cell_586,1
RA15_16-15_3,cell_588,1
RA15_16-15_3,cell_589,1
RA15_16-15_3,cell_591,1
RA15_16-15_3,cell_592,1
RA15_16-15_3,cell_593,1
RA15_16-15_3,cell_595,1
RA15_16-15_3,cell_598,1
RA15_16-15_3,cell_6,1
RA15_16-15_3,cell_60,1
RA15_16-15_3,cell_601,1
RA15_16-15_3,cell_602,1
RA15_16-15_3,cell_604,1
RA15_16-15_3,cell_605,1
RA15_16-15_3,cell_606,1
RA15_16-15_3,cell_608,1
RA15_16-15_3,cell_609,1
RA15_16-15_3,cell_61,1
RA15_16-15_3,cell_612,1
RA15_16-15_3,cell_613,1
RA15_16-15_3,cell_614,1
RA15_16-15_3,cell_615,1
RA15_16-15_3,cell_617,1
RA15_16-15_3,cell_619,1
RA15_16-15_3,cell_620,1
RA15_16-15_3,cell_621,1
RA15_16-15_3,cell_625,1
RA15_16-15_3,cell_626,1
RA15_16-15_3,cell_628,1
RA15_16-15_3,cell_629,1
RA15_16-15_3,cell_63,1
RA15_16-15_3,cell_632,1
RA15_16-15_3,cell_633,1
RA15_16-15_3,cell_634,1
RA15_16-15_3,cell_635,1
RA15_16-15_3,cell_637,1
RA15_16-15_3,cell_638,1
RA15_16-15_3,cell_639,1
RA15_16-15_3,cell_64,1
RA15_16-15_3,cell_640,1
RA15_16-15_3,cell_641,1
RA15_16-15_3,cell_642,1
RA15_16-15_3,cell_645,1
RA15_16-15_3,cell_646,1
RA15_16-15_3,cell_647,1
RA15_16-15_3,cell_648,1
RA15_16-15_3,cell_649,1
RA15_16-15_3,cell_65,1
RA15_16-15_3,cell_651,1
RA15_16-15_3,cell_652,1
RA15_16-15_3,cell_653,1
RA15_16-15_3,cell_655,1
RA15_16-15_3,cell_660,1
RA15_16-15_3,cell_661,1
RA15_16-15_3,cell_662,1
RA15_16-15_3,cell_663,1
RA15_16-15_3,cell_664,1
RA15_16-15_3,cell_666,1
RA15_16-15_3,cell_667,1
RA15_16-15_3,cell_668,1
RA15_16-15_3,cell_669,1
RA15_16-15_3,cell_67,1
RA15_16-15_3,cell_670,1
RA15_16-15_3,cell_671,1
RA15_16-15_3,cell_672,1
RA15_16-15_3,cell_673,1
RA15_16-15_3,cell_674,1
RA15_16-15_3,cell_675,1
RA15_16-15_3,cell_678,1
RA15_16-15_3,cell_679,1
RA15_16-15_3,cell_68,1
RA15_16-15_3,cell_680,1
RA15_16-15_3,cell_683,1
RA15_16-15_3,cell_684,1
RA15_16-15_3,cell_685,1
RA15_16-15_3,cell_686,1
RA15_16-15_3,cell_687,1
RA15_16-15_3,cell_688,1
RA15_16-15_3,cell_689,1
RA15_16-15_3,cell_69,1
RA15_16-15_3,cell_691,1
RA15_16-15_3,cell_694,1
RA15_16-15_3,cell_695,1
RA15_16-15_3,cell_699,1
RA15_16-15_3,cell_7,1
RA15_16-15_3,cell_70,1
RA15_16-15_3,cell_700,1
RA15_16-15_3,cell_701,1
RA15_16-15_3,cell_702,1
RA15_16-15_3,cell_703,1
RA15_16-15_3,cell_704,1
RA15_16-15_3,cell_706,1
RA15_16-15_3,cell_707,1
RA15_16-15_3,cell_708,1
RA15_16-15_3,cell_71,1
RA15_16-15_3,cell_710,1
RA15_16-15_3,cell_711,1
RA15_16-15_3,cell_713,1
RA15_16-15_3,cell_714,1
RA15_16-15_3,cell_716,1
RA15_16-15_3,cell_717,1
RA15_16-15_3,cell_718,1
RA15_16-15_3,cell_719,1
RA15_16-15_3,cell_72,1
RA15_16-15_3,cell_720,1
RA15_16-15_3,cell_722,1
RA15_16-15_3,cell_723,1
RA15_16-15_3,cell_725,1
RA15_16-15_3,cell_727,1
RA15_16-15_3,cell_73,1
RA15_16-15_3,cell_730,1
RA15_16-15_3,cell_731,1
RA15_16-15_3,cell_735,1
RA15_16-15_3,cell_736,1
RA15_16-15_3,cell_738,1
RA15_16-15_3,cell_739,1
RA15_16-15_3,cell_740,1
RA15_16-15_3,cell_741,1
RA15_16-15_3,cell_742,1
RA15_16-15_3,cell_743,1
RA15_16-15_3,cell_744,1
RA15_16-15_3,cell_745,1
RA15_16-15_3,cell_746,1
RA15_16-15_3,cell_747,1
RA15_16-15_3,cell_748,1
RA15_16-15_3,cell_750,1
RA15_16-15_3,cell_752,1
RA15_16-15_3,cell_753,1
RA15_16-15_3,cell_754,1
RA15_16-15_3,cell_755,1
RA15_16-15_3,cell_757,1
RA15_16-15_3,cell_760,1
RA15_16-15_3,cell_761,1
RA15_16-15_3,cell_763,1
RA15_16-15_3,cell_764,1
RA15_16-15_3,cell_766,1
RA15_16-15_3,cell_767,1
RA15_16-15_3,cell_768,1
RA15_16-15_3,cell_769,1
RA15_16-15_3,cell_771,1
RA15_16-15_3,cell_772,1
RA15_16-15_3,cell_773,1
RA15_16-15_3,cell_774,1
RA15_16-15_3,cell_776,1
RA15_16-15_3,cell_777,1
RA15_16-15_3,cell_779,1
RA15_16-15_3,cell_78,1
RA15_16-15_3,cell_780,1
RA15_16-15_3,cell_781,1
RA15_16-15_3,cell_783,1
RA15_16-15_3,cell_784,1
RA15_16-15_3,cell_785,1
RA15_16-15_3,cell_79,1
RA15_16-15_3,cell_790,1
RA15_16-15_3,cell_792,1
RA15_16-15_3,cell_794,1
RA15_16-15_3,cell_796,1
RA15_16-15_3,cell_797,1
RA15_16-15_3,cell_799,1
RA15_16-15_3,cell_8,1
RA15_16-15_3,cell_801,1
RA15_16-15_3,cell_802,1
RA15_16-15_3,cell_803,1
RA15_16-15_3,cell_804,1
RA15_16-15_3,cell_805,1
RA15_16-15_3,cell_806,1
RA15_16-15_3,cell_807,1
RA15_16-15_3,cell_808,1
RA15_16-15_3,cell_809,1
RA15_16-15_3,cell_81,1
RA15_16-15_3,cell_810,1
RA15_16-15_3,cell_811,1
RA15_16-15_3,cell_815,1
RA15_16-15_3,cell_817,1
RA15_16-15_3,cell_818,1
RA15_16-15_3,cell_82,1
RA15_16-15_3,cell_824,1
RA15_16-15_3,cell_825,1
RA15_16-15_3,cell_828,1
RA15_16-15_3,cell_829,1
RA15_16-15_3,cell_83,1
RA15_16-15_3,cell_830,1
RA15_16-15_3,cell_832,1
RA15_16-15_3,cell_833,1
RA15_16-15_3,cell_834,1
RA15_16-15_3,cell_836,1
RA15_16-15_3,cell_837,1
RA15_16-15_3,cell_839,1
RA15_16-15_3,cell_84,1
RA15_16-15_3,cell_840,1
RA15_16-15_3,cell_842,1
RA15_16-15_3,cell_843,1
RA15_16-15_3,cell_846,1
RA15_16-15_3,cell_847,1
RA15_16-15_3,cell_848,1
RA15_16-15_3,cell_849,1
RA15_16-15_3,cell_85,1
RA15_16-15_3,cell_851,1
RA15_16-15_3,cell_852,1
RA15_16-15_3,cell_853,1
RA15_16-15_3,cell_854,1
RA15_16-15_3,cell_855,1
RA15_16-15_3,cell_857,1
RA15_16-15_3,cell_859,1
RA15_16-15_3,cell_86,1
RA15_16-15_3,cell_860,1
RA15_16-15_3,cell_861,1
RA15_16-15_3,cell_863,1
RA15_16-15_3,cell_864,1
RA15_16-15_3,cell_865,1
RA15_16-15_3,cell_866,1
RA15_16-15_3,cell_867,1
RA15_16-15_3,cell_868,1
RA15_16-15_3,cell_870,1
RA15_16-15_3,cell_875,1
RA15_16-15_3,cell_876,1
RA15_16-15_3,cell_877,1
RA15_16-15_3,cell_878,1
RA15_16-15_3,cell_879,1
RA15_16-15_3,cell_88,1
RA15_16-15_3,cell_880,1
RA15_16-15_3,cell_881,1
RA15_16-15_3,cell_882,1
RA15_16-15_3,cell_883,1
RA15_16-15_3,cell_884,1
RA15_16-15_3,cell_885,1
RA15_16-15_3,cell_886,1
RA15_16-15_3,cell_887,1
RA15_16-15_3,cell_888,1
RA15_16-15_3,cell_889,1
RA15_16-15_3,cell_89,1
RA15_16-15_3,cell_891,1
RA15_16-15_3,cell_893,1
RA15_16-15_3,cell_895,1
RA15_16-15_3,cell_896,1
RA15_16-15_3,cell_897,1
RA15_16-15_3,cell_898,1
RA15_16-15_3,cell_899,1
RA15_16-15_3,cell_9,1
RA15_16-15_3,cell_90,1
RA15_16-15_3,cell_901,1
RA15_16-15_3,cell_904,1
RA15_16-15_3,cell_905,1
RA15_16-15_3,cell_907,1
RA15_16-15_3,cell_908,1
RA15_16-15_3,cell_909,1
RA15_16-15_3,cell_91,1
RA15_16-15_3,cell_910,1
RA15_16-15_3,cell_911,1
RA15_16-15_3,cell_913,1
RA15_16-15_3,cell_914,1
RA15_16-15_3,cell_915,1
RA15_16-15_3,cell_916,1
RA15_16-15_3,cell_917,1
RA15_16-15_3,cell_918,1
RA15_16-15_3,cell_92,1
RA15_16-15_3,cell_920,1
RA15_16-15_3,cell_921,1
RA15_16-15_3,cell_922,1
RA15_16-15_3,cell_923,1
RA15_16-15_3,cell_924,1
RA15_16-15_3,cell_925,1
RA15_16-15_3,cell_926,1
RA15_16-15_3,cell_927,1
RA15_16-15_3,cell_929,1
RA15_16-15_3,cell_93,1
RA15_16-15_3,cell_930,1
RA15_16-15_3,cell_932,1
RA15_16-15_3,cell_933,1
RA15_16-15_3,cell_934,1
RA15_16-15_3,cell_935,1
RA15_16-15_3,cell_936,1
RA15_16-15_3,cell_938,1
RA15_16-15_3,cell_939,1
RA15_16-15_3,cell_941,1
RA15_16-15_3,cell_942,1
RA15_16-15_3,cell_943,1
RA15_16-15_3,cell_945,1
RA15_16-15_3,cell_946,1
RA15_16-15_3,cell_947,1
RA15_16-15_3,cell_948,1
RA15_16-15_3,cell_95,1
RA15_16-15_3,cell_950,1
RA15_16-15_3,cell_951,1
RA15_16-15_3,cell_952,1
RA15_16-15_3,cell_953,1
RA15_16-15_3,cell_954,1
RA15_16-15_3,cell_955,1
RA15_16-15_3,cell_959,1
RA15_16-15_3,cell_961,1
RA15_16-15_3,cell_962,1
RA15_16-15_3,cell_963,1
RA15_16-15_3,cell_965,1
RA15_16-15_3,cell_966,1
RA15_16-15_3,cell_967,1
RA15_16-15_3,cell_969,1
RA15_16-15_3,cell_970,1
RA15_16-15_3,cell_972,1
RA15_16-15_3,cell_974,1
RA15_16-15_3,cell_975,1
RA15_16-15_3,cell_976,1
RA15_16-15_3,cell_977,1
RA15_16-15_3,cell_978,1
RA15_16-15_3,cell_979,1
RA15_16-15_3,cell_981,1
RA15_16-15_3,cell_982,1
RA15_16-15_3,cell_983,1
RA15_16-15_3,cell_985,1
RA15_16-15_3,cell_987,1
RA15_16-15_3,cell_988,1
RA15_16-15_3,cell_989,1
RA15_16-15_3,cell_99,1
RA15_16-15_3,cell_991,1
RA15_16-15_3,cell_992,1
RA15_16-15_3,cell_993,1
RA15_16-15_3,cell_994,1
RA15_16-15_3,cell_995,1
RA15_16-15_3,cell_997,1
RA15_16-15_3,cell_998,1
RA15_16-15_3,cell_999,1
RA15_16-21_9,cell_103,1
RA15_16-21_9,cell_260,1
RA15_16-32_4,cell_167,1
RA15_16-32_4,cell_187,1
RA15_16-32_4,cell_188,1
RA15_16-32_4,cell_195,1
RA15_16-32_4,cell_213,1
RA15_16-32_4,cell_225,1
RA15_16-32_4,cell_229,1
RA15_16-32_4,cell_239,1
RA15_16-32_4,cell_246,1
RA15_16-32_4,cell_283,1
RA15_16-32_4,cell_294,1
RA15_16-32_4,cell_30,1
RA15_16-32_4,cell_317,1
RA15_16-32_4,cell_319,1
RA15_16-32_4,cell_351,1
RA15_16-32_4,cell_356,1
RA15_16-32_4,cell_365,1
RA15_16-32_4,cell_378,1
RA15_16-32_4,cell_454,1
RA15_16-32_4,cell_457,1
RA15_16-32_4,cell_485,1
RA15_16-32_4,cell_492,1
RA15_16-32_4,cell_497,1
RA15_16-32_4,cell_505,1
RA15_16-32_4,cell_52,1
RA15_16-32_4,cell_520,1
RA15_16-32_4,cell_522,1
RA15_16-32_4,cell_590,1
RA15_16-32_4,cell_591,1
RA15_16-32_4,cell_594,1
RA15_16-32_4,cell_91,1
