condensed_format,patient_name,sample_name,gene_name,snv_class,HGVSp,total_num_cells,mut_filtered_num_cells,mut_filtered_sc_freq,mut_unfiltered_num_cells,mut_unfiltered_sc_freq,mean_sc_AF_in_mut_filtered,median_sc_AF_in_mut_filtered,driver_snv,num_cancer_sc,num_cancer_sc_w_var,CCF,bulk_tumor_fillout_VAF,bulk_normal_VAF
chr13:32907415:T/A,M04,M04,BRCA2,stop_gained,p.Tyr600Ter,2801,1041.0,0.37165298107818634,1148.0,0.40985362370581935,60.689747850472806,60.13448607108549,chr13:32907415:T/A,1041,1041,1.0,0.1712962962962963,0.0105263157894736
chr8:38314915:G/T,M04,M04,FGFR1,missense_variant,p.Thr17Lys,2801,808.0,0.2884684041413781,1001.0,0.3573723670117815,95.68487441345044,100.0,chr13:32907415:T/A,1041,606,0.5821325648414986,0.1641791044776119,
chr1:27105512:A/AG,M04,M04,ARID1A,splice_site_variant,,2801,304.0,0.1085326669046769,335.0,0.11960014280614066,89.45448984149216,99.67608337332304,chr13:32907415:T/A,1041,212,0.20365033621517772,,
chr3:30715617:G/T,M04,M04,TGFBR2,missense_variant,p.Met425Ile,2801,156.0,0.05569439485897894,585.0,0.208853980721171,76.09876315234928,94.000999000999,chr13:32907415:T/A,1041,111,0.10662824207492795,0.0872727272727272,
chr3:30715619:C/G,M04,M04,TGFBR2,missense_variant,p.Ala426Gly,2801,155.0,0.05533737950731882,221.0,0.07890039271688683,87.91610138780976,100.0,chr13:32907415:T/A,1041,110,0.10566762728146013,0.0872727272727272,
chr3:30713659:CGCCAAGG/C,M04,M04,TGFBR2,frameshift_truncation,p.Lys330ThrfsTer6,2801,113.0,0.04034273473759371,114.0,0.04069975008925384,91.74413504799195,99.43019943019942,chr13:32907415:T/A,1041,83,0.07973102785782901,0.1013071895424836,
chr11:71943807:A/T,M04,M04,INPPL1,missense_variant,p.Gln617Leu,2801,58.0,0.02070689039628704,391.0,0.13959300249910747,66.06163391568012,69.67741935483872,chr13:32907415:T/A,1041,40,0.03842459173871278,,
chr3:178936082:G/C,M04,M04,PIK3CA,missense_variant,p.Glu542Gln,2801,56.0,0.019992859692966797,86.0,0.03070332024277044,50.31032547019902,49.62873100164805,chr13:32907415:T/A,1041,39,0.037463976945244955,,
chr15:67482870:C/T,M04,M04,SMAD3,missense_variant,p.Ser425Phe,2801,19.0,0.006783291681542306,50.0,0.01785076758300607,68.03180907377117,77.06422018348624,chr13:32907415:T/A,1041,14,0.013448607108549471,,
chr17:7577556:C/T,M07,M07,TP53,missense_variant,p.Cys242Tyr,3993,1435.0,0.35937891309792136,1850.0,0.4633107938893063,84.84642335804236,99.78165938864629,chr12:25398284:C/T,1009,946,0.9375619425173439,,0.0327868852459016
chr12:25398284:C/T,M07,M07,KRAS,missense_variant,p.Gly12Asp,3993,1009.0,0.25269221136989733,1292.0,0.32356624092161285,60.922789786885346,58.71212121212122,chr12:25398284:C/T,1009,1009,1.0,0.2124352331606217,
chr17:12016559:C/T,M11,M11,MAP2K4,missense_variant,p.Pro232Leu,6294,2699.0,0.428821099459803,2959.0,0.47013028280902447,44.4539598972447,50.0,chr12:25398284:C/A,1962,1576,0.8032619775739042,0.2222222222222222,
chr17:7578437:G/A,M11,M11,TP53,stop_gained,p.Gln165Ter,6294,2621.0,0.41642834445503657,3301.0,0.5244677470606928,81.54250806048985,95.8904109589041,chr12:25398284:C/A,1962,1564,0.7971457696228338,0.2289803220035778,
chr15:67473722:C/T,M11,M11,SMAD3,missense_variant,p.Arg268Cys,6294,2114.0,0.33587543692405464,2898.0,0.4604385128693994,54.35455681474974,52.0,chr12:25398284:C/A,1962,1336,0.6809378185524975,0.2089041095890411,
chr12:25398284:C/A,M11,M11,KRAS,missense_variant,p.Gly12Val,6294,1962.0,0.3117254528122021,2968.0,0.4715602160788052,53.44990074502541,50.0,chr12:25398284:C/A,1962,1962,1.0,0.135593220338983,
chr18:48581196:AG/A,M11,M11,SMAD4,frameshift_truncation,p.Gly168AspfsTer34,6294,1831.0,0.2909119796631713,2601.0,0.4132507149666349,83.17819478303474,98.68421052631578,chr12:25398284:C/A,1962,1205,0.6141692150866462,0.2678571428571428,
chr15:28422129:A/C,M11,M11,HERC2,missense_variant,p.His3133Gln,6294,103.0,0.01636479186526851,1974.0,0.3136320305052431,26.85376348525664,25.0,chr12:25398284:C/A,1962,33,0.016819571865443424,,
chrX:70356195:C/T,M11,M11,MED12,missense_variant,p.Ser1697Leu,6294,51.0,0.008102955195424213,1101.0,0.17492850333651097,39.55969409086283,33.587786259541986,chr12:25398284:C/A,1962,16,0.00815494393476045,,
chr18:48604701:G/A,M12,M12,SMAD4,missense_variant,p.Gly508Asp,6340,1377.0,0.21719242902208202,1592.0,0.25110410094637226,74.26502276725671,90.9090909090909,chr12:25398284:C/T,1109,959,0.8647430117222723,0.2960893854748603,
chr12:25398284:C/T,M12,M12,KRAS,missense_variant,p.Gly12Asp,6340,1109.0,0.1749211356466877,1454.0,0.22933753943217666,60.92923352764282,60.86956521739131,chr12:25398284:C/T,1109,1109,1.0,0.3823529411764705,
chr17:56448321:A/G,M12,M12,RNF43,missense_variant,p.Leu109Pro,6340,826.0,0.1302839116719243,1304.0,0.2056782334384858,55.15131112348255,52.086956521739125,chr12:25398284:C/T,1109,657,0.5924256086564472,0.2297734627831715,
chr2:25463236:A/C,M12,M12,DNMT3A,missense_variant,p.Trp753Gly,6340,79.0,0.012460567823343848,209.0,0.032965299684542586,45.19055297457763,37.5,chr12:25398284:C/T,1109,4,0.0036068530207394047,,
chr1:11308054:A/G,M12,M12,MTOR,missense_variant,p.Ile313Thr,6340,76.0,0.011987381703470032,633.0,0.09984227129337539,39.52145958896486,34.52380952380952,chr12:25398284:C/T,1109,18,0.016230838593327322,,
chr19:36222968:A/C,M12,M12,KMT2B,missense_variant,p.Lys1866Thr,6340,57.0,0.008990536277602523,1957.0,0.3086750788643533,26.580560421449878,25.0,chr12:25398284:C/T,1109,6,0.005410279531109108,,
chr17:7578231:CA/C,M13,M13,TP53,frameshift_truncation,p.Leu206TrpfsTer41,3529,1913.0,0.5420799093227543,1925.0,0.5454803060357042,82.26730314378234,98.63945578231292,chr12:25398284:C/T,1361,1235,0.9074210139603233,,
chr12:25398284:C/T,M13,M13,KRAS,missense_variant,p.Gly12Asp,3529,1361.0,0.38566166052706147,1829.0,0.5182771323321054,84.41377031952442,100.0,chr12:25398284:C/T,1361,1361,1.0,,
chr12:49440207:C/A,M13,M13,KMT2D,missense_variant,p.Trp1473Cys,3529,1356.0,0.38424482856333236,1625.0,0.46047038821195807,55.14246756422744,51.81824860417279,chr12:25398284:C/T,1361,882,0.6480529022777369,0.1533018867924528,
chr1:27099479:G/A,M13,M13,ARID1A,splice_site_variant,,3529,720.0,0.20402380277699064,1668.0,0.4726551431000283,84.3569312249358,100.0,chr12:25398284:C/T,1361,489,0.35929463629684055,0.3116883116883117,
chr20:46279857:GCAGCAGCAA/G,M13,M13,NCOA3,inframe_deletion,p.Gln1274_Gln1276del,3529,93.0,0.026353074525361293,177.0,0.0501558515160102,43.9908904738816,37.2093023255814,chr12:25398284:C/T,1361,29,0.0213078618662748,,
chr17:7578524:G/C,RA15_06,RA15_06,TP53,missense_variant,p.Gln136Glu,4977,2378.0,0.4777978702029335,3188.0,0.6405465139642355,93.97441921751444,100.0,chr12:25398284:C/A,1790,1223,0.6832402234636872,0.3333333333333333,
chr1:27106312:GAT/G,RA15_06,RA15_06,ARID1A,frameshift_truncation,p.Asp1975ValfsTer23,4977,2358.0,0.47377938517179025,2690.0,0.5404862366887684,65.28436387152199,66.66666666666666,chr12:25398284:C/A,1790,1177,0.6575418994413408,0.5161290322580645,
chr12:25398284:C/A,RA15_06,RA15_06,KRAS,missense_variant,p.Gly12Val,4977,1790.0,0.3596544102873217,2587.0,0.5197910387783805,57.40551364812511,53.84615384615385,chr12:25398284:C/A,1790,1790,1.0,0.3676470588235294,
chr18:48593507:C/T,RA15_06,RA15_06,SMAD4,missense_variant,p.Arg420Cys,4977,1299.0,0.26100060277275466,2479.0,0.49809121961020697,94.48536104792394,100.0,chr12:25398284:C/A,1790,685,0.38268156424581007,0.5666666666666667,
chr13:28883017:A/G,RA15_06,RA15_06,FLT1,missense_variant,p.Phe1228Ser,4977,14.0,0.0028129395218002813,87.0,0.017480409885473176,38.6586100308201,32.291666666666664,chr12:25398284:C/A,1790,3,0.0016759776536312849,,
chr8:128752924:C/G,RA15_06,RA15_06,MYC,missense_variant,p.Ser362Cys,4977,9.0,0.0018083182640144665,101.0,0.020293349407273457,31.56030041899607,27.27272727272727,chr12:25398284:C/A,1790,2,0.0011173184357541898,,
chr2:25457221:A/G,RA15_06,RA15_06,DNMT3A,missense_variant,p.Leu889Pro,4977,8.0,0.0016073940124573037,36.0,0.007233273056057866,37.34892224466252,29.018691588785046,chr12:25398284:C/A,1790,1,0.0005586592178770949,,
chr19:47425311:T/C,RA15_06,RA15_06,ARHGAP35,missense_variant,p.Ser1127Pro,4977,7.0,0.0014064697609001407,408.0,0.08197709463532249,34.35250232363808,23.809523809523807,chr12:25398284:C/A,1790,1,0.0005586592178770949,,
chr12:25380275:T/G,RA15_16,RA15_16,KRAS,missense_variant,p.Gln61His,2868,2162.0,0.7538354253835425,2286.0,0.797071129707113,77.62195009429973,80.03067484662577,chr12:25380275:T/G,2162,2162,1.0,0.8115942028985508,
chr19:50902700:A/G,RA15_16,RA15_16,POLD1,missense_variant,p.Glu92Gly,2868,1797.0,0.6265690376569037,1938.0,0.6757322175732218,52.262778857654695,49.00662251655629,chr12:25380275:T/G,2162,1773,0.8200740055504163,0.4020618556701031,
chr1:27057923:A/G,RA15_16,RA15_16,ARID1A,missense_variant,p.His544Arg,2868,501.0,0.17468619246861924,1130.0,0.39400278940027894,27.73603619121406,26.666666666666668,chr12:25380275:T/G,2162,407,0.18825161887141537,,
chr12:25398284:C/A,RA16_08,RA16_08,KRAS,missense_variant,p.Gly12Val,7822,2433.0,0.31104576834569164,3350.0,0.4282792124776272,63.753169465214214,63.1578947368421,chr12:25398284:C/A,2433,2433,1.0,0.2990654205607476,
chr2:25457242:C/T,RA16_08,RA16_08,DNMT3A,missense_variant,p.Arg882His,7822,1021.0,0.13052927639989773,1332.0,0.17028892866274611,57.25814833282708,54.83870967741935,chr12:25398284:C/A,2433,134,0.05507603781339909,,
chr12:46245592:C/G,RA16_29,RA16_29,ARID2,stop_gained,p.Ser1229Ter,10025,7711.0,0.7691770573566085,8111.0,0.8090773067331671,67.17254044708449,68.62745098039215,chr12:25398285:C/T,6357,6210,0.976875884851345,0.6540880503144654,
chr17:7577547:C/T,RA16_29,RA16_29,TP53,missense_variant,p.Gly245Asp,10025,7316.0,0.7297755610972568,7962.0,0.794214463840399,97.43422901268234,100.0,chr12:25398285:C/T,6357,5911,0.929841120025169,0.8860759493670886,
chr12:25398284:C/A,RA16_29,RA16_29,KRAS,missense_variant,p.Gly12Val,10025,6357.0,0.6341147132169576,7588.0,0.7569077306733167,71.28768233795228,74.56896551724138,chr12:25398285:C/T,6357,6349,0.9987415447538147,,
chr12:25398285:C/T,RA16_29,RA16_29,KRAS,missense_variant,p.Gly12Ser,10025,6357.0,0.6341147132169576,7435.0,0.741645885286783,70.96061880089755,73.91304347826086,chr12:25398285:C/T,6357,6357,1.0,,
chr3:41266124:A/G,RA16_29,RA16_29,CTNNB1,missense_variant,p.Thr41Ala,10025,6200.0,0.6184538653366584,6553.0,0.6536658354114713,52.54104604339902,48.998746867167924,chr12:25398285:C/T,6357,5033,0.7917256567563316,0.5301204819277109,
chr12:46243885:C/G,RA16_29,RA16_29,ARID2,stop_gained,p.Ser660Ter,10025,5120.0,0.5107231920199501,5398.0,0.5384538653366584,42.898629715958506,38.70967741935484,chr12:25398285:C/T,6357,4128,0.6493629070316187,0.3551401869158878,
chr20:46279863:GCAA/G,RA16_29,RA16_29,NCOA3,inframe_deletion,p.Gln1276del,10025,268.0,0.026733167082294264,552.0,0.05506234413965087,30.991644526962496,27.27272727272727,chr12:25398285:C/T,6357,146,0.022966808242881862,,
chr7:154760540:TTGC/T,RA16_29,RA16_29,PAXIP1,inframe_deletion,p.Gln457del,10025,124.0,0.012369077306733168,558.0,0.05566084788029925,31.63841523374365,27.27272727272727,chr12:25398285:C/T,6357,81,0.012741859367626238,,
chr2:128050388:G/A,RA16_29,RA16_29,ERCC3,missense_variant,p.Ser90Phe,10025,123.0,0.012269326683291771,1544.0,0.1540149625935162,31.603917722839025,27.27272727272727,chr12:25398285:C/T,6357,71,0.011168790309894604,,
chr7:151962258:G/A,RA16_29,RA16_29,KMT2C,missense_variant,p.Pro350Leu,10025,106.0,0.01057356608478803,552.0,0.05506234413965087,35.43932270044502,32.57575757575757,chr12:25398285:C/T,6357,64,0.01006764196948246,,
chr15:67073583:TG/T,RA16_29,RA16_29,SMAD6,frameshift_truncation,p.Ala402ProfsTer137,10025,17.0,0.0016957605985037406,23.0,0.00229426433915212,37.062457506976955,34.04255319148936,chr12:25398285:C/T,6357,8,0.0012584552461853075,,
chr12:25398285:C/A,RA17_13,RA17_13,KRAS,missense_variant,p.Gly12Cys,8820,3709.0,0.4205215419501134,4928.0,0.5587301587301587,73.18649196452019,77.58620689655173,chr12:25398285:C/A,3709,3709,1.0,0.5878378378378378,
chr18:48581173:G/T,RA17_13,RA17_13,SMAD4,missense_variant,p.Lys159Asn,8820,3262.0,0.36984126984126986,4873.0,0.5524943310657596,93.77130553828762,100.0,chr12:25398285:C/A,3709,2389,0.6441089242383392,0.7435897435897436,0.0208333333333333
chr17:7579717:GA/G,RA17_13,RA17_13,TP53,frameshift_truncation,p.Pro27LeufsTer17,8820,3206.0,0.3634920634920635,4574.0,0.51859410430839,93.05974515796512,100.0,chr12:25398285:C/A,3709,2490,0.6713399838231329,0.7719298245614035,
chr9:21974695:G/GT,RA17_13,RA17_13,CDKN2A,frameshift_elongation,p.Tyr44Ter,8820,2896.0,0.32834467120181404,4053.0,0.4595238095238095,93.62079724693437,100.0,chr12:25398285:C/A,3709,2287,0.6166082502022109,,
chr9:101891277:C/T,RA17_13,RA17_13,TGFBR1,stop_gained,p.Arg80Ter,8820,1414.0,0.16031746031746033,1768.0,0.20045351473922904,57.850878442806504,54.179790714755846,chr12:25398285:C/A,3709,1252,0.3375572930709086,0.4468085106382978,
chr9:101900209:C/T,RA17_13,RA17_13,TGFBR1,stop_gained,p.Arg215Ter,8820,1045.0,0.11848072562358276,1338.0,0.15170068027210884,66.29471941743468,69.23076923076923,chr12:25398285:C/A,3709,948,0.2555944998651928,0.2839506172839506,
chr20:9520159:C/A,RA17_13,RA17_13,PAK5,missense_variant,p.Gly704Cys,8820,39.0,0.004421768707482994,1767.0,0.20034013605442177,29.664715841699273,25.454545454545453,chr12:25398285:C/A,3709,13,0.00350498786734969,,
chr6:157505483:A/C,RA17_13,RA17_13,ARID1B,missense_variant,p.Lys1195Thr,8820,38.0,0.004308390022675737,2892.0,0.32789115646258504,26.49965142933125,24.404761904761905,chr12:25398285:C/A,3709,17,0.004583445672688056,,
chr1:27105675:GGAA/G,RA17_13,RA17_13,ARID1A,inframe_deletion,p.Glu1767del,8820,37.0,0.004195011337868481,192.0,0.021768707482993196,34.59302098747637,31.25,chr12:25398285:C/A,3709,13,0.00350498786734969,,
chr1:27056287:A/G,RA17_13,RA17_13,ARID1A,missense_variant,p.Gln428Arg,8820,14.0,0.0015873015873015873,126.0,0.014285714285714285,38.894300144300146,33.33333333333333,chr12:25398285:C/A,3709,6,0.0016176867080075492,,
chr12:25398284:C/A,RA17_22,RA17_22,KRAS,missense_variant,p.Gly12Val,16139,5394.0,0.3342214511431935,7037.0,0.4360245368362352,69.70129721474831,70.83333333333334,chr12:25398284:C/A,5394,5394,1.0,0.9322033898305084,
chr18:48573531:G/A,RA17_22,RA17_22,SMAD4,missense_variant,p.Ala39Thr,16139,4357.0,0.2699671602949377,5638.0,0.3493401078133713,87.05986963492275,100.0,chr12:25398284:C/A,5394,3812,0.7067111605487579,0.7903225806451613,
chr18:48573570:G/A,RA17_22,RA17_22,SMAD4,missense_variant,p.Asp52Asn,16139,4346.0,0.2692855815106264,5584.0,0.34599417559947954,87.03916983719736,100.0,chr12:25398284:C/A,5394,3800,0.7044864664441972,0.8225806451612904,
chr1:11308073:C/T,RA17_22,RA17_22,MTOR,missense_variant,p.Gly307Arg,16139,117.0,0.007249519796765599,1704.0,0.10558274986058616,30.47073243457896,27.77777777777778,chr12:25398284:C/A,5394,46,0.008527994067482388,,
chr16:23647214:T/A,RA17_22,RA17_22,PALB2,missense_variant,p.Glu218Val,16139,70.0,0.004337319536526427,2490.0,0.15428465208501146,37.24314770939462,27.525252525252526,chr12:25398284:C/A,5394,20,0.0037078235076010383,,
chr2:48028280:G/T,RA17_22,RA17_22,MSH6,missense_variant,p.Cys1053Phe,16139,70.0,0.004337319536526427,3740.0,0.23173678666584052,31.131168267565407,27.27272727272727,chr12:25398284:C/A,5394,19,0.0035224323322209862,,
chr3:178936082:G/A,RA17_22,RA17_22,PIK3CA,missense_variant,p.Glu542Lys,16139,61.0,0.0037796641675444573,515.0,0.03191027944730157,53.30566292407089,45.63492063492063,chr12:25398284:C/A,5394,46,0.008527994067482388,0.144927536231884,
chr18:48573520:T/A,RA17_22,RA17_22,SMAD4,missense_variant,p.Phe35Tyr,16139,15.0,0.0009294256149699486,560.0,0.03469855629221141,33.310285056353884,29.268292682926827,chr12:25398284:C/A,5394,1,0.0001853911753800519,,
chr3:10085540:G/A,RA17_22,RA17_22,FANCD2,missense_variant,p.Glu376Lys,16139,15.0,0.0009294256149699486,359.0,0.022244253051614104,33.68146069283663,30.252100840336134,chr12:25398284:C/A,5394,2,0.0003707823507601038,,
chr8:128748694:C/T,RA17_22,RA17_22,MYC,missense_variant,p.Arg135Trp,16139,13.0,0.0008055021996406221,1376.0,0.08525930974657661,36.26202958508618,25.0,chr12:25398284:C/A,5394,1,0.0001853911753800519,,
chr8:38314936:C/T,RA17_22,RA17_22,FGFR1,stop_gained,p.Trp10Ter,16139,12.0,0.0007435404919759589,1491.0,0.0923849061280129,56.10097134210731,48.80952380952381,chr12:25398284:C/A,5394,0,0.0,,
chr17:7577559:G/C,RA19_02,RA19_02,TP53,missense_variant,p.Ser241Cys,4762,2695.0,0.5659386812263755,2883.0,0.6054178916421672,94.76860719912914,99.875,chr12:25398284:C/A,2646,2544,0.9614512471655329,0.6761904761904762,
chr12:25398284:C/A,RA19_02,RA19_02,KRAS,missense_variant,p.Gly12Val,4762,2646.0,0.5556488870222596,2922.0,0.613607727845443,95.8634247272853,100.0,chr12:25398284:C/A,2646,2646,1.0,0.8225255972696246,0.0099009900990099
chr18:48575671:C/A,RA19_02,RA19_02,SMAD4,stop_gained,p.Ser144Ter,4762,2485.0,0.5218395632087358,2747.0,0.5768584628307434,95.04178027172914,100.0,chr12:25398284:C/A,2646,2352,0.8888888888888888,0.7126436781609196,
chr13:23904744:G/A,RA19_02,RA19_02,SACS,missense_variant,p.Ala4424Val,4762,31.0,0.006509869802603948,890.0,0.1868962620747585,33.288244485749274,28.08988764044944,chr12:25398284:C/A,2646,19,0.007180650037792895,,
chr12:25398284:C/A,RA19_10,RA19_10,KRAS,missense_variant,p.Gly12Val,6796,2880.0,0.42377869334902885,3251.0,0.47836962919364334,81.75634839788638,87.5,chr12:25398284:C/A,2880,2880,1.0,0.8960176991150443,0.0106382978723404
chr17:7577556:C/A,RA19_10,RA19_10,TP53,missense_variant,p.Cys242Phe,6796,2616.0,0.38493231312536785,3455.0,0.5083872866391995,87.69285525935626,99.15966386554622,chr12:25398284:C/A,2880,2554,0.8868055555555555,0.7674418604651163,
chr12:25380275:T/A,RA19_21,RA19_21,KRAS,missense_variant,p.Gln61His,6035,1077.0,0.1784589892294946,1340.0,0.22203811101905552,57.87846964738516,57.89473684210527,chr12:25380275:T/A,1077,1077,1.0,0.6086956521739131,
chr17:56436128:G/A,RA19_21,RA19_21,RNF43,stop_gained,p.Arg337Ter,6035,1076.0,0.17829328914664458,1314.0,0.21772990886495444,87.56262940947049,100.0,chr12:25380275:T/A,1077,965,0.8960074280408542,0.7878787878787878,
chr1:209969821:C/T,RA19_21,RA19_21,IRF6,missense_variant,p.Arg84His,6035,878.0,0.14548467274233637,1153.0,0.19105219552609776,83.78521313122084,90.08196721311475,chr12:25380275:T/A,1077,766,0.7112349117920148,0.4761904761904761,
chr18:48604750:G/A,RA19_21,RA19_21,SMAD4,stop_gained,p.Trp524Ter,6035,876.0,0.1451532725766363,1148.0,0.19022369511184756,85.80208265472923,100.0,chr12:25380275:T/A,1077,793,0.7363045496750232,0.7368421052631579,
chr18:45374926:G/C,RA19_21,RA19_21,SMAD2,stop_gained,p.Ser306Ter,6035,820.0,0.13587406793703397,1034.0,0.17133388566694283,88.27543630874337,100.0,chr12:25380275:T/A,1077,735,0.6824512534818942,0.8333333333333334,
chr3:178936091:G/A,RA19_21,RA19_21,PIK3CA,missense_variant,p.Glu545Lys,6035,569.0,0.09428334714167357,837.0,0.13869096934548467,49.35388767430354,46.017699115044245,chr12:25380275:T/A,1077,501,0.46518105849582175,0.2647058823529412,0.03125
chr2:80085247:G/A,RA19_21,RA19_21,CTNNA2,missense_variant,p.Arg136His,6035,79.0,0.013090306545153273,622.0,0.10306545153272577,54.7104687721117,53.333333333333336,chr12:25380275:T/A,1077,3,0.002785515320334262,,
chr1:27057923:A/G,RA19_21,RA19_21,ARID1A,missense_variant,p.His544Arg,6035,74.0,0.012261806130903066,2128.0,0.35260977630488816,26.22776152250869,25.0,chr12:25380275:T/A,1077,13,0.012070566388115135,,
chr17:7578496:A/T,RA20_05,RA20_05,TP53,missense_variant,p.Leu145Gln,6787,2672.0,0.3936938264328864,3386.0,0.49889494622071606,92.66190752367861,100.0,chr12:25398284:C/A,2395,2301,0.9607515657620042,0.8775894538606404,0.0016181229773462
chr12:25398284:C/A,RA20_05,RA20_05,KRAS,missense_variant,p.Gly12Val,6787,2395.0,0.35288050685133343,2819.0,0.4153528805068513,66.7622761708865,68.51851851851852,chr12:25398284:C/A,2395,2395,1.0,0.6530612244897959,0.0055555555555555
chr11:108115558:C/G,RA20_05,RA20_05,ATM,missense_variant,p.Leu236Val,6787,1943.0,0.2862825990864889,2117.0,0.3119198467658759,56.452443671581456,54.44444444444444,chr12:25398284:C/A,2395,1708,0.713152400835073,0.411214953271028,
chr18:48593559:T/G,RA20_05,RA20_05,SMAD4,splice_site_variant,,6787,1297.0,0.1911006335641668,2119.0,0.31221452777368497,91.47070392871022,100.0,chr12:25398284:C/A,2395,1146,0.47849686847599165,0.74,
chr1:27107031:CCT/C,RA20_05,RA20_05,ARID1A,frameshift_truncation,p.Leu2215ProfsTer9,6787,1227.0,0.18078679829085015,1393.0,0.20524532193900102,49.75705740114076,44.44444444444444,chr12:25398284:C/A,2395,1072,0.4475991649269311,0.2925531914893617,
chr1:39781309:T/A,RA20_05,RA20_05,MACF1,missense_variant,p.Leu1169Gln,6787,66.0,0.009724473257698542,522.0,0.07691174303816119,38.09661051306318,31.25,chr12:25398284:C/A,2395,20,0.008350730688935281,,
chr7:151851228:G/A,RA20_05,RA20_05,KMT2C,missense_variant,p.Ser4048Leu,6787,56.0,0.008251068218653308,392.0,0.057757477530573156,51.24149548693065,43.01629944013004,chr12:25398284:C/A,2395,43,0.017954070981210855,0.0517928286852589,
chr17:7579414:C/T,RA21_17,RA21_17,TP53,stop_gained,p.Trp91Ter,20123,13459.0,0.6688366545743676,18093.0,0.8991204094816876,89.60172968696628,100.0,chr12:25398284:C/T,13156,10077,0.7659622985709942,0.4271356783919598,
chr12:25398284:C/T,RA21_17,RA21_17,KRAS,missense_variant,p.Gly12Asp,20123,13156.0,0.6537792575659693,18736.0,0.9310738955424142,87.50416494803969,100.0,chr12:25398284:C/T,13156,13156,1.0,0.4983050847457627,
chr15:67482843:C/T,RA21_17,RA21_17,SMAD3,missense_variant,p.Ser416Phe,20123,2184.0,0.10853252497142574,2465.0,0.12249664562937931,60.44099665498896,60.61391113204585,chr12:25398284:C/T,13156,1982,0.150653694131955,,
chr19:36222968:A/C,RA21_17,RA21_17,KMT2B,missense_variant,p.Lys1866Thr,20123,310.0,0.015405257665358048,6397.0,0.3178949460815982,27.309648693266443,25.0,chr12:25398284:C/T,13156,226,0.017178473700212832,,
chr15:59323028:C/T,RA21_17,RA21_17,RNF111,stop_gained,p.Gln3Ter,20123,309.0,0.015355563285792377,6771.0,0.33648064403915917,27.276329778875,25.925925925925924,chr12:25398284:C/T,13156,130,0.009881422924901186,,
chr13:32944620:T/G,RA21_17,RA21_17,BRCA2,missense_variant,p.Leu2805Val,20123,281.0,0.013964120657953586,5347.0,0.2657158475376435,40.544919784089984,36.36363636363637,chr12:25398284:C/T,13156,230,0.017482517482517484,,
chr16:3640878:C/T,RA21_17,RA21_17,SLX4,missense_variant,p.Glu921Lys,20123,236.0,0.011727873577498386,5101.0,0.2534910301644884,30.56212446601244,27.27272727272727,chr12:25398284:C/T,13156,80,0.006080875646093037,,
chr17:41276110:C/A,RA21_17,RA21_17,BRCA1,missense_variant,p.Asp2Tyr,20123,234.0,0.011628484818367042,7996.0,0.3973562590071063,25.577989887143616,24.0,chr12:25398284:C/T,13156,110,0.008361204013377926,,
chr19:36222969:A/C,RA21_17,RA21_17,KMT2B,missense_variant,p.Lys1866Asn,20123,216.0,0.010733985986184963,6413.0,0.3186900561546489,26.81463060320422,25.0,chr12:25398284:C/T,13156,163,0.012389784128914564,,
chr2:128050388:G/A,RA21_17,RA21_17,ERCC3,missense_variant,p.Ser90Phe,20123,209.0,0.010386125329225265,3787.0,0.18819261541519655,29.569592535957455,27.27272727272727,chr12:25398284:C/T,13156,158,0.012009729401033748,,
chr20:46279836:ACAGCAG/A,RA21_17,RA21_17,NCOA3,inframe_deletion,p.Gln1275_Gln1276del,20123,189.0,0.009392237737911842,3553.0,0.1765641305968295,30.139270400089767,27.27272727272727,chr12:25398284:C/T,13156,97,0.007373061720887808,,
chr8:30933744:A/C,RA21_17,RA21_17,WRN,missense_variant,p.Glu260Asp,20123,128.0,0.006360880584405904,5400.0,0.26834964965462405,27.525038114274324,26.666666666666668,chr12:25398284:C/T,13156,94,0.007145028884159319,,
chr4:96046196:T/G,RA21_17,RA21_17,BMPR1B,missense_variant,p.Ile170Ser,20123,114.0,0.005665159270486508,6339.0,0.31501267206678923,26.616569720001678,25.0,chr12:25398284:C/T,13156,88,0.006688963210702341,,
chr1:182829177:T/G,RA21_17,RA21_17,DHX9,missense_variant,p.Ile397Ser,20123,102.0,0.005068826715698455,6531.0,0.3245539929433981,26.417664222167303,25.0,chr12:25398284:C/T,13156,73,0.005548799027059897,,
chrX:47496446:A/G,RA21_17,RA21_17,ELK1,missense_variant,p.Ile385Thr,20123,66.0,0.003279829051334294,1831.0,0.09099040898474382,29.299564422493926,27.27272727272727,chr12:25398284:C/T,13156,48,0.0036485253876558225,,
chrX:70356195:C/T,RA21_17,RA21_17,MED12,missense_variant,p.Ser1697Leu,20123,39.0,0.0019380808030611738,4030.0,0.20026834964965462,32.693053201159046,28.698224852071007,chr12:25398284:C/T,13156,16,0.0012161751292186075,,
chr11:118367033:A/G,RA21_17,RA21_17,KMT2A,missense_variant,p.Asp1872Gly,20123,27.0,0.0013417482482731204,2008.0,0.09978631416786761,35.90824614211547,30.58823529411765,chr12:25398284:C/T,13156,26,0.001976284584980237,,
chr12:25398285:C/G,TP11,TP11,KRAS,missense_variant,p.Gly12Arg,1047,354.0,0.33810888252148996,377.0,0.3600764087870105,74.92847896692156,77.71672771672772,chr12:25398285:C/G,354,354,1.0,0.7284060552092609,
chr17:7577018:C/A,TP11,TP11,TP53,splice_site_variant,,1047,341.0,0.3256924546322827,426.0,0.4068767908309456,86.79243087499802,99.62406015037594,chr12:25398285:C/G,354,339,0.9576271186440678,0.6212765957446809,
chr4:84391383:T/C,TP11,TP11,ABRAXAS1,missense_variant,p.Glu150Gly,1047,17.0,0.01623686723973257,192.0,0.1833810888252149,39.65525754217853,36.25,chr12:25398285:C/G,354,16,0.04519774011299435,,
chr17:41246307:TC/T,TP11,TP11,BRCA1,frameshift_truncation,p.Asp414ThrfsTer3,1047,14.0,0.013371537726838587,15.0,0.014326647564469915,33.371516797529296,31.75824175824176,chr12:25398285:C/G,354,13,0.03672316384180791,,
chr9:8465596:T/C,TP11,TP11,PTPRD,missense_variant,p.His1195Arg,1047,8.0,0.007640878701050621,259.0,0.24737344794651384,32.2196580630316,31.09267734553776,chr12:25398285:C/G,354,7,0.01977401129943503,,
chr11:63667494:A/G,TP11,TP11,MARK2,missense_variant,p.Asp227Gly,1047,8.0,0.007640878701050621,277.0,0.26456542502387775,34.91317023495832,27.60910815939279,chr12:25398285:C/G,354,6,0.01694915254237288,,
chr15:67482821:A/T,TP11,TP11,SMAD3,stop_gained,p.Lys409Ter,1047,8.0,0.007640878701050621,71.0,0.06781279847182425,37.03722031886562,36.666666666666664,chr12:25398285:C/G,354,7,0.01977401129943503,,
chr18:45372095:C/A,TP11,TP11,SMAD2,missense_variant,p.Gln358His,1047,7.0,0.0066857688634192934,29.0,0.027698185291308502,45.14997170345218,41.66666666666667,chr12:25398285:C/G,354,7,0.01977401129943503,,
chr7:151879163:G/A,TP11,TP11,KMT2C,missense_variant,p.Pro1928Ser,1047,7.0,0.0066857688634192934,202.0,0.1929321872015282,45.1697882443224,39.285714285714285,chr12:25398285:C/G,354,6,0.01694915254237288,,
chr15:43748473:T/C,TP11,TP11,TP53BP1,missense_variant,p.Glu778Gly,1047,7.0,0.0066857688634192934,176.0,0.16809933142311365,33.573471712718536,30.555555555555557,chr12:25398285:C/G,354,3,0.00847457627118644,,
chr3:134967333:T/A,TP11,TP11,EPHB1,missense_variant,p.Val891Glu,1047,6.0,0.0057306590257879654,40.0,0.038204393505253106,56.07819357819358,47.4012474012474,chr12:25398285:C/G,354,6,0.01694915254237288,,
chr3:134967161:A/G,TP11,TP11,EPHB1,missense_variant,p.Ile834Val,1047,6.0,0.0057306590257879654,172.0,0.16427889207258833,65.96857428500431,57.189542483660134,chr12:25398285:C/G,354,6,0.01694915254237288,,
chr3:47161884:A/T,TP11,TP11,SETD2,missense_variant,p.Asp1414Glu,1047,6.0,0.0057306590257879654,15.0,0.014326647564469915,49.49372535954245,44.10919540229885,chr12:25398285:C/G,354,6,0.01694915254237288,,
chr13:49027213:C/T,TP11,TP11,RB1,missense_variant,p.Leu594Phe,1047,6.0,0.0057306590257879654,143.0,0.13658070678127984,49.35019464775158,39.833333333333336,chr12:25398285:C/G,354,5,0.014124293785310734,,
chrX:76854897:GA/G,TP11,TP11,ATRX,frameshift_truncation,p.Ser1980LeufsTer2,1047,6.0,0.0057306590257879654,6.0,0.0057306590257879654,40.94430176479048,39.625,chr12:25398285:C/G,354,5,0.014124293785310734,,
chr20:40739064:C/T,TP11,TP11,PTPRT,missense_variant,p.Val1077Ile,1047,6.0,0.0057306590257879654,104.0,0.09933142311365807,46.518393040132175,36.515151515151516,chr12:25398285:C/G,354,6,0.01694915254237288,,
chr17:41276065:C/T,TP11,TP11,BRCA1,missense_variant,p.Ala17Thr,1047,6.0,0.0057306590257879654,97.0,0.09264565425023878,29.354238368822518,26.253531073446325,chr12:25398285:C/G,354,6,0.01694915254237288,,
chr17:48453338:G/T,TP11,TP11,EME1,missense_variant,p.Asp257Tyr,1047,6.0,0.0057306590257879654,110.0,0.10506208213944604,36.770707741771446,35.08771929824561,chr12:25398285:C/G,354,6,0.01694915254237288,,
chr15:89858574:T/C,TP11,TP11,FANCI,missense_variant,p.Ile1293Thr,1047,5.0,0.004775549188156638,209.0,0.19961795606494748,44.47159027488285,27.906976744186046,chr12:25398285:C/G,354,3,0.00847457627118644,,
chr4:96045021:T/C,TP11,TP11,BMPR1B,missense_variant,p.Leu137Ser,1047,5.0,0.004775549188156638,108.0,0.10315186246418338,39.91471618917197,36.36363636363637,chr12:25398285:C/G,354,3,0.00847457627118644,,
chr1:27094363:T/C,TP11,TP11,ARID1A,missense_variant,p.Val1024Ala,1047,5.0,0.004775549188156638,58.0,0.055396370582617004,35.142164987887284,26.08695652173913,chr12:25398285:C/G,354,5,0.014124293785310734,,
chr15:43748428:T/C,TP11,TP11,TP53BP1,missense_variant,p.Glu793Gly,1047,5.0,0.004775549188156638,196.0,0.1872015281757402,32.14199322689889,33.33333333333333,chr12:25398285:C/G,354,2,0.005649717514124294,,
chr7:128845471:G/A,TP11,TP11,SMO,stop_gained,p.Trp256Ter,1047,4.0,0.0038204393505253103,73.0,0.06972301814708691,45.821335527217876,30.279034690799396,chr12:25398285:C/G,354,4,0.011299435028248588,,
chr18:48603078:C/T,TP11,TP11,SMAD4,missense_variant,p.Ala460Val,1047,4.0,0.0038204393505253103,161.0,0.15377268385864373,74.94505494505495,78.46153846153847,chr12:25398285:C/G,354,4,0.011299435028248588,,
chr11:118344626:G/A,TP11,TP11,KMT2A,missense_variant,p.Gly918Ser,1047,4.0,0.0038204393505253103,241.0,0.23018147086914995,35.195450140944324,35.116279069767444,chr12:25398285:C/G,354,4,0.011299435028248588,,
chr4:109002827:T/G,TP11,TP11,LEF1,splice_site_variant,,1047,4.0,0.0038204393505253103,282.0,0.2693409742120344,38.55080213903743,37.64705882352941,chr12:25398285:C/G,354,3,0.00847457627118644,,
chr3:37067384:T/C,TP11,TP11,MLH1,missense_variant,p.Leu432Pro,1047,4.0,0.0038204393505253103,164.0,0.15663801337153774,34.03295801079052,32.72108843537415,chr12:25398285:C/G,354,4,0.011299435028248588,,
chr11:67198927:A/G,TP11,TP11,RPS6KB2,missense_variant,p.Glu133Gly,1047,4.0,0.0038204393505253103,113.0,0.10792741165234002,36.88762166680148,35.68376068376068,chr12:25398285:C/G,354,3,0.00847457627118644,,
chr4:126239764:G/A,TP11,TP11,FAT4,missense_variant,p.Arg733Lys,1047,4.0,0.0038204393505253103,207.0,0.1977077363896848,42.60224089635854,43.49019607843137,chr12:25398285:C/G,354,4,0.011299435028248588,,
chr20:40733287:A/T,TP11,TP11,PTPRT,stop_gained,p.Cys1176Ter,1047,4.0,0.0038204393505253103,33.0,0.03151862464183381,30.176073926073926,29.67032967032967,chr12:25398285:C/G,354,3,0.00847457627118644,,
chr14:30099957:TG/T,TP11,TP11,PRKD1,frameshift_truncation,p.Asn555ThrfsTer8,1047,4.0,0.0038204393505253103,5.0,0.004775549188156638,29.891304347826086,23.913043478260867,chr12:25398285:C/G,354,3,0.00847457627118644,,
chr1:27105623:T/C,TP11,TP11,ARID1A,missense_variant,p.Leu1745Pro,1047,3.0,0.0028653295128939827,158.0,0.15090735434574976,24.38996502555825,22.336561743341406,chr12:25398285:C/G,354,3,0.00847457627118644,,
chr1:11308075:A/G,TP11,TP11,MTOR,missense_variant,p.Phe306Ser,1047,3.0,0.0028653295128939827,94.0,0.08978032473734479,62.557870370370374,61.111111111111114,chr12:25398285:C/G,354,2,0.005649717514124294,,
chr18:48581340:C/T,TP11,TP11,SMAD4,missense_variant,p.Pro215Leu,1047,3.0,0.0028653295128939827,55.0,0.05253104106972302,83.33333333333333,100.0,chr12:25398285:C/G,354,3,0.00847457627118644,,
chr2:203384819:T/C,TP11,TP11,BMPR2,missense_variant,p.Cys288Arg,1047,3.0,0.0028653295128939827,44.0,0.04202483285577841,46.80173439238709,57.14285714285714,chr12:25398285:C/G,354,2,0.005649717514124294,,
chr12:49425539:GC/G,TP11,TP11,KMT2D,frameshift_truncation,p.Glu4316AspfsTer68,1047,3.0,0.0028653295128939827,3.0,0.0028653295128939827,26.50969150969151,22.727272727272727,chr12:25398285:C/G,354,3,0.00847457627118644,,
chr3:39116310:TG/T,TP11,TP11,WDR48,frameshift_truncation,p.Ala257ArgfsTer25,1047,3.0,0.0028653295128939827,3.0,0.0028653295128939827,32.80534670008354,25.71428571428571,chr12:25398285:C/G,354,3,0.00847457627118644,,
chr17:56438217:C/T,TP12,TP12,RNF43,stop_gained,p.Trp259Ter,691,279.0,0.4037626628075253,316.0,0.4573082489146165,65.31404916912241,66.0919540229885,chr12:25398284:C/A,259,228,0.8803088803088803,,
chr17:7578190:T/C,TP12,TP12,TP53,missense_variant,p.Tyr220Cys,691,263.0,0.38060781476121563,311.0,0.45007235890014474,88.19307769634824,99.70942299709424,chr12:25398284:C/A,259,218,0.8416988416988417,,
chr12:25398284:C/A,TP12,TP12,KRAS,missense_variant,p.Gly12Val,691,259.0,0.3748191027496382,286.0,0.41389290882778584,76.76779531527795,91.76470588235294,chr12:25398284:C/A,259,259,1.0,0.392156862745098,
chr17:7577559:G/A,TP49,TP49,TP53,missense_variant,p.Ser241Phe,2333,1201.0,0.5147878268324046,1480.0,0.6343763394770682,81.87484771561736,99.00332225913621,chr12:25398284:C/T,811,767,0.9457459926017263,0.3933933933933934,
chr12:25398284:C/T,TP49,TP49,KRAS,missense_variant,p.Gly12Asp,2333,811.0,0.347621088726961,978.0,0.41920274324903556,53.861684936740225,51.5625,chr12:25398284:C/T,811,811,1.0,0.1786600496277915,
chr1:27106355:G/C,BPA-1,BPA-1,ARID1A,missense_variant,p.Arg1989Pro,5114,818.0,0.15995307000391085,931.0,0.1820492764958936,86.70941656616509,100.0,chr12:25380277:G/T,789,677,0.8580481622306717,,
chr12:25380277:G/T,BPA-1,BPA-1,KRAS,missense_variant,p.Gln61Lys,5114,789.0,0.15428236214313648,1453.0,0.28412201798983183,49.16253927031386,46.774193548387096,chr12:25380277:G/T,789,789,1.0,,
chr8:128750707:T/TC,BPA-1,BPA-1,MYC,frameshift_elongation,p.Gly83ArgfsTer175,5114,183.0,0.03578412201798983,183.0,0.03578412201798983,33.56982593807577,29.43722943722944,chr12:25380277:G/T,789,165,0.20912547528517111,,
chr17:56438154:G/T,BPA-1,BPA-1,RNF43,missense_variant,p.Ser280Tyr,5114,65.0,0.012710207274149394,2227.0,0.4354712553773954,25.723659780643384,25.0,chr12:25380277:G/T,789,5,0.0063371356147021544,,
chr1:39781300:A/G,BPA-1,BPA-1,MACF1,missense_variant,p.Glu1166Gly,5114,12.0,0.0023464998044583495,101.0,0.019749706687524442,37.59067542970082,27.27272727272727,chr12:25380277:G/T,789,6,0.0076045627376425855,,
chr1:11308037:A/G,BPA-1,BPA-1,MTOR,missense_variant,p.Phe319Leu,5114,9.0,0.0017598748533437622,118.0,0.023073914743840438,33.27104082582652,27.77777777777778,chr12:25380277:G/T,789,6,0.0076045627376425855,,
chr17:7573996:A/T,BPA-2,BPA-2,TP53,missense_variant,p.Leu344Gln,329,169.0,0.513677811550152,181.0,0.5501519756838906,75.70209619438035,99.29577464788733,chr12:25398284:C/T,151,147,0.9735099337748344,,
chr12:25398284:C/T,BPA-2,BPA-2,KRAS,missense_variant,p.Gly12Asp,329,151.0,0.45896656534954405,172.0,0.5227963525835866,55.0596336567883,53.2002348796242,chr12:25398284:C/T,151,151,1.0,,
chr18:46476196:C/T,BPA-2,BPA-2,SMAD7,missense_variant,p.Arg200Gln,329,8.0,0.0243161094224924,61.0,0.18541033434650456,44.0140639589169,40.47619047619047,chr12:25398284:C/T,151,5,0.033112582781456956,,
chr6:35425761:G/T,BPA-2,BPA-2,FANCE,missense_variant,p.Gln323His,329,7.0,0.02127659574468085,90.0,0.2735562310030395,29.91429905295451,25.0,chr12:25398284:C/T,151,6,0.039735099337748346,,
chr14:75514734:A/G,BPA-2,BPA-2,MLH3,missense_variant,p.Leu542Ser,329,5.0,0.015197568389057751,28.0,0.0851063829787234,33.11394302848576,33.33333333333333,chr12:25398284:C/T,151,3,0.019867549668874173,,
chr17:7572927:T/C,BPA-2,BPA-2,TP53,stop_lost,p.Ter394TrpextTer9,329,4.0,0.0121580547112462,30.0,0.0911854103343465,43.81999341238472,47.916666666666664,chr12:25398284:C/T,151,2,0.013245033112582781,,
chr20:57415609:C/T,BPA-2,BPA-2,GNAS,missense_variant,p.Pro150Ser,329,4.0,0.0121580547112462,67.0,0.20364741641337386,39.2063492063492,38.33333333333333,chr12:25398284:C/T,151,4,0.026490066225165563,,
chr3:52436820:T/C,BPA-2,BPA-2,BAP1,missense_variant,p.Glu653Gly,329,4.0,0.0121580547112462,17.0,0.05167173252279635,27.704933954933953,27.525252525252526,chr12:25398284:C/T,151,3,0.019867549668874173,,
chr17:56436091:G/A,BPA-3,BPA-3,RNF43,missense_variant,p.Ala349Val,7493,903.0,0.12051247831309223,2182.0,0.29120512478313093,29.210229351607726,27.27272727272727,refined_tree_clone3,2645,0,0.0,,
chr6:52149468:G/GATGA,BPA-3,BPA-3,MCM3,frameshift_elongation,p.Ala2ValfsTer42,7493,201.0,0.02682503670092086,486.0,0.06486053650073402,27.5301886679978,25.0,refined_tree_clone3,2645,0,0.0,,
chr2:128050388:G/A,BPA-3,BPA-3,ERCC3,missense_variant,p.Ser90Phe,7493,133.0,0.017749899906579474,1784.0,0.23808888295742694,30.333413449196318,27.27272727272727,refined_tree_clone3,2645,102,0.03856332703213611,,
chr1:11308054:A/G,BPA-3,BPA-3,MTOR,missense_variant,p.Ile313Thr,7493,93.0,0.012411584145202189,940.0,0.1254504203923662,36.12366368529101,31.25,refined_tree_clone3,2645,71,0.026843100189035917,,
chrX:70360647:ACAG/A,BPA-3,BPA-3,MED12,inframe_deletion,p.Gln2076del,7493,84.0,0.0112104630988923,408.0,0.05445082076604831,31.785600224680927,27.525252525252526,refined_tree_clone3,2645,19,0.007183364839319471,,
chr18:48575152:C/T,BPA-5,BPA-5,SMAD4,stop_gained,p.Gln116Ter,543,160.0,0.2946593001841621,212.0,0.39042357274401474,85.3282327691082,99.95711835334477,chr12:25398284:C/T,132,115,0.8712121212121212,,
chr12:25398284:C/T,BPA-5,BPA-5,KRAS,missense_variant,p.Gly12Asp,543,132.0,0.2430939226519337,151.0,0.27808471454880296,53.790138204977005,50.0,chr12:25398284:C/T,132,132,1.0,,
chr8:128752924:C/G,BPA-5,BPA-5,MYC,missense_variant,p.Ser362Cys,543,10.0,0.01841620626151013,38.0,0.06998158379373849,32.84154890762723,30.19480519480519,chr12:25398284:C/T,132,0,0.0,,
chr17:56435453:A/G,BPA-5,BPA-5,RNF43,missense_variant,p.Phe562Leu,543,6.0,0.011049723756906077,25.0,0.04604051565377532,42.79821972889912,37.21804511278195,chr12:25398284:C/T,132,1,0.007575757575757576,,
