,chr4:55980456:C/T,chr12:25398284:C/T,chrX:70349824:T/C,chr16:68857289:T/C,chr17:8051922:C/T,chr10:88683122:T/C,chr2:148657117:G/A,chr9:137293761:G/A,chr6:7229346:T/C,chr12:49424234:G/A,chr17:7572927:T/C,chr4:187538942:T/G,chr20:31387954:C/G,chr1:91859801:A/G,chr6:101099555:A/C,chr17:7573996:A/T,chr11:57572122:G/A,chr17:56492800:T/C,chr9:21968199:C/G,chr17:7579801:G/C,chr3:30686414:A/G,chr22:29130347:G/GT,chr8:30933859:C/T,chr17:7801776:C/T,chr1:120458924:G/A,chr18:19751450:C/T,chr1:163298548:T/C,chr13:32914437:GT/G,chr15:41275014:T/G,chr19:5219803:T/C,chr11:118344655:C/T,chr17:56436109:C/T,chr1:11288758:G/A,chr22:29130458:T/C,chr12:49424235:G/T,chr12:133252796:C/G,chr3:189604149:T/G,chr3:9793343:T/G,chr6:7229619:G/A,chr20:62303794:G/A,chr17:7578115:T/C,chr10:88683209:T/G,chr12:49434074:C/A,chr13:32913061:T/A,chr19:5219829:T/G,chr6:35425761:G/T,chr17:41245466:G/A,chr19:36222924:C/T,chr3:52637486:C/G,chr1:226578099:T/C,chr13:32929232:A/G,chr17:7579472:G/C,chr14:75514610:T/C,chr3:52436820:T/C,chr4:2210065:C/A,chr18:46476196:C/T,chr14:75514734:A/G,chr20:57415609:C/T,chr17:41245471:C/T
cell_1-BPA-2-IR,390,77,0,1784,438,254,1400,50,399,5,1,58,705,51,67,0,0,543,296,225,5,328,406,2,0,0,0,5,19,1204,0,210,188,13,1,2,0,832,8,314,675,0,5,0,1202,2,472,1,214,123,1117,505,0,0,352,0,1,1,472
cell_10-BPA-2-IR,572,451,0,4872,1631,1577,137,51,0,2,1,663,0,239,1111,2647,0,734,0,0,980,287,28,0,913,0,1,26,0,408,0,393,4956,0,12,0,2259,0,0,1288,14,2504,1,0,408,1,751,0,1378,221,14,1,0,0,886,0,0,1,748
cell_100-BPA-2-IR,864,0,14,60,1,573,663,0,180,1,0,2414,382,43,0,3,0,38,328,91,29,390,54,5,416,0,121,4,339,20,1,235,1298,203,8,25,2351,1735,1,527,3131,886,830,0,20,0,575,2,1485,532,1053,309,0,0,681,0,0,0,576
cell_101-BPA-2-IR,62,43,0,29,289,51,94,0,0,0,0,1224,55,9,137,373,0,11,0,0,138,83,2,0,309,0,376,6,0,332,0,70,258,0,2,0,353,0,0,117,0,297,0,0,332,0,121,1,162,322,0,0,0,0,90,0,0,0,122
cell_102-BPA-2-IR,257,827,0,675,518,168,172,8,1,13,1,0,0,1451,42,815,0,103,0,0,224,2353,1397,0,133,0,146,46,0,261,0,137,2630,1,6,0,856,0,0,390,2,823,35,0,260,1,1501,0,899,27,24,0,1,0,259,0,0,1,1490
cell_103-BPA-2-IR,153,0,0,923,263,114,762,4,74,0,0,477,461,13,0,0,0,120,176,32,23,213,274,40,63,0,127,87,81,593,0,104,1018,615,19,21,16,362,3,373,2191,430,807,0,591,0,1011,3,166,533,848,239,1,0,57,1,0,24,1007
cell_104-BPA-2-IR,884,306,0,222,1459,958,753,10,1,1,0,0,0,438,321,813,0,713,0,0,206,495,5,0,1107,0,98,78,0,337,1,192,1127,0,1,0,1224,0,0,958,9,1040,0,0,333,3,324,1,720,0,7,0,0,0,82,0,0,0,323
cell_105-BPA-2-IR,124,0,0,71,358,96,1118,0,75,0,0,46,0,5,0,0,0,8,294,19,134,12,151,10,133,0,24,0,10,19,0,100,107,12,2,0,108,371,0,65,129,790,357,0,19,1,515,0,260,307,66,56,0,0,57,0,0,0,517
cell_106-BPA-2-IR,1155,240,0,486,968,100,209,0,0,0,0,1910,0,388,145,2029,0,249,0,0,381,319,48,0,599,0,180,74,0,77,0,238,1292,0,1,0,364,1,0,277,9,1064,2,0,77,1,1904,0,664,1902,2,0,0,0,1031,0,0,0,1904
cell_107-BPA-2-IR,111,12,4,94,28,82,89,2,9,0,0,152,87,28,15,37,0,27,29,1,18,116,34,0,39,0,66,0,6,7,0,15,132,13,0,0,204,31,0,29,68,212,63,0,7,5,221,0,61,109,82,7,0,0,73,0,0,0,219
cell_108-BPA-2-IR,31,54,0,39,44,0,67,2,0,0,0,182,0,70,0,64,0,0,0,0,2,79,1,0,52,0,62,3,0,14,0,4,94,0,1,0,676,0,0,90,5,283,0,0,14,0,520,0,30,187,2,0,0,2,81,0,0,0,525
cell_109-BPA-2-IR,140,48,0,837,290,448,74,0,0,0,0,70,0,71,21,967,0,198,0,0,1,334,11,0,260,0,297,13,0,93,0,94,511,0,1,0,1538,0,0,716,2,1174,1,0,92,0,90,0,277,716,0,0,0,0,133,0,0,0,90
cell_11-BPA-2-IR,62,509,0,483,443,1020,140,55,0,0,0,0,0,240,177,861,0,0,2,0,72,1807,0,0,247,0,893,62,0,36,0,125,1138,0,5,0,109,0,0,1085,1,498,6,0,36,1,409,0,1380,3,7,0,0,0,201,1,24,10,411
cell_110-BPA-2-IR,51,0,0,0,89,0,101,25,242,0,0,8,1103,1483,7,0,0,42,404,84,71,0,309,9,256,0,284,0,394,128,0,1,5,518,3,16,288,0,5,133,709,1572,338,0,127,1,676,0,390,0,12,903,0,0,2,0,0,0,680
cell_111-BPA-2-IR,83,131,0,716,242,146,90,55,0,2,0,203,0,50,65,1914,0,61,220,96,116,376,16,1,361,2,150,12,0,120,0,120,488,0,4,0,776,133,0,349,137,233,1,0,121,1,498,0,850,433,333,49,0,0,388,0,0,0,498
cell_112-BPA-2-IR,139,0,0,145,136,183,387,0,26,0,0,283,452,0,0,0,0,44,184,102,0,95,86,0,82,0,31,0,3,35,0,99,146,0,0,3,570,352,5,65,327,457,369,0,35,0,156,0,5,196,12,123,0,0,55,0,0,0,154
cell_113-BPA-2-IR,34,392,0,560,461,612,196,0,3,0,0,2462,0,224,26,1967,0,1139,0,0,667,943,28,0,628,0,650,44,11,0,0,362,1003,3,0,0,1707,1,0,730,143,0,0,0,0,6,453,0,1547,234,0,0,0,0,2522,1,0,0,452
cell_114-BPA-2-IR,3420,963,0,0,364,52,82,67,0,1,0,0,0,645,1473,2670,0,1,0,0,2687,1459,19,0,1176,0,1287,52,0,48,9,1,2444,0,4,0,3904,0,0,2930,14,2286,2,0,48,4,2021,0,1928,372,1464,0,0,0,614,0,0,1,2020
cell_115-BPA-2-IR,1206,235,2,80,1494,71,485,72,187,0,0,700,0,70,140,430,0,990,425,78,477,245,913,1,1254,0,317,38,19,961,0,332,2532,18,4,4,603,477,24,1154,1122,1335,801,0,956,0,1941,1,444,1031,296,42,0,0,714,0,0,2,1893
cell_116-BPA-2-IR,91,1,0,1261,8,144,162,16,694,1,0,553,3448,518,596,1,3,433,697,82,1006,41,962,4,642,0,881,17,44,705,1,164,176,77,8,28,385,1069,30,166,153,1748,1188,0,701,0,686,1,48,405,5916,1280,0,0,57,0,0,0,685
cell_117-BPA-2-IR,70,12,0,117,31,102,106,0,10,0,0,83,16,43,0,42,0,49,30,12,21,50,12,0,39,0,56,2,5,9,6,11,92,14,0,0,187,53,0,31,54,157,54,8,9,3,150,0,43,67,82,12,0,0,56,0,0,0,150
cell_118-BPA-2-IR,4,0,0,49,58,541,90,0,4,0,0,497,208,31,0,0,0,18,127,8,342,254,76,14,34,0,503,26,28,130,0,156,335,105,0,63,575,542,0,257,711,482,137,0,130,0,792,0,651,81,263,72,0,3,0,0,0,0,795
cell_119-BPA-2-IR,290,1194,8,1768,932,499,146,26,0,0,0,0,0,147,338,925,1,737,0,0,1049,774,237,0,1024,0,116,374,0,54,0,44,694,3,5,0,894,2,0,1821,2,140,0,0,50,2,534,0,775,0,0,0,0,0,155,0,0,0,536
cell_12-BPA-2-IR,37,0,0,242,181,791,128,2,16,1,0,935,573,9,0,0,0,846,116,164,33,91,282,20,122,0,178,4,172,335,1,12,59,158,1,24,279,877,0,191,1160,736,277,0,333,0,87,1,244,1122,179,211,0,0,107,0,0,0,86
cell_120-BPA-2-IR,589,14,1,818,221,1290,757,59,1000,3,2,690,947,365,68,0,1,555,1239,1086,177,436,167,34,488,0,979,40,52,1593,0,1102,595,918,0,0,3005,631,125,928,733,4345,873,0,1595,7,269,4,924,1501,2513,29,0,0,930,4,1,42,265
cell_121-BPA-2-IR,907,1713,0,910,1260,144,1148,77,0,2,0,0,0,2366,16,4430,0,1966,0,0,944,2043,641,0,1844,0,546,100,0,2226,0,435,4014,0,7,0,3201,0,0,132,35,808,0,0,2224,4,1740,0,1421,204,7,0,0,1,5,0,10,1,1743
cell_122-BPA-2-IR,0,0,0,653,20,31,78,0,348,0,0,129,472,153,24,0,0,408,128,96,65,1767,2,23,68,1,0,3,201,272,5,11,560,496,1,30,13,92,4,202,399,617,123,0,272,2,979,0,15,6,98,5,0,0,444,0,0,1,979
cell_123-BPA-2-IR,129,0,0,140,47,853,841,0,192,7,0,472,289,0,142,2,0,1589,1510,241,0,506,6,10,264,2,284,2,73,473,0,206,822,919,2,12,48,1240,1,202,1849,5074,2303,0,474,2,1434,3,224,0,1853,590,0,0,431,0,0,1,1433
cell_124-BPA-2-IR,54,0,0,21,47,1442,242,9,17,2,1,2943,1505,16,114,0,0,99,639,65,90,0,196,20,172,0,29,27,8,21,0,4,238,78,2,9,107,164,0,48,231,862,561,0,16,3,163,0,234,530,1124,436,4,0,298,0,0,0,166
cell_125-BPA-2-IR,70,30,0,90,26,90,103,2,8,0,0,144,40,25,17,24,0,23,26,9,21,71,20,1,40,0,57,0,13,7,5,15,126,25,0,0,177,41,0,10,50,172,69,3,7,0,169,0,62,105,100,11,0,0,48,0,0,0,175
cell_126-BPA-2-IR,2,86,0,22,141,128,52,0,0,0,0,846,0,221,3,59,0,86,0,0,21,512,4,0,26,4,63,14,0,66,0,111,148,0,1,0,91,0,0,290,4,82,0,0,66,1,1145,0,349,1555,0,0,0,0,439,0,0,0,1149
cell_127-BPA-2-IR,24,0,0,693,171,43,24,12,24,0,0,2515,1459,128,574,2,0,625,335,96,111,10,671,102,244,0,1165,2,38,30,0,133,638,9,5,0,720,688,28,238,1219,2629,352,0,30,3,222,0,377,502,678,422,0,0,123,0,0,0,223
cell_128-BPA-2-IR,49,18,0,101,37,68,67,1,10,0,0,124,38,17,16,23,0,11,9,9,17,28,14,0,25,0,34,0,7,16,0,15,147,10,0,0,165,51,0,35,53,91,36,0,16,0,141,0,42,47,82,6,0,0,77,0,0,0,137
cell_129-BPA-2-IR,80,16,3,138,60,90,113,0,17,0,0,75,58,63,13,61,0,43,31,0,17,108,60,1,82,0,71,0,5,21,0,20,146,17,0,0,232,37,0,29,90,205,65,3,21,0,297,0,90,133,146,4,0,0,101,0,0,0,298
cell_13-BPA-2-IR,121,0,0,0,0,105,79,36,266,6,0,171,1,41,6,0,12,211,0,0,78,977,85,0,133,0,1119,8,0,165,52,59,1298,3,0,0,722,813,36,121,0,1109,0,0,163,0,104,1,0,58,148,0,0,0,1125,0,0,0,114
cell_130-BPA-2-IR,159,5,0,524,2250,1433,989,182,796,18,0,5702,2642,138,52,0,1,993,1574,516,1859,509,125,79,72,0,2575,60,115,44,0,474,492,1840,12,0,319,1599,18,878,3692,1571,1948,0,43,3,861,2,584,224,3815,2691,0,0,633,0,0,6,866
cell_131-BPA-2-IR,121,29,5,205,19,119,128,3,7,0,0,155,58,29,33,38,0,57,28,8,40,143,28,2,55,0,123,0,13,24,0,30,219,25,0,0,286,60,0,38,97,244,105,0,27,1,292,0,99,114,150,12,0,0,128,0,0,0,292
cell_132-BPA-2-IR,99,0,0,271,446,160,42,0,76,0,0,3830,612,0,0,0,0,0,314,70,76,14,55,0,43,0,1904,0,0,35,0,79,53,22,1,0,323,480,0,23,2292,25,1266,0,35,0,315,8,308,2799,4767,191,0,0,1202,0,0,0,314
cell_133-BPA-2-IR,1307,269,0,3070,744,908,2027,42,81,0,0,589,835,780,35,279,1,415,384,94,524,1401,420,44,636,0,157,28,11,593,0,280,4371,486,14,61,1553,2710,8,1314,2022,6129,491,0,592,6,1409,5,1719,300,2241,255,0,0,1124,1,0,9,1408
cell_134-BPA-2-IR,3,0,0,121,189,199,44,0,133,0,0,139,252,0,15,0,0,15,436,326,13,122,19,0,240,0,125,84,8,43,0,10,191,0,1,0,183,442,13,201,400,295,215,0,42,0,255,0,624,735,779,0,0,0,208,0,0,0,251
cell_135-BPA-2-IR,189,389,0,1115,606,1728,194,2,0,9,0,0,0,712,24,1757,0,598,0,0,533,516,93,0,1331,0,195,133,0,437,0,426,4232,0,8,0,4350,0,0,2045,0,787,3,0,434,0,1694,0,366,253,3,0,0,1,1159,0,0,1,1705
cell_136-BPA-2-IR,834,358,0,1594,242,1173,1650,5,179,4,1,1182,428,179,813,1333,0,253,878,167,535,860,133,9,597,2,995,54,130,1274,0,342,1807,716,10,20,2154,172,0,1618,532,1057,305,0,1273,2,977,0,481,533,900,222,2,0,472,1,0,0,974
cell_137-BPA-2-IR,950,97,0,866,918,1349,1340,3,0,1,0,2882,0,1500,97,1267,1,152,0,0,585,615,0,0,615,0,203,2,0,172,0,595,494,0,0,0,902,0,1,544,0,223,3,0,171,1,2192,4,2000,746,0,2,0,0,2119,0,0,0,2179
cell_138-BPA-2-IR,438,0,1,1914,571,412,1801,0,425,2,0,1,2268,32,0,0,0,997,395,110,0,28,291,0,65,0,1744,4,0,407,0,379,787,0,0,66,330,961,37,823,1717,0,1399,0,407,1,6,2,165,1536,1702,233,0,0,2,0,0,0,3
cell_139-BPA-2-IR,157,52,0,23,13,5,200,0,0,8,0,0,0,162,2,356,0,16,0,0,143,6,4,0,393,0,87,32,0,90,0,95,829,0,0,0,302,0,0,179,0,152,0,0,94,0,155,0,323,156,5,0,0,0,54,0,0,0,155
cell_14-BPA-2-IR,32,54,0,75,113,422,69,14,1,4,0,0,0,57,71,1071,0,0,0,0,28,102,97,0,469,0,20,5,0,143,0,46,73,0,1,0,499,1,0,27,1,517,1,0,143,2,1237,0,232,2244,0,0,0,0,119,0,0,1,1237
cell_140-BPA-2-IR,90,13,4,148,41,80,129,0,8,0,0,122,58,19,18,42,0,60,31,11,29,161,32,1,58,1,74,0,7,13,0,27,116,20,0,0,263,40,0,11,74,241,77,6,13,0,254,0,88,83,94,8,0,0,101,0,0,0,256
cell_141-BPA-2-IR,1635,584,0,681,170,689,225,31,453,6,0,3492,41,486,0,331,0,268,67,89,134,412,49,0,845,0,958,169,442,1541,0,149,1557,46,3,38,1697,89,14,1158,213,3455,364,0,1540,0,853,3,1514,724,424,587,0,0,383,2,0,0,854
cell_142-BPA-2-IR,6,119,0,77,482,477,61,0,0,0,0,1202,0,52,909,145,0,28,0,0,57,336,56,0,76,0,10,2,0,15,0,53,367,0,0,0,4542,0,0,7,0,199,0,0,15,0,1172,0,165,129,1,0,0,0,375,0,0,4,1176
cell_143-BPA-2-IR,369,0,0,874,136,444,1262,0,404,10,0,617,542,593,16,0,0,358,345,265,653,684,0,2,684,0,273,6,18,211,14,13,1443,76,6,16,2311,1483,15,668,756,1516,256,0,210,2,397,1,429,70,817,16,0,0,490,0,0,0,396
cell_144-BPA-2-IR,59,25,0,527,264,1349,111,18,140,16,0,1695,47,174,7,345,0,128,212,2,38,735,0,0,48,0,453,14,3,296,0,172,743,115,3,0,730,130,10,122,252,2205,1040,0,295,0,466,0,360,19,645,17,0,0,1488,0,0,0,468
cell_145-BPA-2-IR,176,0,0,57,174,305,61,0,25,19,0,168,322,242,149,0,0,91,227,54,34,0,0,8,185,0,18,8,0,3,0,40,72,514,6,0,473,439,2,133,145,737,389,0,3,3,306,0,267,29,424,10,0,0,22,0,0,0,305
cell_146-BPA-2-IR,148,0,0,144,16,42,75,0,208,0,0,51,29,60,0,0,0,111,101,23,16,394,7,0,24,0,566,38,36,563,0,31,582,0,1,55,506,255,3,2,872,261,1715,0,563,0,180,0,15,21,290,597,0,0,515,0,0,6,178
cell_147-BPA-2-IR,49,970,0,514,53,31,6,0,0,0,0,1,0,142,1,786,0,1074,0,0,321,341,323,0,238,0,63,73,0,197,0,127,647,0,4,0,397,0,0,420,1,806,0,0,196,2,457,0,306,34,0,0,0,0,9,1,0,0,457
cell_148-BPA-2-IR,21,0,0,857,125,2045,394,12,396,0,0,407,1036,11,0,0,0,29,91,110,1,6,72,18,95,0,29,0,368,115,0,104,3139,39,1,0,3991,434,10,185,440,2056,1323,0,115,2,263,0,237,409,2815,142,0,0,183,0,0,0,263
cell_149-BPA-2-IR,83,21,0,122,23,76,59,0,5,0,0,90,30,39,18,63,0,12,19,2,21,51,28,1,41,0,69,0,1,17,0,6,65,23,0,0,152,25,0,33,39,190,53,0,17,0,153,4,54,74,72,6,0,1,70,0,0,0,157
cell_15-BPA-2-IR,629,67,4,1359,771,505,278,1,0,4,0,5421,0,205,46,2124,0,633,0,0,1057,2500,133,0,437,0,803,9,0,421,0,588,1467,0,1,0,1033,0,0,1068,12,1678,2,0,421,1,1302,3,1171,325,13,0,0,0,2332,0,0,0,1304
cell_150-BPA-2-IR,169,0,0,867,181,1031,850,25,272,1,4,3488,1087,494,2,4,0,555,607,40,143,951,196,20,403,0,1655,19,90,220,11,766,843,410,2,6,2414,2120,32,399,3828,2240,1887,0,220,5,1249,16,1275,113,4837,404,0,0,421,1,0,1,1256
cell_151-BPA-2-IR,0,0,0,469,733,0,0,88,0,0,0,0,1,3040,22,2763,0,12,0,0,1048,4214,132,2,1265,1,150,13,1,473,0,2,907,0,7,0,3958,0,0,1693,28,1815,1,0,473,2,5209,0,1467,80,718,0,0,0,139,0,0,8,5212
cell_152-BPA-2-IR,38,0,0,48,131,192,99,0,0,0,0,1014,612,163,0,0,0,0,0,30,70,0,326,16,0,0,0,0,13,526,0,0,19,40,0,0,978,0,0,0,671,0,1533,0,526,0,328,2,145,328,104,10,0,2,229,0,0,0,328
cell_153-BPA-2-IR,498,0,0,353,174,218,0,0,446,18,0,2592,606,0,96,0,1,199,1453,146,0,0,0,17,286,0,0,6,2,562,0,13,235,310,11,0,0,311,39,0,3312,1,1525,0,562,0,11,2,709,432,5,237,0,0,336,0,0,0,1
cell_154-BPA-2-IR,36,0,0,383,10,0,2103,0,259,0,0,0,135,77,0,0,0,349,116,20,292,1424,46,1,111,0,40,7,872,2,0,168,1,8,3,4,487,505,19,239,695,1772,655,0,2,0,776,1,164,0,1609,232,0,0,1,0,0,2,783
cell_155-BPA-2-IR,311,491,0,282,332,302,678,7,0,5,0,3726,0,1203,423,1967,0,787,0,0,527,1696,43,0,689,0,557,36,0,524,0,336,7061,3,3,0,641,0,0,1645,6,1945,1,0,524,0,2974,4,1106,0,15,0,0,0,2307,2,0,0,2973
cell_156-BPA-2-IR,383,326,0,3003,1014,699,120,0,0,0,0,2659,0,425,13,1502,0,128,0,0,966,270,953,0,759,0,431,57,0,798,1,268,2527,0,0,0,139,0,0,938,16,1032,5,0,812,0,704,0,348,1221,2,0,0,0,36,1,0,0,704
cell_157-BPA-2-IR,7,3153,0,895,96,672,657,16,1,97,0,3227,0,737,315,576,0,200,0,0,246,849,680,0,1582,0,3563,11,0,2,0,241,4190,2349,14,0,1473,2929,0,648,7,2,4659,0,0,2,2074,6,1178,0,7,0,0,0,723,1,0,0,2066
cell_158-BPA-2-IR,902,0,1,487,132,629,466,33,51,0,1,2321,678,207,0,0,0,81,759,109,53,329,11,4,185,0,1246,0,2,55,0,0,399,506,1,7,687,1356,28,185,1174,1094,1491,0,55,0,1119,5,761,120,2271,444,0,0,396,0,0,0,1114
cell_159-BPA-2-IR,635,560,0,27,1049,69,392,0,2,3,0,0,0,497,271,1391,0,382,0,0,202,1781,824,0,920,0,833,116,0,724,0,195,1141,0,2,0,1786,0,0,700,5,1558,1,0,723,0,1266,2,961,1319,0,0,0,0,77,0,0,0,1269
cell_16-BPA-2-IR,505,0,0,1091,425,272,2614,6,29,0,0,1817,373,1,9,0,0,961,1890,285,1,1398,867,24,291,0,10,20,21,198,0,837,731,901,0,37,855,2241,64,281,2498,6666,1845,0,205,0,1895,1,665,96,252,143,0,0,1559,1,0,0,1894
cell_160-BPA-2-IR,4,0,0,124,250,39,0,8,210,0,0,174,111,10,0,0,0,11,105,18,131,51,0,19,61,0,63,0,144,0,0,95,262,27,0,24,5484,334,23,12,308,3473,747,0,0,0,957,0,2,259,22,12,0,0,138,0,1,0,952
cell_161-BPA-2-IR,186,115,0,259,306,80,389,1,0,0,0,161,0,32,69,246,0,0,0,0,113,383,278,0,364,0,40,17,0,208,0,149,1767,0,0,0,423,0,0,687,4,234,2,0,208,0,424,2,569,300,4,0,0,0,950,1,0,0,423
cell_162-BPA-2-IR,7,66,0,112,81,78,40,0,0,0,0,68,0,104,176,303,0,20,0,0,156,120,0,0,10,0,103,48,0,61,0,24,400,0,0,0,632,0,0,191,0,565,1,0,60,0,176,0,122,542,0,0,0,0,60,0,0,0,179
cell_163-BPA-2-IR,3,41,0,67,98,591,397,5,0,20,0,0,0,69,21,663,0,102,0,0,51,126,19,0,112,0,126,0,0,92,0,20,141,0,0,0,241,0,0,219,2,149,0,0,92,0,456,0,307,171,0,0,0,0,0,0,0,0,455
cell_164-BPA-2-IR,83,3,0,142,19,70,96,0,14,0,0,96,46,26,16,26,0,26,31,0,26,85,57,7,21,0,63,0,19,30,0,19,125,27,0,0,220,18,0,26,65,174,61,0,30,0,183,0,64,117,77,14,0,0,69,0,0,0,187
cell_165-BPA-2-IR,0,429,0,373,322,155,508,74,0,0,0,1551,1,134,688,1652,0,85,0,0,152,430,702,0,340,0,73,5,0,278,0,123,184,0,1,0,639,0,0,966,0,988,2,0,279,0,923,0,876,1257,0,0,0,0,1290,0,0,0,922
cell_166-BPA-2-IR,339,0,0,0,0,488,342,0,199,1,0,1229,517,814,0,0,0,0,544,78,1,1366,0,3,210,0,2,3,152,143,0,0,396,152,0,0,0,118,0,0,442,872,5,0,142,0,869,0,1416,707,875,671,5,0,0,0,0,0,869
cell_167-BPA-2-IR,279,0,0,1272,1007,466,1066,10,135,7,0,1089,1160,160,215,0,0,520,913,494,743,155,2296,17,263,0,1514,0,75,319,0,79,1236,577,5,13,503,553,3,382,4139,5553,4166,0,319,2,2328,7,704,4,567,348,0,0,1379,0,0,1,2335
cell_168-BPA-2-IR,544,0,3,521,386,326,1892,39,263,0,0,640,1506,409,543,0,0,852,422,134,5,1681,184,18,238,1,1911,16,7,1016,0,122,690,180,3,1,990,1519,5,294,1229,1570,3398,0,1010,0,401,24,2157,354,828,160,33,0,989,2,0,0,422
cell_169-BPA-2-IR,993,194,0,565,348,9,115,44,0,1,0,0,0,2729,1,566,0,742,0,0,212,206,480,0,269,0,24,32,0,235,2,148,1827,0,0,0,355,0,0,1413,0,4837,0,0,236,0,2189,0,2680,1638,2,0,0,0,1220,0,0,1,2187
cell_17-BPA-2-IR,2024,906,4,2174,2682,736,1527,4,0,28,0,2538,0,1705,731,1765,0,2681,0,0,420,1789,435,0,581,0,544,117,0,1126,0,217,3851,6,16,0,1426,1,0,1000,1,2601,7,0,1123,2,2488,1,1255,588,30,0,4,0,1914,0,3,1,2445
cell_170-BPA-2-IR,326,0,0,663,26,100,1105,3,387,0,0,1700,2544,583,34,3,0,371,769,132,115,1986,126,1,354,0,89,9,98,811,0,269,412,1060,1,78,202,651,28,289,4214,2474,2669,0,812,0,437,0,669,713,265,661,0,0,81,0,8,0,423
cell_171-BPA-2-IR,772,149,0,33,324,172,43,8,0,11,0,1294,0,64,11,613,0,211,0,0,76,282,224,0,77,0,38,3,0,120,0,60,717,0,0,0,1934,0,0,201,3,383,0,0,120,0,564,0,453,254,4,0,0,0,496,0,0,0,567
cell_172-BPA-2-IR,0,0,1,0,301,215,0,37,47,0,0,4330,0,1777,128,0,1,675,1340,499,431,314,11,70,942,0,1538,0,119,790,0,354,1301,69,0,0,257,2485,12,760,2512,833,2,0,789,1,0,0,1195,1,545,128,0,0,701,0,0,0,0
cell_173-BPA-2-IR,396,0,0,455,21,436,1316,8,20,0,0,41,593,2,0,0,0,540,357,26,0,201,206,10,116,0,260,2,128,156,0,212,252,534,0,3,139,70,4,187,819,1142,476,0,156,0,291,0,0,324,747,207,0,0,429,0,0,0,291
cell_174-BPA-2-IR,78,0,0,4,13,865,907,0,166,5,0,374,103,26,197,0,1,157,107,16,3,0,28,14,138,0,0,0,27,60,0,29,596,34,1,0,514,4,12,189,911,332,356,0,60,0,726,1,15,232,384,10,0,0,7,0,0,0,725
cell_175-BPA-2-IR,1762,941,1,5,387,783,864,28,0,0,0,353,0,586,199,869,0,22,0,0,129,1597,43,0,763,0,1723,46,0,927,0,87,925,0,0,0,2462,0,0,607,1,981,1,0,923,2,1452,1,506,441,3,0,0,0,1150,0,2,1,1453
cell_176-BPA-2-IR,9,0,0,0,647,887,96,0,14,3,0,820,39,113,0,0,0,9,272,0,59,18,7,0,61,0,0,9,6,3,0,67,420,154,3,0,140,672,15,122,534,49,137,0,3,3,34,0,0,78,330,37,0,0,15,0,0,0,34
cell_177-BPA-2-IR,11,754,0,2101,1488,1339,0,12,0,5,0,1999,1,970,171,3096,0,1785,0,0,341,867,23,0,1159,0,104,135,0,1547,0,395,3078,0,10,0,1566,0,0,832,10,0,0,0,1545,3,2121,3,2005,544,9,0,0,0,2619,0,0,1,2119
cell_178-BPA-2-IR,1502,0,0,853,1305,1283,2107,64,106,3,1,4717,2214,572,289,2,2,2179,2611,1201,217,2199,153,102,1470,3,753,109,143,2861,2,1522,8928,340,0,67,632,6673,23,946,8887,6041,1287,0,2837,10,2492,1,2101,296,1588,1159,24,0,2575,0,0,4,2489
cell_179-BPA-2-IR,751,0,1,16,73,0,455,0,0,0,0,0,0,114,3,774,0,31,0,0,0,942,685,0,211,0,0,0,0,0,0,0,3364,0,2,0,1383,0,0,302,0,0,0,0,0,0,1004,0,264,0,0,0,0,0,0,0,0,0,1004
cell_18-BPA-2-IR,905,22,0,184,72,15,161,11,0,2,0,325,0,121,1019,353,0,360,0,0,64,498,41,0,139,0,132,5,1,44,0,49,204,0,2,0,172,0,0,371,0,1615,1,0,42,0,1375,1,239,34,2,0,0,0,262,0,0,4,1376
cell_180-BPA-2-IR,137,254,0,277,54,73,913,2,0,5,0,0,0,220,144,644,0,95,0,0,103,330,415,0,316,0,19,19,0,102,0,82,1136,1,6,0,1788,0,0,365,19,591,6,0,102,0,542,0,160,255,7,0,0,0,572,0,0,8,544
cell_181-BPA-2-IR,73,14,0,118,26,51,105,0,5,0,0,87,29,10,17,45,0,9,22,0,25,67,40,1,18,3,65,0,3,23,0,13,92,41,0,0,176,26,0,30,33,157,42,0,23,0,108,0,99,97,85,3,0,1,45,0,0,0,112
cell_182-BPA-2-IR,8,0,0,120,691,466,54,29,112,0,0,1218,532,1,0,0,0,38,918,262,57,3,2834,5,680,0,543,0,185,8,0,238,1587,7,3,25,0,161,5,11,1496,173,122,0,7,0,743,0,275,210,528,739,0,0,708,0,0,0,740
cell_183-BPA-2-IR,849,0,0,4013,100,3014,1033,0,261,6,0,1363,317,112,9,0,0,663,385,43,112,100,19,55,70,0,1479,0,57,494,0,313,1771,724,10,0,194,839,0,449,943,930,1725,0,495,2,281,0,691,94,1685,864,0,4,1441,0,0,0,281
cell_184-BPA-2-IR,78,16,0,133,16,66,96,1,2,0,0,101,51,33,12,19,0,40,24,2,13,94,51,0,40,0,83,0,4,11,2,19,94,31,0,0,149,44,0,16,55,117,78,0,11,0,180,0,77,87,105,4,0,0,114,0,0,0,180
cell_185-BPA-2-IR,10,0,0,339,32,81,204,0,55,0,0,385,350,84,44,0,0,101,410,184,17,0,751,16,308,0,157,4,133,175,0,14,272,474,3,25,4,289,0,69,2064,965,292,0,175,1,852,19,57,1610,98,3,0,0,83,3,0,0,849
cell_186-BPA-2-IR,761,0,0,612,611,445,497,58,311,0,0,469,672,83,27,0,0,216,662,235,34,544,417,29,592,0,245,294,82,335,0,446,1852,224,1,2,844,246,3,435,1800,1731,708,0,335,5,452,2,455,1141,2163,326,0,0,240,2,0,0,452
cell_187-BPA-2-IR,379,542,0,1682,718,1424,2385,35,3,15,0,8,0,1917,1302,1084,0,697,0,0,929,1538,292,0,1724,0,1020,19,0,1358,0,620,6006,1,23,0,748,1,0,1459,7,5599,5,2,1359,2,2094,0,2058,676,6,0,0,0,1305,1,0,0,2099
cell_188-BPA-2-IR,27,1,0,1600,90,123,1471,1,231,33,0,789,727,21,0,0,0,987,434,162,0,503,27,5,197,0,418,55,118,0,1,34,194,92,1,0,56,512,3,190,1426,153,362,0,0,0,1421,1,16,287,501,20,0,0,283,0,0,13,1422
cell_189-BPA-2-IR,62,113,0,21,172,57,432,5,0,0,0,0,0,273,0,624,0,0,0,0,35,222,0,0,154,0,6,0,0,105,0,39,196,0,0,0,750,0,0,115,0,411,0,0,104,1,277,0,28,1143,1,0,0,0,163,0,0,0,277
cell_19-BPA-2-IR,63,0,0,1225,114,624,1365,0,316,1,0,2931,718,380,26,0,1,994,215,251,0,19,49,39,81,0,855,111,14,125,3,67,1037,78,0,0,295,980,4,55,1673,3138,570,0,126,0,902,0,41,85,3598,613,0,0,181,0,0,1,899
cell_190-BPA-2-IR,33,2056,0,2330,416,762,1718,3,0,0,0,0,0,269,15,2976,0,6,0,0,154,672,2568,55,650,0,128,438,0,2203,0,230,509,0,3,0,1755,1,0,1051,0,5101,7,0,2198,4,1006,1,447,677,0,0,0,0,296,0,0,4,1018
cell_191-BPA-2-IR,104,15,0,121,53,89,70,0,17,0,0,110,49,29,17,45,0,35,22,0,9,89,40,0,24,0,33,0,3,4,0,8,106,37,0,0,204,55,0,23,70,215,67,4,4,0,189,0,64,96,108,2,0,0,66,0,0,0,185
cell_192-BPA-2-IR,1075,0,0,1185,625,1037,65,0,284,12,0,1855,1909,85,7,0,0,1351,544,3,39,78,8,25,184,0,772,19,225,732,0,186,500,7,9,105,2623,602,4,251,847,1307,1935,0,723,2,283,22,78,369,1259,193,0,4,1595,1,0,1,288
cell_193-BPA-2-IR,67,5,0,82,32,63,82,2,0,0,0,97,43,46,14,32,0,10,15,4,27,72,20,5,31,0,51,0,3,4,0,6,90,22,0,0,169,52,0,45,66,89,47,0,4,0,117,0,86,104,109,15,0,0,70,1,0,0,116
cell_194-BPA-2-IR,11,1110,0,1437,482,187,1327,13,0,0,0,42,0,31,271,1202,0,26,0,0,68,948,365,0,436,0,33,4,0,329,2,233,811,0,1,0,66,1,0,162,2,208,1,0,329,0,507,0,36,184,0,0,0,0,210,0,0,0,507
cell_195-BPA-2-IR,803,380,1,1972,432,1057,641,14,305,11,1,967,877,1041,228,699,0,494,455,176,349,950,651,20,814,0,348,110,126,1291,0,566,2657,204,2,33,1581,1863,9,1069,1692,2323,892,0,1303,1,1270,1,480,485,1379,214,0,0,347,0,0,1,1269
cell_196-BPA-2-IR,55,10,0,102,29,65,47,1,10,0,0,44,17,16,8,46,0,38,16,0,18,55,12,1,33,0,31,0,6,12,0,14,69,9,0,1,142,38,0,35,32,118,34,0,12,0,106,0,70,93,83,2,0,0,71,0,0,0,106
cell_197-BPA-2-IR,1876,1,0,1110,625,1487,3814,17,490,8,0,5191,2278,871,481,1,0,1223,2540,395,53,471,817,124,614,0,1288,36,115,2913,0,653,2706,1243,4,50,1364,2806,30,1612,3597,6640,2197,0,2897,2,1628,3,690,822,1035,899,0,0,2751,0,0,0,1632
cell_198-BPA-2-IR,1551,1995,0,9,1750,936,726,5,0,0,0,2,1,830,35,3789,0,929,0,0,1149,2035,1321,0,1636,0,572,130,0,1546,0,575,3627,5,0,0,960,0,0,1201,11,2833,0,0,1540,5,2521,1,882,649,6,0,0,0,1643,1,0,4,2507
cell_199-BPA-2-IR,87,26,0,109,32,94,101,1,19,0,0,190,85,68,61,68,0,35,24,11,39,105,62,0,39,0,53,0,13,21,0,6,152,26,0,0,252,34,2,35,88,207,88,4,21,2,244,2,74,173,156,13,0,0,83,0,0,0,244
cell_2-BPA-2-IR,544,0,0,707,116,278,337,3,131,0,0,1029,548,626,41,0,1,154,772,26,7,545,152,11,197,0,158,5,302,25,0,152,2129,0,3,5,2916,429,7,208,430,1150,663,0,7,0,115,1,176,356,579,69,0,0,393,1,0,0,115
cell_20-BPA-2-IR,6,0,0,1021,17,628,255,0,16,0,0,25,370,7,1060,0,0,275,154,64,242,148,311,16,108,0,7,0,50,147,0,41,2126,59,1,0,2413,861,35,82,261,921,496,0,147,1,316,0,588,76,141,14,0,0,129,0,0,0,311
cell_200-BPA-2-IR,81,0,0,284,267,1787,483,12,82,0,0,1116,759,0,0,0,0,333,378,118,87,82,185,9,292,0,406,0,75,0,0,183,411,122,1,0,170,159,25,234,932,3,349,0,0,0,275,0,12,124,181,141,0,0,174,0,0,0,275
cell_201-BPA-2-IR,78,28,0,118,13,87,73,0,15,0,0,70,50,19,27,39,0,21,25,3,18,67,26,1,42,4,63,0,18,10,5,20,95,23,0,0,153,35,0,9,28,129,39,0,10,0,113,0,31,82,89,2,0,0,98,0,0,0,114
cell_202-BPA-2-IR,88,12,0,113,20,80,62,0,8,0,0,90,45,25,13,20,0,28,36,2,24,109,23,1,21,0,53,2,9,6,1,17,94,22,1,0,165,17,2,37,39,127,42,0,6,1,128,1,79,71,89,4,0,0,96,0,0,0,132
cell_203-BPA-2-IR,65,20,0,164,33,74,144,0,26,0,0,100,57,27,17,50,0,35,26,9,41,99,22,0,37,0,80,0,26,19,0,24,126,36,0,0,177,10,0,39,83,222,95,0,19,5,206,0,85,117,111,12,0,0,86,0,0,4,205
cell_204-BPA-2-IR,132,0,0,265,31,61,327,3,276,2,0,404,459,27,0,0,0,32,262,77,19,87,55,4,222,0,153,0,254,0,0,40,278,55,0,0,1,12,0,90,1315,149,151,0,0,0,172,0,37,590,748,10,1,0,714,10,0,0,172
cell_205-BPA-2-IR,45,0,0,1677,8,0,279,0,30,0,11,950,382,116,231,1,0,442,180,28,103,355,541,0,270,0,109,0,345,114,2,127,340,2,0,0,740,603,39,292,691,449,749,0,114,0,444,2,33,966,545,86,0,0,818,0,0,2,446
cell_206-BPA-2-IR,1637,630,0,1,124,867,2449,43,0,0,0,0,1,1653,232,1810,0,0,0,0,4,1145,59,0,0,0,0,7,0,1374,0,90,319,0,1,0,1107,0,0,1679,3,0,3,0,1423,0,1491,0,1885,1143,0,0,0,0,1111,0,0,0,1492
cell_207-BPA-2-IR,59,21,0,108,14,90,100,3,9,0,0,109,31,40,18,53,0,54,31,3,30,76,43,0,44,0,74,0,5,19,0,25,99,16,0,0,209,52,3,27,57,183,52,7,19,0,163,0,65,120,100,6,0,0,66,0,6,0,165
cell_208-BPA-2-IR,564,335,0,468,332,71,476,7,0,1,3,0,0,357,223,325,0,231,0,0,433,612,792,0,190,1,908,16,0,174,0,92,409,0,0,0,306,0,0,260,7,1785,1,0,174,0,1539,2,182,57,3,0,0,0,1607,3,0,4,1544
cell_209-BPA-2-IR,12,0,0,136,535,645,7,0,176,0,0,828,824,53,144,0,0,799,191,31,11,210,26,3,110,0,33,0,92,0,0,15,464,31,0,0,785,112,1,337,47,201,281,0,0,0,1523,0,60,991,61,229,0,0,138,0,0,1,1513
cell_21-BPA-2-IR,107,0,0,1428,267,608,307,0,263,3,0,2610,1321,44,15,0,0,219,572,206,23,382,10,5,911,0,52,24,0,189,0,149,998,52,0,9,2355,94,24,365,1183,1930,1490,0,189,0,679,2,106,841,1436,189,0,0,3376,0,1,2,681
cell_210-BPA-2-IR,305,0,0,41,78,3,6,0,61,0,0,942,149,120,19,0,0,93,212,2,0,120,0,0,38,0,5,37,11,8,0,38,135,6,0,0,46,12,0,30,165,118,75,0,8,0,20,1,21,431,182,0,0,0,53,0,0,0,20
cell_211-BPA-2-IR,708,0,0,450,134,114,813,0,3,0,0,4724,668,420,0,2,0,954,1499,68,309,2497,357,102,277,0,75,41,137,444,5,612,2888,772,0,0,215,345,0,460,2040,1297,207,0,449,0,1303,1,208,768,1105,90,0,0,195,1,0,0,1301
cell_212-BPA-2-IR,67,77,0,1014,0,670,882,0,180,0,0,2122,1940,63,30,244,1,177,456,44,66,442,53,1,684,1,165,63,1354,222,0,99,774,609,1,6,1508,181,0,695,295,538,508,0,222,0,883,2,347,593,322,445,0,0,192,1,0,6,883
cell_213-BPA-2-IR,1981,1660,0,6,612,141,1590,0,0,4,0,0,0,868,30,1341,0,425,0,0,527,293,0,0,195,0,153,2,0,165,0,306,3778,0,0,0,1536,0,0,517,2,1142,5,0,175,2,1220,1,236,1624,0,0,0,0,1196,0,0,3,1229
cell_214-BPA-2-IR,109,0,0,2367,597,102,143,0,15,1,0,315,1580,94,0,0,0,590,466,282,148,157,90,57,308,0,61,16,173,234,0,85,1158,73,1,2,832,530,0,22,1140,853,397,0,234,0,276,1,45,806,980,67,0,0,1432,11,0,0,274
cell_215-BPA-2-IR,1925,9,0,1133,338,30,479,14,454,17,0,5371,2740,4,26,7,1,447,1012,774,114,1571,4740,15,101,0,1010,8,9,2385,0,624,1812,869,1,4,13,1399,10,400,2036,2888,2793,0,2376,9,310,0,806,71,3195,88,28,0,845,0,2,3,312
cell_216-BPA-2-IR,108,83,5,35,353,503,9,15,0,0,0,1708,1,119,59,525,0,65,0,0,70,458,17,0,94,0,6,17,0,810,0,121,2319,0,0,0,66,0,0,1038,0,35,0,0,809,0,1389,1,13,49,6,0,0,0,1445,0,0,2,1390
cell_217-BPA-2-IR,24,0,0,44,12,11,259,0,12,0,0,525,39,0,0,0,0,229,156,3,0,67,308,0,98,0,23,5,0,60,0,122,96,149,0,0,51,16,0,65,577,39,143,0,60,0,223,0,0,196,66,12,0,0,5,0,0,0,223
cell_218-BPA-2-IR,605,282,0,429,935,87,1252,45,3,24,0,0,0,890,333,1434,0,139,0,0,59,439,189,0,1556,0,484,123,0,302,1,122,3203,0,13,0,3548,0,0,829,7,1991,2,0,300,3,1059,0,1207,325,2,0,1,1,280,0,0,1,1063
cell_219-BPA-2-IR,45,417,0,41,257,670,25,0,0,4,0,730,0,117,21,673,0,11,0,0,342,735,30,0,566,0,0,0,0,67,0,152,1128,0,0,0,774,0,0,501,5,444,1,0,66,2,323,0,68,515,9,0,0,0,719,0,0,0,323
cell_22-BPA-2-IR,9,73,0,961,390,1787,69,14,0,0,0,0,0,392,76,2872,0,217,0,0,3,703,25,0,216,0,18,6,0,363,0,116,1858,0,3,0,750,0,0,770,0,745,0,0,364,0,264,0,251,1058,1,0,4,0,74,5,0,0,270
cell_220-BPA-2-IR,801,0,0,217,58,1007,1007,14,15,0,0,65,437,0,0,0,0,369,372,93,0,200,570,3,84,0,608,5,291,130,0,230,445,308,0,0,162,52,2,91,1008,2849,772,0,130,0,471,1,1,307,754,202,0,0,474,0,0,0,471
cell_221-BPA-2-IR,77,6,0,88,32,74,80,3,15,0,0,121,45,25,15,41,0,24,26,4,43,88,33,0,32,2,52,0,14,14,0,5,133,17,0,0,142,30,0,56,27,192,47,2,14,0,166,0,63,127,87,8,0,0,72,0,0,0,163
cell_222-BPA-2-IR,1024,0,0,1625,273,122,3,20,91,0,0,63,11,34,0,0,0,21,24,106,16,215,193,7,50,0,1528,22,31,204,0,163,121,0,0,1,861,1165,7,157,975,471,434,0,203,0,306,0,10,1085,493,117,0,0,272,0,13,1,308
cell_223-BPA-2-IR,56,11,0,83,15,68,86,0,5,0,0,78,25,44,3,23,0,16,3,0,18,55,10,0,27,0,65,0,19,3,0,14,62,21,0,0,149,25,0,12,25,194,33,1,4,0,114,0,54,60,64,3,2,3,32,0,0,0,116
cell_224-BPA-2-IR,66,0,0,45,185,325,440,0,0,1,0,2806,1866,103,0,0,0,1426,549,198,376,274,29,60,102,0,703,28,0,591,0,206,173,507,5,0,529,451,0,21,2825,1116,2727,0,591,0,188,0,147,233,494,122,0,0,141,0,0,0,188
cell_225-BPA-2-IR,863,0,0,2332,333,246,96,5,178,2,4,338,1616,669,3,28,0,37,55,13,149,68,32,0,81,1,6,2,28,410,0,499,1572,267,1,0,2398,1878,19,33,1979,2913,2330,0,410,4,374,0,468,2403,1593,85,0,0,555,0,0,0,375
cell_226-BPA-2-IR,17,0,0,236,23,431,583,3,1,0,0,85,75,72,24,0,1,74,607,1,25,44,54,24,96,0,267,0,36,61,0,93,114,3,0,0,1087,104,0,159,513,772,368,0,61,0,135,0,20,360,477,51,0,0,127,1,0,0,155
cell_227-BPA-2-IR,194,498,0,201,217,76,1720,4,0,0,0,204,0,1134,168,1157,0,1140,0,0,431,999,211,0,857,0,871,12,0,509,0,158,1469,0,0,0,1222,0,0,365,3,1118,2,0,509,1,1323,0,1074,967,0,0,0,0,1152,0,0,0,1322
cell_228-BPA-2-IR,95,44,0,122,47,97,104,0,6,0,0,126,103,57,30,27,0,51,30,5,50,133,28,0,41,0,108,0,23,7,2,28,167,44,0,0,239,37,0,41,52,205,79,1,7,1,274,0,106,150,158,9,3,0,140,0,0,0,275
cell_229-BPA-2-IR,76,3,0,101,31,58,85,2,5,0,0,71,29,41,16,33,0,34,26,4,22,84,31,0,18,2,79,0,22,3,0,8,69,22,0,0,166,23,0,21,39,149,44,0,3,1,184,0,47,86,63,10,10,0,61,0,10,0,185
cell_23-BPA-2-IR,0,0,0,6,379,7,96,0,17,0,0,201,336,4,0,0,0,0,48,1,0,72,638,2,343,0,2,3,132,123,0,25,48,80,3,0,15,128,17,23,647,347,962,0,123,1,730,1,601,259,1329,0,0,0,337,0,0,1,727
cell_230-BPA-2-IR,67,7,5,135,40,109,115,2,4,0,0,75,39,44,8,39,0,31,33,12,45,105,33,1,29,0,85,0,12,22,0,19,107,23,0,0,170,36,0,28,54,165,41,0,22,0,154,2,60,110,87,21,0,0,78,0,0,0,154
cell_231-BPA-2-IR,577,1,0,322,805,481,249,6,296,0,1,3109,947,95,18,0,1,995,879,344,52,139,656,2,264,0,1237,47,268,556,2,109,1932,411,4,145,427,582,8,328,785,1486,822,0,554,0,535,0,1465,277,2135,45,0,0,804,1,0,1,536
cell_232-BPA-2-IR,93,2,0,115,32,49,39,3,16,0,0,72,42,30,11,29,0,31,8,13,18,55,18,0,23,0,32,0,4,16,0,5,111,0,0,5,180,43,2,17,94,95,59,0,16,0,64,1,58,70,72,8,0,0,59,0,0,0,64
cell_233-BPA-2-IR,58,32,0,86,24,68,66,4,9,0,0,54,50,34,20,24,0,31,18,4,29,70,43,0,24,0,42,0,5,9,0,9,105,18,0,0,191,36,0,24,31,113,40,0,9,8,146,2,33,107,79,26,0,3,53,0,0,0,147
cell_234-BPA-2-IR,495,3,0,575,599,281,442,5,250,1,0,3207,1526,63,7,6,0,165,331,84,190,255,1745,8,367,0,2115,10,522,29,0,349,915,0,7,6,190,99,0,470,1830,1831,722,0,29,0,300,0,283,537,1934,657,0,0,2236,1,0,0,300
cell_235-BPA-2-IR,82,18,0,83,29,75,139,0,12,1,0,114,32,14,11,33,6,36,21,7,30,83,39,1,39,0,48,0,7,12,0,13,127,22,0,0,201,26,0,9,20,193,59,0,12,0,128,0,50,54,86,5,0,3,64,0,0,0,128
cell_236-BPA-2-IR,494,1,0,1748,541,307,358,5,65,10,0,4635,408,37,1192,0,0,255,576,146,144,744,203,30,523,0,644,6,15,549,1,214,1528,1600,0,0,279,555,30,301,1590,1960,2268,0,541,0,1446,1,732,628,2680,304,0,0,1529,0,0,0,1453
cell_237-BPA-2-IR,359,59,0,582,431,211,1207,2,1,3,0,0,0,400,2,963,0,204,0,0,71,908,1,0,280,0,24,6,0,446,0,36,1826,0,0,0,1265,0,0,897,6,553,2,0,445,1,2007,1,187,435,0,0,0,0,69,0,0,0,2014
cell_238-BPA-2-IR,542,172,0,326,84,91,64,11,0,4,0,1591,0,55,186,727,0,417,0,0,159,28,135,0,174,0,708,16,0,197,0,16,123,0,2,0,431,0,0,203,11,170,0,0,198,1,397,0,535,1847,0,0,0,0,758,0,0,0,397
cell_239-BPA-2-IR,89,412,0,1007,556,169,416,33,0,0,0,1475,0,93,713,1457,0,144,0,0,75,747,104,0,1016,0,661,328,0,240,1,243,3560,0,1,0,470,0,0,2177,3,138,2,0,240,0,1192,0,1295,1932,6,0,0,0,729,1,0,0,1195
cell_24-BPA-2-IR,148,491,0,27,1823,183,786,14,0,7,0,3506,0,2152,0,4248,0,46,0,0,97,2381,1633,0,678,0,284,9,0,392,0,32,879,8,0,0,5232,0,0,591,2,1590,0,0,391,1,1153,3,1012,276,3,0,0,0,2039,0,6,0,1155
cell_240-BPA-2-IR,102,0,0,685,277,97,268,0,34,0,0,720,660,103,0,0,0,1730,498,44,49,21,83,11,202,0,81,20,77,17,0,61,287,134,1,0,1476,423,12,259,1688,2208,579,0,17,0,736,0,203,715,441,178,3,0,320,0,0,1,736
cell_241-BPA-2-IR,320,0,0,146,103,617,206,0,144,0,0,2963,168,126,0,0,0,25,20,15,32,0,0,0,73,0,14,0,375,1,0,20,387,104,3,10,78,21,1,166,490,273,609,0,1,0,707,0,181,444,7,91,0,0,562,1,0,0,721
cell_242-BPA-2-IR,36,0,0,1127,53,93,209,0,74,0,0,658,377,436,395,0,0,127,350,45,3,21,22,0,172,0,521,4,0,36,0,221,821,99,0,2,190,939,3,120,1422,879,760,0,36,0,185,1,46,194,953,136,0,0,90,0,0,0,184
cell_243-BPA-2-IR,97,0,27,3911,142,468,530,7,43,0,0,627,913,24,26,0,0,257,265,406,0,384,128,66,750,0,102,28,25,294,0,173,2636,736,3,6,1600,56,35,110,3597,3381,1791,0,294,0,198,1,1242,1022,926,559,0,1,42,0,0,1,199
cell_244-BPA-2-IR,697,443,0,165,946,198,1283,7,0,0,0,0,0,450,34,1235,0,53,0,0,402,1509,62,0,831,0,0,3,0,83,0,84,5100,0,0,0,2181,1,0,710,63,2018,1,0,83,4,1877,0,2745,110,7,0,0,0,585,0,0,1,1876
cell_245-BPA-2-IR,489,95,0,62,119,12,64,30,0,0,0,0,0,20,22,353,0,35,0,0,137,1303,22,0,163,0,73,9,0,214,0,169,1219,0,0,0,3160,0,0,593,1,491,1,0,213,0,609,4,126,670,5,0,0,0,1,0,0,0,607
cell_246-BPA-2-IR,21,495,0,25,439,1009,94,30,0,0,0,1923,0,1213,22,529,0,24,0,0,199,1371,82,0,705,0,915,52,0,2292,0,284,866,0,0,0,1312,0,0,1010,0,156,0,0,2289,1,758,0,1515,181,9,0,0,2,273,1,1,1,753
cell_247-BPA-2-IR,11,53,0,36,77,234,64,0,11,3,0,222,43,131,2,165,0,53,34,2,2,46,39,0,99,0,81,0,113,17,0,45,253,36,2,0,1159,13,0,91,151,300,105,0,17,0,270,0,3,531,36,0,0,0,81,0,0,0,269
cell_248-BPA-2-IR,301,485,0,533,44,481,831,34,0,0,0,0,0,76,36,918,0,0,0,0,352,73,0,0,377,0,47,2,0,30,0,87,2446,0,3,0,51,0,0,397,1,1108,1,0,30,0,681,0,81,496,0,0,0,0,92,0,0,1,680
cell_249-BPA-2-IR,123,1025,0,13,2207,1135,1657,0,0,2,0,3050,0,613,942,594,0,1380,0,0,497,155,156,0,829,0,217,39,0,1,1,272,1373,0,0,0,1115,0,0,1780,5,2464,4,0,0,0,758,0,2337,664,149,0,0,0,3670,0,0,1,748
cell_25-BPA-2-IR,66,8,0,113,35,65,67,0,7,0,0,94,41,39,14,45,0,40,34,2,31,93,33,3,42,0,60,0,8,34,0,22,106,13,0,0,161,23,0,30,66,167,60,0,34,0,159,2,45,74,49,0,0,1,109,0,0,0,159
cell_250-BPA-2-IR,50,5,0,102,26,69,79,1,3,0,0,99,29,22,1,16,8,35,16,3,52,61,26,1,22,0,54,0,20,21,0,8,94,25,0,0,181,39,0,30,27,158,46,0,21,3,136,0,38,86,44,4,0,0,46,0,0,0,138
cell_251-BPA-2-IR,0,711,0,908,1118,0,96,0,111,0,10,5435,955,0,0,4,1,0,0,1052,0,0,2945,64,817,0,279,0,64,65,0,250,17,0,0,0,0,929,32,1484,2813,617,6094,0,65,0,1711,1,0,0,6395,598,0,0,939,1,0,7,1711
cell_252-BPA-2-IR,1104,1,0,214,347,1298,121,66,238,0,0,1318,2172,156,46,0,0,530,1504,97,202,704,169,64,449,0,440,33,83,107,0,185,3219,30,0,55,3521,690,1,210,2918,1150,2968,0,101,0,1173,2,117,409,2169,226,0,0,855,0,0,1,1173
cell_253-BPA-2-IR,1443,0,0,219,51,138,1575,0,147,8,0,243,375,90,166,0,0,31,77,331,262,19,35,4,89,0,955,0,11,28,0,58,938,232,0,0,622,6,6,109,219,1357,26,0,28,0,517,0,194,630,490,18,0,0,527,0,0,1,514
cell_254-BPA-2-IR,829,0,0,583,30,98,3,0,20,0,0,472,257,1,0,0,0,45,160,5,200,78,183,6,39,0,456,7,4,2,0,53,69,16,0,5,116,244,2,32,293,1147,822,0,2,0,695,0,60,896,200,152,0,0,0,2,0,0,699
cell_255-BPA-2-IR,3,298,0,88,359,481,179,0,3,2,0,998,0,0,1007,15,0,139,0,0,114,683,64,0,1269,0,238,42,0,396,0,224,1872,0,5,0,560,0,0,1206,0,255,1,0,395,1,760,0,538,232,0,0,0,0,611,22,0,0,760
cell_256-BPA-2-IR,103,0,2,424,53,1226,821,0,49,5,0,2208,209,844,120,0,0,239,448,4,0,72,1022,16,272,0,50,11,12,570,0,263,1696,146,3,0,3041,3058,7,306,1491,1964,1620,0,568,2,1044,2,974,333,1269,137,0,0,569,0,0,3,1045
cell_257-BPA-2-IR,6,437,0,5,110,1100,95,35,0,6,0,0,0,477,147,636,0,0,0,0,48,208,134,0,316,0,818,109,0,504,1,0,303,0,0,0,1259,0,0,377,0,3843,1,0,504,1,141,5,398,168,0,0,0,0,374,0,0,0,141
cell_258-BPA-2-IR,107,0,0,2300,11,1866,127,0,653,0,0,590,22,43,0,0,1,81,232,148,10,215,29,159,118,0,40,3,551,8,0,133,26,107,0,0,370,204,17,215,934,129,547,0,8,0,302,1,0,745,133,168,0,0,51,0,0,0,304
cell_259-BPA-2-IR,3,0,0,588,768,88,151,6,99,0,0,257,322,2,463,0,0,101,383,20,23,84,40,1,1082,0,5,58,0,153,0,64,293,6,2,0,482,258,8,54,1186,225,749,0,150,0,714,0,1112,1093,2649,56,0,0,50,0,0,0,714
cell_26-BPA-2-IR,209,5,1,1923,56,73,264,0,30,0,0,2995,768,207,14,0,0,2015,378,307,0,390,60,5,92,0,35,25,33,1158,0,208,614,267,3,0,1911,932,0,274,1764,84,1046,0,1157,0,1178,0,233,121,2087,387,0,0,448,0,0,2,1181
cell_260-BPA-2-IR,1166,1,0,2527,837,1694,214,25,624,11,0,901,1946,114,1426,6,0,808,497,426,798,344,477,2,823,0,1457,46,253,1077,0,277,1994,133,13,0,61,889,79,1200,2849,1045,2016,0,1028,4,2119,20,25,274,1609,22,0,0,297,1,0,0,2124
cell_261-BPA-2-IR,259,62,0,0,374,623,1044,0,0,4,0,0,0,1004,83,668,0,0,0,0,179,1516,29,0,149,0,26,3,0,73,0,0,538,3,0,0,612,0,0,545,3,1199,0,0,73,0,250,8,253,1110,2,0,0,0,370,0,1,0,249
cell_262-BPA-2-IR,17,0,0,91,100,66,332,0,226,0,0,456,163,4,0,0,0,23,161,70,7,245,902,3,50,0,59,9,0,163,2,27,297,18,0,0,890,1187,0,216,130,1769,1607,0,162,0,796,1,1404,200,711,34,0,0,58,0,2,1,793
cell_263-BPA-2-IR,36,34,0,58,31,57,92,0,0,0,0,45,0,24,1,153,0,14,2,0,15,313,10,0,37,0,33,3,0,59,0,19,39,50,0,0,51,43,0,59,0,388,19,0,59,0,287,0,84,121,0,0,0,0,11,0,0,0,287
cell_264-BPA-2-IR,56,0,0,465,25,134,112,0,428,1,0,747,0,0,202,0,0,327,579,306,0,80,102,0,263,0,212,14,38,0,0,129,715,30,13,14,1786,139,5,273,814,4404,1648,0,0,0,584,4,0,383,649,7,0,0,134,0,0,1,585
cell_265-BPA-2-IR,65,24,0,154,19,95,120,2,10,0,0,112,50,29,9,46,0,22,28,8,44,103,41,0,24,0,93,0,16,11,0,8,125,38,0,0,170,18,1,17,37,179,68,0,11,0,193,12,61,86,77,5,0,0,58,0,3,2,195
cell_266-BPA-2-IR,1522,268,0,97,1640,741,127,0,0,0,1,2681,0,60,290,1948,0,101,0,0,392,459,0,0,515,0,370,0,0,75,0,132,0,0,1,0,549,0,0,663,6,562,5,0,74,0,1915,0,926,196,5,0,0,0,1322,0,9,0,1925
cell_267-BPA-2-IR,265,0,0,629,66,2012,177,21,225,6,0,1141,488,39,168,0,0,1066,508,341,285,1408,205,43,765,0,457,22,435,217,0,124,2341,543,1,19,142,793,12,76,1391,749,1443,0,216,2,498,1,1358,1192,1296,40,0,0,1462,0,0,2,501
cell_268-BPA-2-IR,768,1,0,1118,149,936,2335,5,719,0,0,249,2088,937,0,0,0,387,497,1057,164,87,288,70,758,0,438,2,119,965,9,899,1430,110,0,4,2612,785,62,706,1917,3622,2252,0,966,1,1024,1,1876,604,131,696,0,0,2433,0,1,2,1025
cell_269-BPA-2-IR,0,0,0,77,680,2573,53,15,365,3,0,446,547,5,49,0,0,0,342,64,86,269,18,37,308,1,1018,133,12,268,0,224,913,0,2,0,243,2311,29,1242,1311,2722,213,0,268,10,35,0,133,2756,1017,122,0,0,616,2,0,5,37
cell_27-BPA-2-IR,72,29,0,75,42,50,92,10,11,0,0,72,56,34,15,51,0,34,22,4,15,44,17,2,15,0,49,0,9,13,5,15,76,16,0,0,221,46,2,15,45,147,77,0,13,0,180,0,62,57,117,5,0,0,75,0,0,0,182
cell_270-BPA-2-IR,1451,0,0,173,167,1522,46,3,775,0,0,814,365,5,0,0,1,211,1319,373,111,336,102,15,47,0,538,22,363,3,0,172,3603,5,23,26,847,471,1,287,1055,340,95,0,2,0,406,0,820,546,105,241,0,0,1059,0,0,0,406
cell_271-BPA-2-IR,148,768,0,473,643,36,720,36,0,1,1,1,104,904,160,2430,1,1245,0,0,56,1785,181,0,362,0,169,34,0,303,0,96,1371,0,0,0,2018,0,0,619,2,1881,2,0,304,3,765,1,832,1290,4,2,0,0,44,4,0,2,766
cell_272-BPA-2-IR,5,0,0,121,73,352,2325,39,32,3,0,458,1575,8,75,0,1,370,584,340,77,428,27,66,240,0,573,15,339,1026,0,86,842,34,0,0,670,95,8,87,656,2216,55,0,1029,0,620,0,100,230,209,196,0,0,144,3,0,0,609
cell_273-BPA-2-IR,301,301,0,91,478,1591,1054,1,6,3,0,1288,0,181,0,539,1,206,0,0,192,1539,190,0,393,0,886,10,0,366,1,232,1630,0,0,0,2688,0,0,1006,0,320,1,0,366,0,1301,0,821,446,1,0,0,0,185,0,0,0,1308
cell_274-BPA-2-IR,2,1,0,1853,101,76,79,7,307,0,0,3234,754,380,60,0,0,20,439,221,34,421,12,75,554,0,371,6,64,588,0,2,742,601,1,0,556,423,6,192,2096,1228,679,0,578,1,141,0,37,33,806,245,0,0,724,0,0,1,141
cell_275-BPA-2-IR,78,124,0,216,279,190,1582,3,0,2,0,1037,0,118,1,796,0,335,0,0,142,1081,439,1,86,0,179,0,0,146,0,20,511,0,1,0,5076,0,0,340,0,122,2,0,146,0,1566,0,241,21,3,0,0,0,203,0,0,4,1570
cell_276-BPA-2-IR,41,24,0,95,43,79,79,0,16,0,0,112,40,32,2,17,0,38,47,4,19,38,40,0,37,0,50,0,11,9,0,25,108,13,0,0,161,33,1,11,33,164,69,5,9,0,188,9,111,87,74,10,4,0,78,0,4,0,187
cell_277-BPA-2-IR,338,207,0,1241,359,756,162,58,0,0,0,96,0,276,9,141,0,145,0,0,241,656,302,0,279,0,854,30,0,102,0,150,1670,1,1,0,1450,0,0,345,1,3254,3,0,102,0,1061,0,448,68,6,2,0,0,1188,1,0,0,1061
cell_278-BPA-2-IR,69,18,0,153,34,97,120,1,14,0,0,119,47,64,39,70,0,24,27,0,56,116,43,1,47,0,86,0,14,13,0,25,150,32,0,0,292,55,1,50,79,218,105,0,13,0,253,4,62,145,135,1,0,0,109,0,0,11,254
cell_279-BPA-2-IR,85,58,0,53,88,2,112,0,0,0,0,117,0,58,0,92,0,4,0,0,12,160,0,0,94,0,104,0,0,19,0,72,68,0,0,0,341,0,0,115,3,219,0,0,19,0,406,0,142,150,0,0,0,5,154,0,0,0,399
cell_28-BPA-2-IR,23,0,0,1137,1460,773,15,0,361,4,2,166,1934,51,145,0,1,549,862,106,118,120,18,12,243,0,120,10,2,62,6,565,298,891,1,1,91,881,2,1149,1144,2833,809,0,62,2,366,1,943,944,207,356,0,0,437,0,0,0,368
cell_280-BPA-2-IR,456,1,0,28,392,1252,738,34,79,4,0,3262,607,354,1106,2,0,950,619,153,303,51,359,75,956,0,690,17,20,246,0,0,671,36,2,0,403,535,43,501,1800,2688,2699,0,248,2,820,2,652,701,251,107,0,0,278,0,0,1,818
cell_281-BPA-2-IR,26,289,32,74,3554,5,187,185,0,4,0,0,0,3306,35,342,0,911,0,0,486,1411,40,0,951,0,29,67,0,717,0,557,905,0,0,0,1561,0,0,780,5,2100,0,0,718,9,1028,13,4927,0,5,0,0,0,304,1,1,0,1031
cell_282-BPA-2-IR,51,354,0,479,49,681,226,4,0,0,12,2230,0,69,19,154,0,76,0,0,481,987,769,0,547,0,62,14,0,805,0,33,1492,6,12,0,165,0,0,94,6,3721,0,0,805,2,158,1,1124,96,13,0,0,0,1602,0,0,0,155
cell_283-BPA-2-IR,1634,625,0,2486,1007,1151,2509,26,115,12,0,1359,651,1832,702,3248,1,1626,415,245,461,2713,2091,73,1078,0,2514,90,33,1675,2,626,4412,1287,15,19,990,1144,29,3099,1756,6317,1935,0,1674,4,2337,3,2087,245,1564,588,2,0,2282,2,1,3,2335
cell_284-BPA-2-IR,650,0,0,519,14,1876,1964,0,414,2,0,3204,283,6,504,0,1,284,893,240,85,132,105,0,77,0,46,12,69,607,0,103,485,54,1,9,54,0,57,35,105,2368,1899,0,575,2,499,0,468,284,1561,1046,0,0,1044,0,0,0,496
cell_285-BPA-2-IR,270,0,0,502,45,295,450,0,100,3,0,1011,1030,0,14,0,0,14,446,42,23,45,67,37,131,0,31,3,29,7,0,52,248,7,0,0,582,86,26,1,833,80,1696,0,7,0,93,0,158,999,467,75,0,0,71,0,0,0,93
cell_286-BPA-2-IR,10,0,0,17,0,154,111,0,134,0,0,7,584,0,64,0,0,127,184,76,77,0,10,4,106,0,0,15,168,26,0,137,11,517,39,0,2856,85,4,15,238,2333,139,0,26,0,56,0,224,770,110,279,0,0,6,0,0,2,58
cell_287-BPA-2-IR,1114,437,0,435,525,1602,1606,3,332,96,0,2311,1447,394,442,1557,0,768,651,271,505,1116,1037,5,491,0,1381,17,314,625,76,428,1785,717,45,45,2196,838,20,931,2166,2705,1225,0,631,1,1965,1,833,303,2501,515,1,0,879,1,0,2,1961
cell_288-BPA-2-IR,175,0,0,204,934,1551,376,0,53,0,0,553,588,675,0,0,0,1286,1071,54,2,1097,678,7,0,0,862,23,312,374,0,110,0,0,0,0,44,2207,31,99,2862,348,1686,0,372,1,862,0,629,2,429,249,0,0,123,0,0,0,870
cell_289-BPA-2-IR,79,15,0,112,17,57,76,1,11,0,0,90,57,30,5,48,0,30,15,7,37,37,33,0,22,0,55,0,9,13,0,11,100,41,0,0,205,25,0,47,35,218,48,0,13,0,230,0,63,77,78,14,0,0,95,0,0,0,234
cell_29-BPA-2-IR,18,0,0,139,151,544,246,0,30,0,0,0,123,0,0,0,0,217,437,47,1,125,68,12,42,0,0,0,233,18,0,76,1,0,0,9,799,0,7,181,1824,805,303,0,19,0,549,0,108,0,530,6,4,1,69,0,0,0,549
cell_290-BPA-2-IR,41,0,0,526,181,162,122,19,217,0,0,1329,606,485,43,0,0,136,19,94,241,585,480,4,417,0,1194,7,188,112,0,34,885,360,4,0,714,468,15,0,2973,346,2648,0,112,0,839,0,37,204,227,96,0,0,1368,0,1,0,842
cell_291-BPA-2-IR,72,18,0,89,21,80,85,1,1,0,0,132,44,37,10,39,0,28,25,0,39,81,30,0,63,0,42,3,7,25,4,35,88,12,0,0,189,18,0,26,41,182,64,0,25,0,200,0,93,66,85,8,0,0,77,0,0,0,204
cell_292-BPA-2-IR,1335,1834,0,3274,2759,2290,1921,0,455,23,1,1407,833,417,449,1676,0,1334,3128,240,567,1638,83,31,1075,0,2579,42,305,853,0,439,1002,1758,17,69,990,1064,60,881,2637,5262,3075,0,846,7,2395,132,1070,478,4354,117,8,0,779,1,1,10,2397
cell_293-BPA-2-IR,283,0,0,279,345,337,67,0,37,0,0,143,176,26,110,1,0,345,0,157,40,266,43,2,367,0,239,8,10,188,2,220,48,433,2,9,929,291,0,87,225,2634,679,0,183,0,668,0,3,202,419,307,0,0,1286,0,0,0,667
cell_294-BPA-2-IR,111,14,0,152,49,122,123,5,6,0,1,154,46,43,11,85,0,40,32,5,23,83,30,5,58,5,81,0,33,7,0,13,141,37,0,0,243,33,0,15,61,237,87,0,7,0,315,0,114,93,123,20,0,0,141,0,8,2,318
cell_295-BPA-2-IR,3,0,0,1933,62,357,7,0,6,0,0,683,1073,259,47,0,0,358,426,0,0,79,76,58,0,0,139,0,21,0,0,90,1420,70,2,0,1,398,3,241,138,144,380,0,0,0,431,7,276,0,3212,0,0,0,921,0,0,2,430
cell_296-BPA-2-IR,78,25,0,72,40,36,69,5,16,0,0,107,66,10,2,32,0,32,19,8,28,39,20,4,32,0,58,0,0,4,0,9,114,15,0,1,198,34,1,30,69,66,53,0,4,0,112,0,95,68,71,9,0,0,92,2,0,0,112
cell_297-BPA-2-IR,15,0,0,530,97,236,690,12,133,0,0,1254,1376,245,78,1,0,156,713,52,168,945,1,57,391,0,1052,5,107,146,6,171,1034,293,0,9,38,1452,6,153,526,1241,1087,0,146,1,1074,0,385,845,571,142,8,0,169,0,0,0,1105
cell_298-BPA-2-IR,438,0,0,903,368,389,277,38,94,0,0,1072,634,0,27,0,1,1198,984,272,7,1200,161,21,1224,0,1852,4,112,176,2,76,721,87,0,0,79,1763,1,58,2781,302,818,0,178,0,450,0,28,457,2873,61,0,0,105,0,0,0,451
cell_299-BPA-2-IR,894,1,0,1664,518,1483,749,52,336,1,0,2936,2280,2064,985,0,0,2009,727,1160,41,362,50,48,367,0,924,51,23,574,1,328,2412,1431,0,23,1069,1685,56,531,3207,814,6192,0,569,2,1684,4,366,716,3726,426,2,0,426,0,0,0,1687
cell_3-BPA-2-IR,130,0,0,329,97,65,12,0,100,0,4,278,298,0,3,0,0,72,118,14,7,150,2,0,37,0,2,0,103,0,0,14,103,0,1,0,86,153,0,10,184,995,64,0,0,0,212,0,13,238,311,58,0,0,81,0,0,0,215
cell_30-BPA-2-IR,152,1,0,631,240,221,396,6,114,1,0,798,1450,162,97,0,0,61,826,48,111,145,423,0,177,0,247,0,265,141,0,158,663,313,3,15,235,232,5,378,1230,33,962,0,142,0,309,0,695,546,1073,338,0,0,1356,0,0,4,309
cell_300-BPA-2-IR,40,0,0,4,41,861,32,0,36,2,3,436,238,154,0,0,0,117,41,7,0,94,668,16,123,0,8,22,24,0,0,170,426,0,0,5,882,17,2,214,205,509,306,0,0,0,486,0,121,825,36,73,0,0,26,0,0,0,486
cell_301-BPA-2-IR,13,2,0,552,118,1582,73,0,225,0,1,307,389,15,0,0,0,194,308,23,528,734,0,10,12,0,194,0,43,646,0,78,161,130,7,0,67,801,10,11,1075,61,719,0,645,0,302,0,62,422,152,24,0,0,249,0,0,0,308
cell_302-BPA-2-IR,20,386,0,13,395,32,127,25,0,1,0,1572,0,96,519,510,0,574,0,0,50,315,164,0,176,0,589,0,0,234,0,258,1063,0,3,0,223,0,0,669,2,113,0,0,233,6,1007,0,529,338,1,0,0,0,146,0,0,0,1005
cell_303-BPA-2-IR,34,46,1,68,102,124,47,0,0,1,0,1257,0,376,6,419,0,253,0,0,253,187,584,2,33,0,4,23,0,60,0,104,712,0,0,0,2287,0,0,36,2,490,0,0,60,1,947,0,35,474,0,0,0,0,443,0,0,0,950
cell_304-BPA-2-IR,406,0,0,52,737,55,346,0,146,0,0,3537,138,76,0,0,1,43,868,31,6,58,7,1,549,0,75,8,196,47,0,111,205,472,1,6,1706,41,2,110,903,4162,0,0,47,0,504,0,232,20,2384,438,0,0,335,0,0,16,504
cell_305-BPA-2-IR,132,0,0,50,376,187,137,0,212,14,0,642,709,408,0,0,0,217,437,118,0,201,616,0,2,0,36,77,6,9,4,109,95,0,50,47,865,557,1,53,818,1265,1154,0,310,1,923,1,551,1061,174,70,0,0,754,1,0,0,923
cell_306-BPA-2-IR,93,19,0,133,55,96,106,0,8,0,0,105,55,40,6,18,0,40,13,8,28,67,19,1,39,3,67,0,16,4,1,14,118,9,0,2,192,18,1,29,57,225,61,0,4,0,185,5,67,107,95,0,0,4,45,0,0,0,188
cell_307-BPA-2-IR,77,0,0,6,16,0,152,7,0,4,1,448,21,325,9,0,0,207,54,18,34,2169,10,3,13,0,0,23,0,148,0,123,672,11,3,3,421,117,0,169,596,164,1079,0,148,0,296,2,185,297,505,566,0,0,287,0,0,0,296
cell_308-BPA-2-IR,290,0,0,239,168,830,606,15,395,11,0,115,750,20,277,0,0,34,0,84,27,99,75,4,12,0,227,2,61,185,0,0,167,10,10,12,187,616,19,83,175,3592,1482,0,207,0,232,0,113,180,609,527,0,0,307,0,0,0,220
cell_309-BPA-2-IR,5,0,0,1490,1270,179,334,48,575,10,0,1106,848,61,41,0,0,988,649,465,221,58,217,43,226,0,568,36,791,233,0,236,1,760,2,16,1544,348,29,206,1745,2968,4,0,233,2,937,0,470,1600,1891,836,0,0,546,1,0,0,936
cell_31-BPA-2-IR,239,0,0,87,4,2,144,5,16,0,0,629,127,25,0,0,0,0,81,11,0,129,419,0,49,1,63,0,133,73,0,29,40,17,0,20,402,213,1,0,380,130,2,0,73,0,278,0,19,597,1194,196,0,0,351,0,3,0,278
cell_310-BPA-2-IR,159,0,0,1140,519,1248,631,0,87,0,0,962,359,19,0,0,0,5,73,4,21,0,0,1,534,0,349,0,59,37,0,22,10,357,0,7,198,226,2,11,608,451,417,0,37,0,67,0,51,487,343,46,0,0,588,0,0,0,65
cell_311-BPA-2-IR,351,1,0,835,359,571,133,13,135,1,0,1453,490,1,240,0,0,439,204,44,105,650,22,0,905,0,496,0,79,196,0,91,299,0,6,38,355,255,43,0,963,2990,1444,0,197,1,2806,0,47,351,1060,151,0,0,213,2,0,0,2820
cell_312-BPA-2-IR,28,0,0,348,0,218,827,0,153,0,0,180,713,1,0,0,0,5,97,12,0,123,0,4,34,0,365,0,198,4,3,0,17,16,1,4,19,10,0,117,139,547,275,0,4,0,101,0,135,18,29,224,0,0,168,0,0,0,101
cell_313-BPA-2-IR,81,13,0,103,48,88,140,4,2,0,1,169,56,61,11,54,0,33,30,5,39,106,51,2,57,0,83,0,19,22,0,16,128,40,0,0,306,35,0,23,70,248,79,2,22,0,256,0,153,139,101,2,0,0,124,0,0,0,256
cell_314-BPA-2-IR,48,17,0,80,17,64,83,0,14,0,0,71,36,14,11,69,0,54,13,6,23,74,28,3,40,0,37,2,19,15,0,4,86,20,0,0,125,36,0,47,65,110,38,0,15,0,155,0,29,55,71,6,0,0,68,0,0,0,155
cell_315-BPA-2-IR,102,17,0,111,51,59,73,2,7,0,0,74,72,41,17,19,0,17,34,2,17,66,12,1,31,0,53,0,1,20,0,6,64,20,0,0,182,20,2,11,71,93,62,0,20,0,124,0,68,68,57,10,0,0,92,0,0,0,125
cell_316-BPA-2-IR,91,19,0,125,33,111,85,0,13,0,0,116,58,86,14,67,0,31,24,1,24,114,29,5,60,0,64,3,8,2,0,19,100,24,0,0,251,26,1,34,71,180,87,0,2,0,283,0,47,124,110,4,0,0,81,0,0,0,289
cell_317-BPA-2-IR,65,7,0,78,15,85,114,0,14,0,0,128,50,36,10,36,0,44,14,2,30,111,47,0,43,0,58,4,8,12,0,27,107,27,0,0,200,30,0,18,60,174,52,0,12,4,226,1,90,78,80,1,0,8,90,0,0,0,225
cell_318-BPA-2-IR,204,565,0,134,661,50,113,7,0,5,0,2479,0,328,108,704,0,328,0,0,717,1985,4,0,282,0,1664,59,0,222,0,43,1240,2,2,0,2111,0,0,864,17,267,35,0,222,1,612,7,292,69,8,0,0,0,541,0,0,0,615
cell_319-BPA-2-IR,62,1122,0,43,82,6,129,0,0,0,0,1,0,223,6,849,0,858,0,0,122,67,251,0,1957,0,371,11,0,201,0,120,1355,0,0,0,70,0,0,508,0,826,2,0,201,0,622,1,276,521,0,0,0,0,237,0,0,1,621
cell_32-BPA-2-IR,223,0,0,723,382,1345,369,0,996,0,0,1206,796,1691,0,0,0,267,0,1357,657,1858,202,8,140,0,32,73,9,136,0,545,4713,2429,4,2,194,607,6,2171,5719,4341,1863,0,136,3,1338,15,345,2882,2152,492,0,0,845,3,3,0,1337
cell_320-BPA-2-IR,152,0,2,128,207,484,170,0,181,12,0,966,710,355,0,0,0,423,511,73,143,273,151,15,22,0,331,4,606,113,0,333,627,344,7,16,186,592,7,42,1339,1548,1500,0,115,0,1474,3,108,197,990,123,0,0,1274,0,0,1,1474
cell_321-BPA-2-IR,159,0,0,83,25,94,268,0,49,0,0,0,83,0,0,0,0,303,121,16,0,15,119,1,109,0,80,0,30,15,0,101,274,53,1,0,211,24,0,37,251,551,131,0,15,0,201,0,0,104,128,23,0,0,99,0,0,0,203
cell_322-BPA-2-IR,14,0,2,937,174,76,21,42,127,3,1,73,199,14,0,0,0,341,344,39,13,358,0,1,44,0,584,0,136,0,0,83,472,74,4,1,32,329,6,283,933,226,1192,0,0,0,0,0,14,2001,245,59,0,0,265,0,0,0,1
cell_323-BPA-2-IR,0,0,0,136,0,118,474,0,5,0,0,2007,999,153,0,0,0,117,349,43,67,0,473,14,0,0,1,0,1907,0,0,210,320,323,0,2,1,564,4,1,1196,997,989,0,0,0,2,0,425,116,689,203,0,0,233,0,0,0,10
cell_324-BPA-2-IR,112,374,0,0,347,405,645,59,0,0,1,0,0,0,6,468,0,0,0,0,30,254,73,0,266,0,395,31,0,520,0,1,1263,0,8,0,1785,0,0,351,0,1970,1,0,520,0,1278,0,627,672,0,0,0,0,96,0,0,0,1276
cell_325-BPA-2-IR,569,3,0,1907,402,2209,476,18,499,0,1,4330,1782,1017,45,0,0,951,773,532,1113,566,54,21,618,0,1316,57,83,1059,0,668,2390,551,1,43,1112,3220,1,841,3744,4675,2638,0,1062,1,1507,1,2120,390,3707,416,0,0,1182,0,0,0,1504
cell_326-BPA-2-IR,89,0,0,16,11,306,612,13,27,0,0,182,196,25,0,0,0,36,192,40,5,45,0,19,272,0,1038,0,99,145,0,28,74,10,1,0,250,2,9,160,506,405,161,0,145,0,601,0,74,199,110,88,0,0,34,0,0,0,605
cell_327-BPA-2-IR,203,279,0,45,43,248,544,0,0,0,0,0,0,77,4,47,0,0,0,0,8,197,28,1,34,0,31,7,0,3,0,73,795,0,2,0,1901,0,0,204,0,543,0,0,3,1,621,0,17,60,0,0,0,1,61,0,0,0,622
cell_328-BPA-2-IR,285,1,0,52,1,511,160,3,40,0,0,386,1204,488,12,0,0,14,53,60,0,0,11,0,77,0,1003,3,164,19,0,14,290,18,0,5,0,650,5,19,20,1839,1059,0,19,2,427,0,21,27,168,46,3,0,5,1,0,1,428
cell_329-BPA-2-IR,13,0,0,125,45,27,278,1,218,0,0,471,504,69,384,0,0,679,237,294,12,0,8,32,118,0,660,17,289,0,0,48,401,301,0,0,2138,122,6,25,947,298,472,0,0,1,933,0,221,324,492,225,0,0,0,1,0,0,935
cell_33-BPA-2-IR,130,0,0,1074,6,168,206,74,62,0,0,645,341,1934,1198,0,0,0,708,37,2,146,240,5,438,0,47,0,3,66,0,64,1016,17,0,4,119,467,0,253,432,1,0,0,66,0,981,0,325,1091,870,516,0,0,2276,0,0,0,977
cell_34-BPA-2-IR,1,0,0,1364,0,11,27,0,69,0,0,36,1340,0,950,0,0,346,136,13,0,41,10,1,109,0,708,13,16,0,0,14,524,158,1,7,0,0,7,0,180,1,922,0,0,0,547,0,0,204,536,150,0,0,273,0,0,1,545
cell_35-BPA-2-IR,628,1560,0,1866,1113,446,1082,28,297,2,5,2157,899,561,26,319,0,981,510,844,208,454,90,0,698,0,468,531,3,798,0,621,4705,1105,0,57,966,745,48,1323,2798,1624,954,0,804,11,1316,2,849,431,995,20,0,0,159,0,0,0,1317
cell_36-BPA-2-IR,24,237,0,0,398,12,321,37,0,3,0,376,0,17,0,155,0,128,0,0,130,1238,19,0,210,0,74,88,0,66,0,173,734,0,7,0,1431,0,0,385,0,1645,0,0,65,0,527,2,510,706,0,0,0,0,477,0,0,0,549
cell_37-BPA-2-IR,154,2,0,245,582,512,1459,9,290,0,0,1657,574,554,5,0,1,1077,468,1428,184,925,638,13,679,0,171,19,102,477,1,185,2112,1483,1,10,606,2943,28,589,800,926,2424,0,476,0,1059,0,165,843,793,98,0,0,748,1,3,6,1061
cell_38-BPA-2-IR,1675,1969,0,1609,3406,2258,3042,6,131,24,2,4864,2521,3395,391,2226,2,1417,1294,328,1669,2181,1069,21,2543,0,2699,99,193,2186,16,713,7944,940,10,84,831,2156,63,2819,3908,4760,1254,0,2168,8,3975,2,3382,360,4521,889,0,0,2887,1,0,9,3976
cell_39-BPA-2-IR,581,118,0,969,208,145,1201,1,43,7,0,557,661,198,0,219,0,137,189,53,215,154,247,13,186,0,372,0,5,276,3,142,1529,12,5,35,826,402,0,673,338,1016,640,0,276,1,988,0,324,656,13,358,0,0,137,0,0,0,991
cell_4-BPA-2-IR,4,167,0,441,1477,1061,2134,9,0,1,0,2302,1223,94,194,471,0,1119,424,174,466,1478,87,21,193,0,591,47,43,1089,0,355,1748,820,0,0,0,70,0,148,2592,1434,831,0,1087,1,1615,0,1224,403,1591,329,1,0,1145,0,0,5,1611
cell_40-BPA-2-IR,63,14,0,116,13,53,97,0,9,0,0,119,30,17,6,61,0,23,10,18,23,67,25,0,27,0,39,0,4,10,6,12,82,21,0,0,202,15,0,9,31,135,82,0,9,0,153,0,51,66,113,6,0,0,61,0,0,6,156
cell_41-BPA-2-IR,117,0,0,239,434,814,533,13,138,1,0,2111,584,34,487,0,0,947,1089,30,41,450,196,1,441,0,45,4,322,116,0,173,922,182,0,40,356,55,19,70,1866,780,869,0,116,0,978,0,163,839,1269,171,0,0,822,0,0,4,984
cell_42-BPA-2-IR,63,1598,0,3355,888,895,436,11,0,0,0,0,0,389,110,1248,1,910,0,0,292,2999,118,0,1581,0,39,121,0,480,0,655,5918,0,9,0,654,2,0,1307,3,1732,1,0,478,2,1674,0,2117,690,5,0,0,0,2269,0,0,2,1674
cell_43-BPA-2-IR,56,0,0,1008,436,73,1171,18,183,0,0,215,734,73,0,0,0,8,1199,104,96,226,799,15,117,0,4,5,37,116,0,495,1023,106,0,0,622,310,15,133,1366,969,469,0,115,3,342,0,198,469,209,12,0,0,755,0,2,0,341
cell_44-BPA-2-IR,242,656,0,1814,745,1081,566,0,82,0,0,591,685,419,164,588,0,1125,237,102,597,899,66,3,1233,0,422,214,13,478,0,615,2760,7,2,5,640,148,0,951,429,1662,319,0,477,0,1264,0,843,874,398,116,0,0,471,4,0,0,1266
cell_45-BPA-2-IR,263,0,0,31,42,293,851,0,56,0,0,489,201,0,7,0,0,254,439,9,114,94,8,0,12,0,18,5,50,20,3,30,270,268,0,14,279,218,4,177,781,96,2,0,20,0,892,0,406,129,112,62,0,0,9,0,0,0,901
cell_46-BPA-2-IR,173,0,0,146,322,358,858,0,166,0,0,1693,1174,8,0,0,0,132,749,45,46,845,447,9,165,0,68,0,34,29,0,194,167,113,0,0,6,1008,34,394,1046,850,122,0,29,0,316,0,395,135,1131,414,0,0,454,0,0,0,319
cell_47-BPA-2-IR,18,0,0,74,3,13,35,1,13,0,0,84,139,1,53,0,0,74,153,19,17,18,34,1,5,0,1,3,50,4,0,25,91,5,0,4,26,33,4,52,345,293,178,0,4,0,30,0,30,454,11,272,0,0,61,0,0,0,30
cell_48-BPA-2-IR,396,1,0,1103,123,696,1287,1,152,10,1,1652,1304,639,416,0,0,455,370,83,247,622,23,70,71,0,474,4,188,238,1,272,731,160,5,6,558,310,15,122,1987,1848,1702,0,233,3,518,0,125,449,628,193,0,0,258,0,1,5,512
cell_49-BPA-2-IR,3787,0,1,3651,1290,2127,1076,38,310,10,1,6674,1649,1091,242,2,1,1129,2555,353,685,1792,1049,57,1111,0,2192,156,72,880,0,1111,5482,1332,6,24,1355,4600,116,782,5008,5915,1836,0,872,9,1832,2,2155,509,8546,661,0,0,2123,0,0,4,1834
cell_5-BPA-2-IR,78,10,0,69,35,21,68,1,9,0,0,128,47,54,8,28,0,39,40,24,32,63,26,0,24,0,46,0,2,10,0,11,138,22,0,0,191,35,0,25,125,90,74,0,10,0,92,0,104,65,96,10,0,0,143,0,0,0,95
cell_50-BPA-2-IR,90,159,0,1,54,20,927,7,0,0,6,25,0,107,177,381,0,149,0,0,156,239,28,0,424,0,0,4,0,55,0,39,284,0,0,0,1475,0,0,188,0,578,0,0,55,0,245,1,49,201,7,0,0,0,430,0,0,0,245
cell_51-BPA-2-IR,204,677,1,0,878,389,492,63,0,0,0,1545,0,54,131,810,0,167,0,0,69,302,87,0,474,0,553,50,0,2484,0,328,1371,0,0,0,3897,0,0,1066,3,926,1,0,2478,3,2234,0,1405,1231,2,0,0,0,1721,1,0,0,2252
cell_52-BPA-2-IR,80,0,0,1016,104,52,35,0,206,2,0,413,70,19,0,0,0,56,10,31,6,53,307,20,84,0,0,8,8,4,0,64,27,7,0,107,23,889,1,319,700,578,323,0,4,0,200,0,410,1509,104,15,0,0,114,0,0,1,200
cell_53-BPA-2-IR,1601,0,0,362,34,885,799,0,234,3,0,91,806,604,21,0,0,93,254,55,215,452,12,1,105,0,1012,5,335,283,0,83,571,305,0,4,78,571,15,121,2,545,403,0,284,1,216,0,111,2182,742,375,0,0,713,0,0,0,217
cell_54-BPA-2-IR,22,0,0,1025,436,19,963,0,432,0,0,677,990,150,0,0,0,464,251,92,321,1411,23,9,254,0,229,16,34,802,0,496,386,866,5,99,316,1035,9,353,555,708,2193,0,801,3,633,0,1047,276,864,403,0,0,780,1,1,0,629
cell_55-BPA-2-IR,360,1516,1,659,1263,1873,1299,30,1,6,1,2492,0,509,326,1228,0,1351,0,0,282,389,73,0,390,1,119,59,0,811,0,358,3616,0,1,0,416,0,0,902,22,2851,3,0,810,1,3817,6,2257,32,4,0,0,0,2449,2,0,0,3829
cell_56-BPA-2-IR,147,0,0,46,19,528,34,0,385,3,0,51,144,311,144,0,0,369,745,41,6,0,9,10,42,0,24,10,0,194,0,154,859,74,0,2,213,54,5,33,821,71,453,0,194,0,0,0,1825,286,696,319,0,0,1332,0,0,0,0
cell_57-BPA-2-IR,929,964,2,2418,1081,2748,1837,136,349,5,1,6026,1514,2205,461,451,0,1708,1501,210,398,1206,849,25,511,1,881,172,253,1412,1,935,5335,763,6,102,3231,1783,33,1353,3455,4307,1102,0,1396,6,2387,1,2813,1729,2417,664,0,0,1332,0,2,5,2396
cell_58-BPA-2-IR,79,27,0,94,27,123,79,2,9,0,0,116,72,31,9,50,1,47,20,1,12,94,34,1,58,0,55,0,1,20,0,14,133,26,0,0,167,41,0,22,46,173,97,1,20,0,197,0,110,69,78,11,4,2,96,0,4,0,199
cell_59-BPA-2-IR,4,1,0,287,77,54,34,0,161,5,0,308,1520,2,80,0,0,1906,506,118,25,501,112,4,735,0,26,10,408,159,8,30,188,1612,4,0,2166,2996,13,360,2350,1815,0,0,159,1,196,0,63,43,246,3,0,0,585,0,0,0,197
cell_6-BPA-2-IR,60,0,0,57,8,46,43,1,12,0,0,79,90,17,30,0,0,33,49,8,14,27,19,1,18,0,18,0,3,5,0,27,45,24,0,0,128,75,0,4,87,188,103,0,5,0,97,0,77,138,82,32,3,0,75,0,0,0,93
cell_60-BPA-2-IR,67,24,0,109,22,57,61,1,2,0,0,96,57,26,8,44,0,40,12,0,24,53,18,0,40,0,66,0,15,7,3,6,106,30,0,0,149,15,0,30,57,141,42,0,7,4,170,8,22,91,110,7,0,0,73,0,0,3,169
cell_61-BPA-2-IR,703,0,0,36,78,596,596,10,261,0,0,167,871,685,0,0,0,7,150,82,61,0,20,13,121,0,63,0,58,4,0,26,131,134,0,0,156,52,2,47,464,1333,173,0,4,1,730,0,10,279,988,13,0,0,22,0,0,0,734
cell_62-BPA-2-IR,742,82,0,83,228,408,1331,1,0,0,0,927,0,105,0,103,0,0,0,0,117,563,6,0,51,0,237,3,0,38,0,0,858,0,0,0,2993,0,0,244,15,0,0,0,36,0,1385,0,568,313,6,0,0,0,1125,0,0,0,1388
cell_63-BPA-2-IR,62,11,0,93,19,48,86,2,4,0,0,94,34,30,16,23,0,27,16,0,39,72,40,2,31,1,40,0,20,3,0,6,97,21,0,2,170,27,0,18,64,167,54,0,3,0,171,0,73,120,74,6,0,0,73,0,0,5,174
cell_64-BPA-2-IR,156,0,1,844,529,100,701,10,435,3,0,1438,1015,410,346,2,0,2501,796,275,479,1613,494,15,605,0,485,6,0,165,2,644,1498,199,0,9,1200,2263,26,3,1227,3969,2100,0,164,2,752,0,184,585,3208,834,0,0,2174,0,0,0,753
cell_65-BPA-2-IR,584,195,0,252,30,105,414,3,0,2,0,1022,0,459,25,783,0,19,0,0,8,104,0,0,69,0,27,11,0,624,0,33,85,0,2,0,1074,0,0,314,0,1376,0,0,627,0,277,0,180,596,0,0,0,0,427,0,0,0,280
cell_66-BPA-2-IR,13,0,0,728,328,115,292,0,9,0,0,1296,482,0,157,0,0,88,247,42,62,0,0,16,41,0,9,15,22,343,0,79,722,57,0,0,1184,386,0,75,196,791,198,0,343,0,547,0,335,1099,125,35,0,0,760,0,0,0,553
cell_67-BPA-2-IR,1,0,0,176,40,45,7,0,4,0,0,340,79,0,132,0,0,53,46,11,37,3,2,9,38,1,1,2,17,208,0,50,315,9,0,0,138,93,0,66,75,341,304,0,208,0,132,0,347,659,105,26,0,0,89,0,0,0,132
cell_68-BPA-2-IR,183,0,0,1075,349,67,277,18,51,0,0,243,1301,654,1,0,9,1077,944,135,49,927,258,0,125,0,894,4,4,85,0,325,2628,741,0,35,0,1233,4,107,319,1305,2249,0,85,2,249,0,694,128,469,16,0,0,111,0,0,2,249
cell_69-BPA-2-IR,10,0,2,1072,108,0,115,17,865,3,0,603,591,598,61,0,0,426,145,49,74,1288,219,4,220,0,70,22,8,196,0,161,567,279,1,0,389,3344,13,115,158,1295,2672,0,196,1,941,0,433,246,1180,53,0,0,358,0,0,1,956
cell_7-BPA-2-IR,12,19,0,1173,135,119,226,5,0,0,0,448,0,167,134,158,0,164,0,0,216,616,69,0,162,0,17,51,0,149,0,89,481,0,1,0,1902,0,0,178,0,243,1,0,147,0,263,1,696,383,0,0,0,0,75,0,0,0,263
cell_70-BPA-2-IR,42,1408,0,2623,563,1523,1916,3,0,10,3,499,0,1025,2232,1724,0,1,0,0,91,482,311,0,469,0,9,8,0,272,0,0,2301,0,0,0,1893,0,0,1560,4,714,2,0,272,0,2392,0,1864,272,2,0,0,6,2751,0,0,1,2388
cell_71-BPA-2-IR,138,943,0,56,640,25,26,0,0,0,0,1106,0,183,156,617,0,1362,0,0,66,500,607,0,210,0,107,0,0,949,12,131,519,1,1,0,1109,0,0,166,5,257,3,0,949,0,325,10,2341,300,9,1,0,0,197,0,4,0,323
cell_72-BPA-2-IR,561,1234,0,2043,758,1748,2828,13,0,0,0,3454,0,991,1911,2362,0,2024,0,0,219,314,210,0,1142,0,394,114,0,1686,0,491,3741,0,26,0,1751,0,0,1101,5,5781,38,0,1688,2,812,2,507,1226,9,0,1,0,3210,1,0,1,805
cell_73-BPA-2-IR,85,0,0,69,0,531,67,0,111,0,0,638,29,404,0,0,0,31,18,136,55,460,437,20,191,0,63,6,166,195,0,43,96,9,1,43,231,32,3,81,435,751,494,0,195,0,226,0,532,813,1213,46,0,0,558,0,0,0,226
cell_74-BPA-2-IR,2022,1620,19,5001,2635,2706,3484,80,228,14,0,4279,2280,2730,1440,3497,1,1425,2389,377,2817,2746,2058,55,2758,0,4827,63,455,2769,2,1271,7623,1807,12,92,1371,2148,52,3231,4575,6448,2728,0,2762,7,5329,2,4336,472,3192,1767,4,0,4916,10,2,5,5314
cell_75-BPA-2-IR,836,0,0,581,368,436,451,0,89,0,0,347,85,93,0,0,0,528,570,12,142,93,8,1,193,0,103,10,317,28,0,110,1792,673,0,0,350,0,22,115,1234,2463,750,0,28,0,877,0,13,5,744,53,0,0,95,0,0,0,879
cell_76-BPA-2-IR,885,181,0,12,178,142,667,2,0,0,0,644,0,222,90,660,0,55,0,0,58,444,22,0,356,0,264,33,0,852,0,71,800,0,1,0,3444,0,0,390,1,1271,0,0,846,0,1600,1,229,1386,0,0,0,0,491,0,0,0,1600
cell_77-BPA-2-IR,77,34,0,122,39,132,121,0,17,0,0,146,44,34,14,61,0,35,13,6,42,107,45,3,56,0,66,4,8,18,0,18,121,38,0,0,302,38,0,46,72,204,76,0,18,0,225,2,85,164,125,13,0,0,79,0,0,0,224
cell_78-BPA-2-IR,54,102,0,1480,115,93,140,1,41,0,0,569,135,15,70,459,0,74,196,14,53,476,18,0,257,0,658,19,9,203,12,22,547,100,0,0,2290,147,1,351,187,372,412,0,203,0,445,0,305,338,389,136,0,0,509,0,0,0,444
cell_79-BPA-2-IR,8,0,0,115,44,81,47,0,8,0,0,674,1522,257,0,0,0,188,199,99,20,489,29,10,347,0,68,0,2,69,1,105,7,139,2,0,1748,318,12,270,312,989,362,0,69,0,530,2,17,13,19,28,0,0,68,0,0,2,535
cell_8-BPA-2-IR,39,23,0,22,15,4,0,1,0,0,0,217,0,55,23,564,0,44,0,0,23,737,22,0,39,0,659,13,0,23,0,56,71,0,0,0,759,1,0,287,2,431,0,0,28,0,250,0,133,181,2,0,0,0,164,0,0,0,250
cell_80-BPA-2-IR,239,0,0,80,428,437,591,14,7,0,0,677,268,989,126,0,1,192,468,29,3,28,951,35,284,0,646,9,761,32,0,156,672,326,1,0,219,909,2,44,471,961,1116,0,32,0,299,0,28,170,70,1,0,0,125,0,1,0,302
cell_81-BPA-2-IR,100,29,0,132,18,83,126,0,9,0,0,153,78,70,31,60,1,55,42,7,34,81,50,0,25,0,73,0,7,14,0,26,136,14,0,0,300,43,0,25,85,295,74,0,14,0,207,0,88,164,81,12,0,0,143,0,0,0,207
cell_82-BPA-2-IR,67,14,0,79,17,57,50,5,10,0,0,91,48,33,22,60,1,23,23,1,8,42,30,0,28,0,44,7,21,13,0,8,82,34,0,0,150,43,0,24,59,77,79,0,13,3,185,2,85,87,59,24,0,0,58,0,0,0,185
cell_83-BPA-2-IR,11,19,0,32,117,80,6,0,0,0,0,0,0,43,0,360,0,112,0,0,177,75,0,0,83,0,0,0,0,317,0,23,64,0,0,0,723,0,0,528,0,363,0,0,317,0,533,3,6,215,0,0,0,0,0,0,0,0,533
cell_84-BPA-2-IR,143,11,6,237,50,134,160,1,8,0,0,150,59,41,26,51,0,32,44,8,44,123,63,2,50,0,97,0,30,28,0,12,140,49,1,0,224,42,0,33,74,257,142,0,28,0,279,0,97,129,137,4,0,0,126,0,5,0,282
cell_85-BPA-2-IR,256,224,0,532,275,705,218,31,0,0,0,928,0,794,3,168,0,1217,0,0,83,246,29,0,478,0,855,5,0,311,0,19,63,0,0,0,25,0,0,562,9,2484,1,0,309,0,688,1,230,313,0,0,0,0,716,0,0,1,693
cell_86-BPA-2-IR,1203,6,0,1466,218,60,222,0,116,2,0,1440,328,166,37,0,0,24,481,197,118,800,40,21,456,0,64,10,13,232,0,192,2143,29,4,1,1937,204,59,802,3245,1728,2223,0,232,0,1130,1,814,1060,2183,113,1,0,1279,0,0,0,1129
cell_87-BPA-2-IR,90,812,0,412,516,475,555,0,0,3,0,327,5,2825,17,816,0,189,0,0,87,334,493,0,309,0,429,27,0,925,0,47,1456,0,5,0,51,0,0,332,8,2080,0,0,924,0,631,0,20,167,2,0,0,0,2252,1,1,0,628
cell_88-BPA-2-IR,410,0,6,79,183,128,796,0,50,0,0,917,506,820,124,0,1,565,975,7,33,445,13,55,148,2,163,103,5,0,0,244,754,923,1,17,803,438,3,96,1160,663,621,0,0,0,667,0,17,251,527,20,0,0,280,0,0,3,665
cell_89-BPA-2-IR,75,29,0,82,26,89,91,0,18,0,0,113,42,35,1,26,0,50,32,0,43,109,20,0,30,3,46,0,9,14,0,19,82,27,0,0,230,60,2,19,60,233,59,0,14,0,188,0,80,100,80,8,3,0,106,0,0,0,195
cell_9-BPA-2-IR,27,1,0,9,130,24,765,1,133,1,0,1807,1081,117,0,0,0,116,196,379,3,0,2,3,47,0,452,7,15,441,1,286,604,970,3,0,2809,89,2,880,1117,2681,1166,0,439,0,224,0,584,207,115,52,0,0,379,2,0,8,224
cell_90-BPA-2-IR,21,1,0,401,242,388,927,2,78,0,0,5288,2177,237,120,0,0,698,431,50,70,1758,332,18,630,0,253,18,6,141,0,306,1410,11,2,6,2944,1115,5,527,718,1968,1989,0,139,0,898,1,1395,2588,706,299,0,0,1821,0,0,0,897
cell_91-BPA-2-IR,158,317,0,561,72,51,781,0,0,0,0,716,1,304,61,459,0,0,0,0,273,446,3,0,316,0,66,10,0,269,0,146,2646,0,0,0,147,0,0,376,2,247,0,0,269,0,1278,0,162,38,24,0,0,0,287,0,0,0,1280
cell_92-BPA-2-IR,1285,854,3,1887,931,1319,256,18,0,4,6,6135,0,693,435,2146,0,345,0,0,1288,561,1021,0,661,0,564,31,0,1016,6,373,2934,0,3,0,4519,0,0,1411,2,5199,3,0,1017,6,1850,0,3351,255,1,0,1,0,3547,0,0,0,1849
cell_93-BPA-2-IR,5,0,0,661,29,76,75,3,11,0,0,524,702,20,0,0,0,61,353,17,0,258,139,0,0,0,153,56,0,0,0,74,940,0,0,8,1,21,4,57,271,452,133,0,0,0,16,0,15,8,110,54,0,0,3,0,0,0,17
cell_94-BPA-2-IR,298,1269,0,190,2333,868,1081,98,0,3,0,5001,0,331,587,1962,1,867,0,0,282,942,105,0,2467,0,138,68,0,2653,0,269,2103,0,1,0,1080,0,0,2259,10,3461,6,0,2652,1,1490,0,1552,764,6,0,0,0,3902,19,1,1,1491
cell_95-BPA-2-IR,6,0,0,287,410,0,508,0,123,0,0,2302,315,75,35,0,0,561,612,62,81,76,105,15,174,0,14,9,15,7,0,162,2084,440,1,67,395,830,0,407,852,128,1186,0,7,0,573,0,1098,298,2050,109,3,0,1048,0,0,1,566
cell_96-BPA-2-IR,81,6,0,150,17,115,99,0,7,0,0,150,35,62,11,48,0,16,38,0,30,65,27,1,30,0,84,0,9,12,0,14,148,9,0,0,229,34,1,25,48,183,57,1,12,0,207,0,54,67,117,19,0,0,83,0,5,0,208
cell_97-BPA-2-IR,777,2343,8,866,963,2,631,20,0,0,0,2758,0,1804,188,2011,0,834,0,0,162,565,542,0,372,0,36,0,0,2194,0,489,2,0,0,0,1797,0,0,1559,21,2209,0,0,2197,6,988,2,4346,229,0,0,0,0,990,0,0,0,999
cell_98-BPA-2-IR,74,21,0,114,32,55,69,3,0,0,0,71,48,14,29,20,5,34,29,0,14,61,13,4,29,1,33,0,4,6,7,15,51,24,0,0,150,37,0,27,56,127,51,0,6,0,125,0,89,42,58,7,0,0,83,0,0,0,124
cell_99-BPA-2-IR,5,0,0,462,193,509,53,12,195,0,0,0,396,143,0,0,0,65,245,0,94,376,68,17,0,0,30,0,585,136,0,164,491,511,1,0,2852,47,1,53,459,763,1086,0,133,0,238,0,91,305,372,107,0,0,157,0,0,0,239
