amplicon,chrom,pos,clone_idx,clone_id,cn,bin_start,bin_end
AMPL250217,1,6252866,1,cn1,4,1,26314488
AMPL257565,1,6257585,1,cn1,4,1,26314488
AMPL257566,1,11204857,1,cn1,4,1,26314488
AMPL253201,1,11288712,1,cn1,4,1,26314488
AMPL257567,1,11297878,1,cn1,4,1,26314488
AMPL250219,1,11307864,1,cn1,4,1,26314488
AMPL248729,1,11316857,1,cn1,4,1,26314488
AMPL251098,1,11734617,1,cn1,4,1,26314488
AMPL151786,1,16245771,1,cn1,4,1,26314488
AMPL250221,1,16474775,1,cn1,4,1,26314488
AMPL250222,1,22413011,1,cn1,4,1,26314488
AMPL253209,1,27056061,1,cn1,4,26644978,40002884
AMPL253210,1,27057597,1,cn1,4,26644978,40002884
AMPL253211,1,27057831,1,cn1,4,26644978,40002884
AMPL248732,1,27087285,1,cn1,4,26644978,40002884
AMPL248733,1,27089275,1,cn1,4,26644978,40002884
AMPL257571,1,27092634,1,cn1,4,26644978,40002884
AMPL257753,1,27092884,1,cn1,4,26644978,40002884
AMPL253216,1,27094143,1,cn1,4,26644978,40002884
AMPL253217,1,27097564,1,cn1,4,26644978,40002884
AMPL253218,1,27099243,1,cn1,4,26644978,40002884
AMPL253219,1,27099722,1,cn1,4,26644978,40002884
AMPL253220,1,27100131,1,cn1,4,26644978,40002884
AMPL253221,1,27100814,1,cn1,4,26644978,40002884
AMPL253222,1,27101167,1,cn1,4,26644978,40002884
AMPL253223,1,27101958,1,cn1,4,26644978,40002884
AMPL248743,1,27105455,1,cn1,4,26644978,40002884
AMPL248744,1,27105769,1,cn1,4,26644978,40002884
AMPL253226,1,27106134,1,cn1,4,26644978,40002884
AMPL253227,1,27106429,1,cn1,4,26644978,40002884
AMPL248748,1,27106714,1,cn1,4,26644978,40002884
AMPL115238,1,27107001,1,cn1,4,26644978,40002884
AMPL251104,1,39781089,1,cn1,4,26644978,40002884
AMPL257574,1,46521439,1,cn1,4,40252645,85984385
AMPL251106,1,91843811,1,cn1,4,91731286,91889889
AMPL251107,1,91859759,1,cn1,4,91731286,91889889
AMPL250226,1,93298984,1,cn1,4,91889889,103073640
AMPL112922,1,115256292,1,cn1,4,104081872,120340809
AMPL248758,1,120458785,1,cn1,4,120340809,121183687
AMPL250228,1,120483058,1,cn1,4,120340809,121183687
AMPL257576,1,155233854,1,cn1,5,155173243,160617599
AMPL257777,1,155234124,1,cn1,5,155173243,160617599
AMPL250230,1,155239152,1,cn1,5,155173243,160617599
AMPL93537,1,156820970,1,cn1,5,155173243,160617599
AMPL251114,1,158612135,1,cn1,5,155173243,160617599
AMPL257577,1,163298468,1,cn1,4,163049793,163394989
AMPL250232,1,182829027,1,cn1,4,173014059,183256211
AMPL250234,1,206653196,1,cn1,4,205907382,206694074
AMPL250235,1,209961734,1,cn1,6,209105815,227438026
AMPL250236,1,209969585,1,cn1,6,209105815,227438026
AMPL250237,1,226577968,1,cn1,6,209105815,227438026
AMPL250238,2,16085438,1,cn1,4,2339253,38526775
AMPL253250,2,25457019,1,cn1,4,2339253,38526775
AMPL187925,2,25463039,1,cn1,4,2339253,38526775
AMPL257578,2,25467008,1,cn1,4,2339253,38526775
AMPL121280,2,25470404,1,cn1,4,2339253,38526775
AMPL257792,2,47641360,1,cn1,4,38679530,90500001
AMPL59620,2,47672602,1,cn1,4,38679530,90500001
AMPL250241,2,47702083,1,cn1,4,38679530,90500001
AMPL251125,2,48028062,1,cn1,4,38679530,90500001
AMPL61654,2,80085114,1,cn1,4,38679530,90500001
AMPL250242,2,100055053,1,cn1,4,96802594,102820610
AMPL250243,2,128037890,1,cn1,4,118432640,130797048
AMPL250245,2,128050165,1,cn1,4,118432640,130797048
AMPL244809,2,148602594,1,cn1,2,138897749,152393360
AMPL244810,2,148653850,1,cn1,2,138897749,152393360
AMPL253264,2,148656945,1,cn1,2,138897749,152393360
AMPL244812,2,148657299,1,cn1,2,138897749,152393360
AMPL244813,2,148672690,1,cn1,2,138897749,152393360
AMPL8463,2,148674798,1,cn1,2,138897749,152393360
AMPL244815,2,148675945,1,cn1,2,138897749,152393360
AMPL244816,2,148677700,1,cn1,2,138897749,152393360
AMPL244817,2,148680486,1,cn1,2,138897749,152393360
AMPL244818,2,148683522,1,cn1,2,138897749,152393360
AMPL244819,2,148684605,1,cn1,2,138897749,152393360
AMPL253273,2,198266496,1,cn1,4,176633971,241059929
AMPL253274,2,203329505,1,cn1,4,176633971,241059929
AMPL244822,2,203332183,1,cn1,4,176633971,241059929
AMPL253276,2,203379460,1,cn1,4,176633971,241059929
AMPL253277,2,203383546,1,cn1,4,176633971,241059929
AMPL253278,2,203384717,1,cn1,4,176633971,241059929
AMPL253279,2,203395460,1,cn1,4,176633971,241059929
AMPL244828,2,203397259,1,cn1,4,176633971,241059929
AMPL244829,2,203406999,1,cn1,4,176633971,241059929
AMPL244830,2,203417410,1,cn1,4,176633971,241059929
AMPL253283,2,203419893,1,cn1,4,176633971,241059929
AMPL257586,2,209113061,1,cn1,4,176633971,241059929
AMPL239235,2,215609656,1,cn1,4,176633971,241059929
AMPL250249,2,215645738,1,cn1,4,176633971,241059929
AMPL250251,2,232576972,1,cn1,4,176633971,241059929
AMPL257588,2,241660236,1,cn1,4,241175176,241843253
AMPL253289,2,241724299,1,cn1,4,241175176,241843253
AMPL250253,3,9793308,1,cn1,4,651766,75566069
AMPL251135,3,10085308,1,cn1,4,651766,75566069
AMPL253292,3,12632169,1,cn1,4,651766,75566069
AMPL165734,3,30648409,1,cn1,4,651766,75566069
AMPL165735,3,30664572,1,cn1,4,651766,75566069
AMPL253295,3,30686198,1,cn1,4,651766,75566069
AMPL59152,3,30691728,1,cn1,4,651766,75566069
AMPL253297,3,30713103,1,cn1,4,651766,75566069
AMPL249250,3,30713358,1,cn1,4,651766,75566069
AMPL249251,3,30713635,1,cn1,4,651766,75566069
AMPL253300,3,30713899,1,cn1,4,651766,75566069
AMPL165742,3,30715514,1,cn1,4,651766,75566069
AMPL165743,3,30729792,1,cn1,4,651766,75566069
AMPL165744,3,30732879,1,cn1,4,651766,75566069
AMPL250255,3,37053114,1,cn1,4,651766,75566069
AMPL251137,3,37067256,1,cn1,4,651766,75566069
AMPL244843,3,38522747,1,cn1,4,651766,75566069
AMPL248805,3,38523604,1,cn1,4,651766,75566069
AMPL248806,3,38523864,1,cn1,4,651766,75566069
AMPL248807,3,38524465,1,cn1,4,651766,75566069
AMPL251138,3,39116169,1,cn1,4,651766,75566069
AMPL253311,3,41265883,1,cn1,4,651766,75566069
AMPL253312,3,41274868,1,cn1,4,651766,75566069
AMPL250256,3,47079002,1,cn1,4,651766,75566069
AMPL251140,3,47161713,1,cn1,4,651766,75566069
AMPL251141,3,47651543,1,cn1,4,651766,75566069
AMPL251142,3,52436628,1,cn1,4,651766,75566069
AMPL252824,3,52437092,1,cn1,4,651766,75566069
AMPL252825,3,52437645,1,cn1,4,651766,75566069
AMPL252826,3,52440186,1,cn1,4,651766,75566069
AMPL252827,3,52441161,1,cn1,4,651766,75566069
AMPL121707,3,52442403,1,cn1,4,651766,75566069
AMPL248809,3,52637302,1,cn1,4,651766,75566069
AMPL251144,3,69928283,1,cn1,4,651766,75566069
AMPL250258,3,121178799,1,cn1,4,93900000,191388006
AMPL250259,3,121212382,1,cn1,4,93900000,191388006
AMPL257594,3,133376612,1,cn1,4,93900000,191388006
AMPL250260,3,134967093,1,cn1,4,93900000,191388006
AMPL250261,3,142226639,1,cn1,4,93900000,191388006
AMPL257595,3,142272008,1,cn1,4,93900000,191388006
AMPL40482,3,178935908,1,cn1,4,93900000,191388006
AMPL253331,3,178951770,1,cn1,4,93900000,191388006
AMPL251151,3,189604049,1,cn1,4,93900000,191388006
AMPL251152,3,196198626,1,cn1,5,195718092,197083788
AMPL251153,4,1807044,1,cn1,4,1,48200001
AMPL250264,4,1902338,1,cn1,4,1,48200001
AMPL257597,4,2074570,1,cn1,4,1,48200001
AMPL250265,4,2209844,1,cn1,4,1,48200001
AMPL251157,4,55129820,1,cn1,4,52716819,64124116
AMPL13842,4,55136738,1,cn1,4,52716819,64124116
AMPL251159,4,55151406,1,cn1,4,52716819,64124116
AMPL52291,4,55980236,1,cn1,4,52716819,64124116
AMPL250267,4,84391154,1,cn1,4,64144914,177120341
AMPL244847,4,95972676,1,cn1,4,64144914,177120341
AMPL253924,4,96025531,1,cn1,4,64144914,177120341
AMPL253343,4,96035762,1,cn1,4,64144914,177120341
AMPL244850,4,96036774,1,cn1,4,64144914,177120341
AMPL244851,4,96044915,1,cn1,4,64144914,177120341
AMPL253345,4,96046077,1,cn1,4,64144914,177120341
AMPL244853,4,96050984,1,cn1,4,64144914,177120341
AMPL253347,4,96052177,1,cn1,4,64144914,177120341
AMPL244854,4,96052383,1,cn1,4,64144914,177120341
AMPL253349,4,96069859,1,cn1,4,64144914,177120341
AMPL244856,4,96073698,1,cn1,4,64144914,177120341
AMPL244857,4,96075617,1,cn1,4,64144914,177120341
AMPL250268,4,106156469,1,cn1,4,64144914,177120341
AMPL257600,4,109002580,1,cn1,4,64144914,177120341
AMPL251162,4,126239692,1,cn1,4,64144914,177120341
AMPL177159,4,126327925,1,cn1,4,64144914,177120341
AMPL250270,4,126367334,1,cn1,4,64144914,177120341
AMPL253357,4,153246931,1,cn1,4,64144914,177120341
AMPL253358,4,153249262,1,cn1,4,64144914,177120341
AMPL248826,4,187538909,1,cn1,4,177202413,191154277
AMPL250271,5,1266435,1,cn1,4,1,8710491
AMPL257602,5,6743736,1,cn1,4,1,8710491
AMPL257603,5,37038633,1,cn1,4,20249151,46099415
AMPL248830,5,38949923,1,cn1,4,20249151,46099415
AMPL250274,5,38953513,1,cn1,4,20249151,46099415
AMPL119939,5,56181741,1,cn1,4,50708855,180915261
AMPL250276,5,68667157,1,cn1,4,50708855,180915261
AMPL257605,5,79967937,1,cn1,4,50708855,180915261
AMPL251171,5,79970690,1,cn1,4,50708855,180915261
AMPL251172,5,98191921,1,cn1,4,50708855,180915261
AMPL257606,5,98207709,1,cn1,4,50708855,180915261
AMPL166269,5,98208088,1,cn1,4,50708855,180915261
AMPL115555,5,112157464,1,cn1,4,50708855,180915261
AMPL250279,5,112175147,1,cn1,4,50708855,180915261
AMPL250280,5,112177915,1,cn1,4,50708855,180915261
AMPL253375,5,138239889,1,cn1,4,50708855,180915261
AMPL250282,6,407260,1,cn1,4,1,32460188
AMPL257608,6,7229211,1,cn1,4,1,32460188
AMPL257918,6,7229485,1,cn1,4,1,32460188
AMPL253379,6,7229731,1,cn1,4,1,32460188
AMPL248841,6,7230362,1,cn1,4,1,32460188
AMPL250283,6,26156490,1,cn1,4,1,32460188
AMPL251179,6,26197144,1,cn1,4,1,32460188
AMPL250284,6,26270995,1,cn1,4,1,32460188
AMPL250285,6,27839836,1,cn1,4,1,32460188
AMPL257609,6,31710491,1,cn1,4,1,32460188
AMPL248842,6,31860038,1,cn1,4,1,32460188
AMPL248843,6,33286825,1,cn1,4,32518362,40983772
AMPL248844,6,33287230,1,cn1,4,32518362,40983772
AMPL248845,6,33288506,1,cn1,4,32518362,40983772
AMPL253390,6,33288895,1,cn1,4,32518362,40983772
AMPL221874,6,35425516,1,cn1,4,32518362,40983772
AMPL250288,6,52149390,1,cn1,4,40983772,57155234
AMPL257611,6,80715504,1,cn1,4,79375945,123311833
AMPL251185,6,80751699,1,cn1,4,79375945,123311833
AMPL251186,6,101037705,1,cn1,4,79375945,123311833
AMPL257612,6,101099392,1,cn1,4,79375945,123311833
AMPL257613,6,111628542,1,cn1,4,79375945,123311833
AMPL177184,6,157099133,1,cn1,4,123311833,164544590
AMPL250290,6,157469821,1,cn1,4,123311833,164544590
AMPL257614,6,157495026,1,cn1,4,123311833,164544590
AMPL253401,6,157502074,1,cn1,4,123311833,164544590
AMPL248849,6,157505386,1,cn1,4,123311833,164544590
AMPL119983,6,157510692,1,cn1,4,123311833,164544590
AMPL250291,6,157521789,1,cn1,4,123311833,164544590
AMPL253405,6,157528154,1,cn1,4,123311833,164544590
AMPL253406,6,157528424,1,cn1,4,123311833,164544590
AMPL251192,6,162683499,1,cn1,4,123311833,164544590
AMPL151964,7,2962728,1,cn1,4,78701,5884797
AMPL250293,7,6045454,1,cn1,4,5981976,15070792
AMPL250294,7,40172533,1,cn1,4,38345083,43996334
AMPL253411,7,41729164,1,cn1,4,38345083,43996334
AMPL253412,7,41729856,1,cn1,4,38345083,43996334
AMPL250295,7,44157081,1,cn1,4,44127336,47781064
AMPL257617,7,104731534,1,cn1,4,102482074,104986866
AMPL250296,7,116340076,1,cn1,4,110672950,124611837
AMPL250297,7,128845348,1,cn1,4,128501982,129530770
AMPL113442,7,140452949,1,cn1,4,140450095,143183502
AMPL257618,7,142649502,1,cn1,4,140450095,143183502
AMPL250298,7,151851191,1,cn1,4,151677523,152211257
AMPL253420,7,151877932,1,cn1,4,151677523,152211257
AMPL248866,7,151878781,1,cn1,4,151677523,152211257
AMPL253422,7,151879090,1,cn1,4,151677523,152211257
AMPL257621,7,151884312,1,cn1,4,151677523,152211257
AMPL122652,7,151926920,1,cn1,4,151677523,152211257
AMPL253425,7,151935673,1,cn1,4,151677523,152211257
AMPL165609,7,151944834,1,cn1,4,151677523,152211257
AMPL226340,7,151962026,1,cn1,4,151677523,152211257
AMPL257623,7,154745920,1,cn1,4,154613363,154765336
AMPL251202,7,154760469,1,cn1,4,154613363,154765336
AMPL251203,8,6288892,1,cn1,2,2238407,6815457
AMPL250300,8,22547910,1,cn1,2,12455915,35172885
AMPL257624,8,30933644,1,cn1,2,12455915,35172885
AMPL160274,8,38271649,1,cn1,6,35275678,43100001
AMPL160275,8,38271901,1,cn1,6,35275678,43100001
AMPL250301,8,38275603,1,cn1,6,35275678,43100001
AMPL11982,8,38314857,1,cn1,6,35275678,43100001
AMPL251207,8,42206363,1,cn1,6,35275678,43100001
AMPL257628,8,48793841,1,cn1,6,48100451,62903332
AMPL257629,8,56860051,1,cn1,6,48100451,62903332
AMPL257630,8,68950320,1,cn1,6,62924978,146364023
AMPL250304,8,69027856,1,cn1,6,62924978,146364023
AMPL257631,8,70970849,1,cn1,6,62924978,146364023
AMPL126740,8,128748665,1,cn1,6,62924978,146364023
AMPL143573,8,128750506,1,cn1,6,62924978,146364023
AMPL257985,8,128750899,1,cn1,6,62924978,146364023
AMPL257986,8,128751161,1,cn1,6,62924978,146364023
AMPL257987,8,128752681,1,cn1,6,62924978,146364023
AMPL257988,8,128752947,1,cn1,6,62924978,146364023
AMPL250307,9,8465442,1,cn1,4,1,19075367
AMPL120016,9,8470851,1,cn1,4,1,19075367
AMPL250309,9,8636551,1,cn1,4,1,19075367
AMPL115655,9,21968052,1,cn1,4,19479285,47300001
AMPL115656,9,21968534,1,cn1,4,19479285,47300001
AMPL115657,9,21970743,1,cn1,4,19479285,47300001
AMPL113204,9,21971188,1,cn1,4,19479285,47300001
AMPL4077,9,21974466,1,cn1,4,19479285,47300001
AMPL115660,9,21994089,1,cn1,4,19479285,47300001
AMPL253455,9,101891114,1,cn1,4,66862912,141213432
AMPL253456,9,101894761,1,cn1,4,66862912,141213432
AMPL165898,9,101900145,1,cn1,4,66862912,141213432
AMPL165899,9,101904768,1,cn1,4,66862912,141213432
AMPL165900,9,101907000,1,cn1,4,66862912,141213432
AMPL165901,9,101908690,1,cn1,4,66862912,141213432
AMPL165902,9,101909859,1,cn1,4,66862912,141213432
AMPL165903,9,101911380,1,cn1,4,66862912,141213432
AMPL257633,9,131394406,1,cn1,4,66862912,141213432
AMPL250312,9,137293582,1,cn1,4,66862912,141213432
AMPL128656,9,139391630,1,cn1,4,66862912,141213432
AMPL251220,10,50681408,1,cn1,5,49266338,51260450
AMPL248894,10,68280296,1,cn1,5,51787356,74140520
AMPL242360,10,88635627,1,cn1,4,81654693,99071956
AMPL253469,10,88649774,1,cn1,4,81654693,99071956
AMPL253470,10,88651769,1,cn1,4,81654693,99071956
AMPL253471,10,88659431,1,cn1,4,81654693,99071956
AMPL242364,10,88659695,1,cn1,4,81654693,99071956
AMPL253472,10,88671930,1,cn1,4,81654693,99071956
AMPL242366,10,88676853,1,cn1,4,81654693,99071956
AMPL242367,10,88678773,1,cn1,4,81654693,99071956
AMPL242368,10,88678992,1,cn1,4,81654693,99071956
AMPL59786,10,88681227,1,cn1,4,81654693,99071956
AMPL253477,10,88682940,1,cn1,4,81654693,99071956
AMPL242370,10,88683169,1,cn1,4,81654693,99071956
AMPL257635,10,89711797,1,cn1,4,81654693,99071956
AMPL257636,10,89717559,1,cn1,4,81654693,99071956
AMPL250316,10,114911957,1,cn1,4,99442791,127578421
AMPL257637,10,131506080,1,cn1,4,127621434,132211822
AMPL257638,11,4153426,1,cn1,4,1,43177662
AMPL251225,11,14315933,1,cn1,4,1,43177662
AMPL250318,11,57572043,1,cn1,4,55700003,122860472
AMPL257639,11,63665553,1,cn1,4,55700003,122860472
AMPL251228,11,63667291,1,cn1,4,55700003,122860472
AMPL249436,11,64572455,1,cn1,4,55700003,122860472
AMPL13179,11,64573630,1,cn1,4,55700003,122860472
AMPL253490,11,64574330,1,cn1,4,55700003,122860472
AMPL253491,11,64577092,1,cn1,4,55700003,122860472
AMPL252829,11,65480160,1,cn1,4,55700003,122860472
AMPL252830,11,65481024,1,cn1,4,55700003,122860472
AMPL252831,11,65481844,1,cn1,4,55700003,122860472
AMPL252832,11,65484149,1,cn1,4,55700003,122860472
AMPL257645,11,65486013,1,cn1,4,55700003,122860472
AMPL252834,11,65486342,1,cn1,4,55700003,122860472
AMPL252605,11,65631132,1,cn1,4,55700003,122860472
AMPL250319,11,65631975,1,cn1,4,55700003,122860472
AMPL251230,11,67163159,1,cn1,4,55700003,122860472
AMPL250320,11,67198798,1,cn1,4,55700003,122860472
AMPL250321,11,71940008,1,cn1,4,55700003,122860472
AMPL257654,11,71943596,1,cn1,4,55700003,122860472
AMPL251234,11,92577017,1,cn1,4,55700003,122860472
AMPL257655,11,94170258,1,cn1,4,55700003,122860472
AMPL251236,11,102207429,1,cn1,4,55700003,122860472
AMPL251237,11,107879847,1,cn1,4,55700003,122860472
AMPL251238,11,107920569,1,cn1,4,55700003,122860472
AMPL251239,11,108099777,1,cn1,4,55700003,122860472
AMPL44548,11,108114672,1,cn1,4,55700003,122860472
AMPL250326,11,108115524,1,cn1,4,55700003,122860472
AMPL117931,11,108123462,1,cn1,4,55700003,122860472
AMPL91658,11,108163302,1,cn1,4,55700003,122860472
AMPL253520,11,108191914,1,cn1,4,55700003,122860472
AMPL251243,11,108202486,1,cn1,4,55700003,122860472
AMPL257659,11,108204548,1,cn1,4,55700003,122860472
AMPL257660,11,108206464,1,cn1,4,55700003,122860472
AMPL113492,11,108235854,1,cn1,4,55700003,122860472
AMPL253525,11,118343730,1,cn1,4,55700003,122860472
AMPL250327,11,118344569,1,cn1,4,55700003,122860472
AMPL93658,11,118366846,1,cn1,4,55700003,122860472
AMPL251245,12,4662070,1,cn1,6,177892,9537033
AMPL253529,12,6696406,1,cn1,6,177892,9537033
AMPL250328,12,6709471,1,cn1,6,177892,9537033
AMPL250330,12,14577576,1,cn1,6,9729594,33300001
AMPL257664,12,14589005,1,cn1,6,9729594,33300001
AMPL251249,12,18800693,1,cn1,6,9729594,33300001
AMPL38584,12,25362679,1,cn1,6,9729594,33300001
AMPL115373,12,25368257,1,cn1,6,9729594,33300001
AMPL38586,12,25378518,1,cn1,6,9729594,33300001
AMPL38587,12,25380135,1,cn1,6,9729594,33300001
AMPL115376,12,25398126,1,cn1,6,9729594,33300001
AMPL253539,12,46230498,1,cn1,4,38315186,54435313
AMPL253540,12,46231187,1,cn1,4,38315186,54435313
AMPL253541,12,46243839,1,cn1,4,38315186,54435313
AMPL248928,12,46244674,1,cn1,4,38315186,54435313
AMPL248929,12,46245372,1,cn1,4,38315186,54435313
AMPL235278,12,46254538,1,cn1,4,38315186,54435313
AMPL117568,12,49415700,1,cn1,4,38315186,54435313
AMPL250334,12,49419785,1,cn1,4,38315186,54435313
AMPL118221,12,49424006,1,cn1,4,38315186,54435313
AMPL250335,12,49425302,1,cn1,4,38315186,54435313
AMPL253549,12,49433990,1,cn1,4,38315186,54435313
AMPL253550,12,49439964,1,cn1,4,38315186,54435313
AMPL248935,12,49444534,1,cn1,4,38315186,54435313
AMPL244869,12,52369029,1,cn1,4,38315186,54435313
AMPL253553,12,52370111,1,cn1,4,38315186,54435313
AMPL249492,12,52374743,1,cn1,4,38315186,54435313
AMPL244872,12,52376373,1,cn1,4,38315186,54435313
AMPL244873,12,52377720,1,cn1,4,38315186,54435313
AMPL244874,12,52378915,1,cn1,4,38315186,54435313
AMPL244875,12,52380509,1,cn1,4,38315186,54435313
AMPL244876,12,52385548,1,cn1,4,38315186,54435313
AMPL244877,12,52387687,1,cn1,4,38315186,54435313
AMPL257667,12,56481513,1,cn1,4,54530464,64041743
AMPL250338,12,56495368,1,cn1,4,54530464,64041743
AMPL250339,12,115109941,1,cn1,4,64143441,132072877
AMPL257668,12,118457367,1,cn1,4,64143441,132072877
AMPL250340,12,120554401,1,cn1,4,64143441,132072877
AMPL250341,12,133235679,1,cn1,4,133159544,133352697
AMPL160828,12,133252553,1,cn1,4,133159544,133352697
AMPL253568,13,23904720,1,cn1,4,21876998,25639844
AMPL251263,13,25052186,1,cn1,4,21876998,25639844
AMPL44712,13,28626630,1,cn1,4,25678478,33921294
AMPL141884,13,28882840,1,cn1,4,25678478,33921294
AMPL253572,13,32907205,1,cn1,4,25678478,33921294
AMPL253573,13,32911324,1,cn1,4,25678478,33921294
AMPL253574,13,32912907,1,cn1,4,25678478,33921294
AMPL248950,13,32913179,1,cn1,4,25678478,33921294
AMPL41864,13,32913636,1,cn1,4,25678478,33921294
AMPL253577,13,32913979,1,cn1,4,25678478,33921294
AMPL250344,13,32914255,1,cn1,4,25678478,33921294
AMPL250345,13,32915136,1,cn1,4,25678478,33921294
AMPL253580,13,32929036,1,cn1,4,25678478,33921294
AMPL253581,13,32931853,1,cn1,4,25678478,33921294
AMPL38486,13,32936630,1,cn1,4,25678478,33921294
AMPL253583,13,32937261,1,cn1,4,25678478,33921294
AMPL253584,13,32944520,1,cn1,4,25678478,33921294
AMPL253585,13,32953834,1,cn1,4,25678478,33921294
AMPL253586,13,32968721,1,cn1,4,25678478,33921294
AMPL253587,13,32970967,1,cn1,4,25678478,33921294
AMPL253588,13,32972297,1,cn1,4,25678478,33921294
AMPL253589,13,49027015,1,cn1,6,45964238,52654230
AMPL51946,13,49050758,1,cn1,6,45964238,52654230
AMPL257674,14,20818551,1,cn1,4,20441383,22596806
AMPL251275,14,23393138,1,cn1,4,22986138,28955136
AMPL250349,14,30093241,1,cn1,4,29104828,42529243
AMPL250350,14,30099758,1,cn1,4,29104828,42529243
AMPL251278,14,31077066,1,cn1,4,29104828,42529243
AMPL257675,14,36989203,1,cn1,4,29104828,42529243
AMPL257676,14,75508180,1,cn1,4,44030382,107142585
AMPL250352,14,75514509,1,cn1,4,44030382,107142585
AMPL251281,14,92537209,1,cn1,4,44030382,107142585
AMPL250353,14,103342573,1,cn1,4,44030382,107142585
AMPL115769,14,105242879,1,cn1,4,44030382,107142585
AMPL251284,15,28421980,1,cn1,4,24377246,31492711
AMPL251285,15,38545231,1,cn1,4,34936898,43827783
AMPL251286,15,41274936,1,cn1,4,34936898,43827783
AMPL250355,15,43748334,1,cn1,4,34936898,43827783
AMPL250357,15,59322797,1,cn1,6,49737104,91270043
AMPL257678,15,66729008,1,cn1,6,49737104,91270043
AMPL244879,15,66996365,1,cn1,6,49737104,91270043
AMPL253609,15,67073237,1,cn1,6,49737104,91270043
AMPL253610,15,67073494,1,cn1,6,49737104,91270043
AMPL244662,15,67358487,1,cn1,6,49737104,91270043
AMPL244663,15,67430214,1,cn1,6,49737104,91270043
AMPL244664,15,67457189,1,cn1,6,49737104,91270043
AMPL244665,15,67457538,1,cn1,6,49737104,91270043
AMPL244666,15,67458947,1,cn1,6,49737104,91270043
AMPL244667,15,67462719,1,cn1,6,49737104,91270043
AMPL244668,15,67473548,1,cn1,6,49737104,91270043
AMPL244669,15,67476971,1,cn1,6,49737104,91270043
AMPL244670,15,67479617,1,cn1,6,49737104,91270043
AMPL254204,15,67482651,1,cn1,6,49737104,91270043
AMPL250358,15,75703818,1,cn1,6,49737104,91270043
AMPL250359,15,89858359,1,cn1,6,49737104,91270043
AMPL253619,15,90631594,1,cn1,6,49737104,91270043
AMPL257680,16,133018,1,cn1,2,1,1242149
AMPL250361,16,347071,1,cn1,2,1,1242149
AMPL257681,16,3634651,1,cn1,2,3336899,3657144
AMPL250363,16,3640855,1,cn1,2,3336899,3657144
AMPL253624,16,3777917,1,cn1,4,3657144,6898846
AMPL124269,16,3778710,1,cn1,4,3657144,6898846
AMPL113643,16,3781326,1,cn1,4,3657144,6898846
AMPL3836,16,3781712,1,cn1,4,3657144,6898846
AMPL253628,16,3808731,1,cn1,4,3657144,6898846
AMPL248970,16,23646588,1,cn1,4,22643494,33397264
AMPL250364,16,23647116,1,cn1,4,22643494,33397264
AMPL251297,16,30087560,1,cn1,4,22643494,33397264
AMPL251298,16,56782050,1,cn1,4,56091639,69988340
AMPL125238,16,67660397,1,cn1,4,56091639,69988340
AMPL250366,16,68835416,1,cn1,4,56091639,69988340
AMPL253635,16,68849381,1,cn1,4,56091639,69988340
AMPL253636,16,68857114,1,cn1,4,56091639,69988340
AMPL257683,16,89858711,1,cn1,4,89458950,89984959
AMPL115788,17,7572760,1,cn1,2,1,18258177
AMPL113790,17,7573800,1,cn1,2,1,18258177
AMPL115428,17,7576458,1,cn1,2,1,18258177
AMPL253641,17,7576876,1,cn1,2,1,18258177
AMPL172761,17,7577369,1,cn1,2,1,18258177
AMPL115316,17,7578045,1,cn1,2,1,18258177
AMPL2967,17,7578333,1,cn1,2,1,18258177
AMPL9336,17,7579297,1,cn1,2,1,18258177
AMPL591,17,7579680,1,cn1,2,1,18258177
AMPL257685,17,7801697,1,cn1,2,1,18258177
AMPL251306,17,8049549,1,cn1,2,1,18258177
AMPL257686,17,8051878,1,cn1,2,1,18258177
AMPL253650,17,11984538,1,cn1,2,1,18258177
AMPL257687,17,11998792,1,cn1,2,1,18258177
AMPL257688,17,12016469,1,cn1,2,1,18258177
AMPL257689,17,12032382,1,cn1,2,1,18258177
AMPL253654,17,15989453,1,cn1,2,1,18258177
AMPL120246,17,29661816,1,cn1,4,25806524,81195211
AMPL253656,17,29685770,1,cn1,4,25806524,81195211
AMPL209823,17,37879451,1,cn1,4,25806524,81195211
AMPL257692,17,37881232,1,cn1,4,25806524,81195211
AMPL115816,17,37881487,1,cn1,4,25806524,81195211
AMPL257693,17,38510509,1,cn1,4,25806524,81195211
AMPL252694,17,41244091,1,cn1,4,25806524,81195211
AMPL252695,17,41245304,1,cn1,4,25806524,81195211
AMPL248996,17,41245705,1,cn1,4,25806524,81195211
AMPL250376,17,41246006,1,cn1,4,25806524,81195211
AMPL252698,17,41246275,1,cn1,4,25806524,81195211
AMPL257694,17,41275987,1,cn1,4,25806524,81195211
AMPL257695,17,44144828,1,cn1,4,25806524,81195211
AMPL250379,17,48453209,1,cn1,4,25806524,81195211
AMPL251314,17,48457949,1,cn1,4,25806524,81195211
AMPL251315,17,56434801,1,cn1,4,25806524,81195211
AMPL251316,17,56435083,1,cn1,4,25806524,81195211
AMPL253672,17,56435317,1,cn1,4,25806524,81195211
AMPL253673,17,56435641,1,cn1,4,25806524,81195211
AMPL253674,17,56435950,1,cn1,4,25806524,81195211
AMPL250381,17,56438029,1,cn1,4,25806524,81195211
AMPL249606,17,56439765,1,cn1,4,25806524,81195211
AMPL249000,17,56440711,1,cn1,4,25806524,81195211
AMPL257699,17,56448148,1,cn1,4,25806524,81195211
AMPL253679,17,56492571,1,cn1,4,25806524,81195211
AMPL249003,17,63525993,1,cn1,4,25806524,81195211
AMPL253681,17,63534256,1,cn1,4,25806524,81195211
AMPL250383,17,73627488,1,cn1,4,25806524,81195211
AMPL257559,18,19750980,1,cn1,4,19007547,19995872
AMPL257560,18,19751334,1,cn1,4,19007547,19995872
AMPL257561,18,19756703,1,cn1,4,19007547,19995872
AMPL167407,18,19761299,1,cn1,4,19007547,19995872
AMPL167408,18,19762746,1,cn1,4,19007547,19995872
AMPL167409,18,19780593,1,cn1,4,19007547,19995872
AMPL244732,18,45368121,1,cn1,2,41008181,62097004
AMPL254272,18,45371617,1,cn1,2,41008181,62097004
AMPL84671,18,45371983,1,cn1,2,41008181,62097004
AMPL84512,18,45374820,1,cn1,2,41008181,62097004
AMPL244736,18,45377499,1,cn1,2,41008181,62097004
AMPL244737,18,45391266,1,cn1,2,41008181,62097004
AMPL244738,18,45394612,1,cn1,2,41008181,62097004
AMPL244739,18,45395594,1,cn1,2,41008181,62097004
AMPL244740,18,45396714,1,cn1,2,41008181,62097004
AMPL244741,18,45422869,1,cn1,2,41008181,62097004
AMPL253689,18,46448059,1,cn1,2,41008181,62097004
AMPL253690,18,46476041,1,cn1,2,41008181,62097004
AMPL253691,18,46476240,1,cn1,2,41008181,62097004
AMPL44652,18,48573404,1,cn1,2,41008181,62097004
AMPL44653,18,48575020,1,cn1,2,41008181,62097004
AMPL44654,18,48575494,1,cn1,2,41008181,62097004
AMPL44655,18,48581132,1,cn1,2,41008181,62097004
AMPL138094,18,48584516,1,cn1,2,41008181,62097004
AMPL138095,18,48584785,1,cn1,2,41008181,62097004
AMPL138096,18,48586080,1,cn1,2,41008181,62097004
AMPL138097,18,48591759,1,cn1,2,41008181,62097004
AMPL44659,18,48593375,1,cn1,2,41008181,62097004
AMPL138099,18,48602919,1,cn1,2,41008181,62097004
AMPL146646,18,48604608,1,cn1,2,41008181,62097004
AMPL253703,19,1206931,1,cn1,2,294063,2684649
AMPL249649,19,1220228,1,cn1,2,294063,2684649
AMPL146649,19,1221153,1,cn1,2,294063,2684649
AMPL250389,19,5219770,1,cn1,2,2684649,7755545
AMPL250391,19,5231452,1,cn1,2,2684649,7755545
AMPL250393,19,7684463,1,cn1,2,2684649,7755545
AMPL257708,19,10252678,1,cn1,4,9236376,13315919
AMPL253710,19,11096775,1,cn1,4,9236376,13315919
AMPL117734,19,11121016,1,cn1,4,9236376,13315919
AMPL253712,19,11143892,1,cn1,4,9236376,13315919
AMPL250394,19,15298571,1,cn1,4,13707233,20993127
AMPL250395,19,15354907,1,cn1,4,13707233,20993127
AMPL251331,19,36212291,1,cn1,6,28600315,40346964
AMPL250396,19,36222829,1,cn1,6,28600315,40346964
AMPL250397,19,36229012,1,cn1,6,28600315,40346964
AMPL253718,19,40741661,1,cn1,6,40390272,55204043
AMPL251334,19,41754428,1,cn1,6,40390272,55204043
AMPL250399,19,47422412,1,cn1,6,40390272,55204043
AMPL249040,19,47424762,1,cn1,6,40390272,55204043
AMPL253722,19,47425119,1,cn1,6,40390272,55204043
AMPL257713,19,47491115,1,cn1,6,40390272,55204043
AMPL257714,19,50902497,1,cn1,6,40390272,55204043
AMPL242511,19,50918646,1,cn1,6,40390272,55204043
AMPL242512,19,50919026,1,cn1,6,40390272,55204043
AMPL176028,20,3782795,1,cn1,4,1,25600001
AMPL250404,20,9519916,1,cn1,4,1,25600001
AMPL250405,20,9560597,1,cn1,4,1,25600001
AMPL249045,20,31375051,1,cn1,4,29839809,32983732
AMPL257717,20,31383118,1,cn1,4,29839809,32983732
AMPL257718,20,31387877,1,cn1,4,29839809,32983732
AMPL146662,20,36031564,1,cn1,7,33208590,37296499
AMPL250407,20,39801217,1,cn1,4,37385810,40936028
AMPL250408,20,40733088,1,cn1,4,37385810,40936028
AMPL250409,20,40738857,1,cn1,4,37385810,40936028
AMPL251348,20,40770400,1,cn1,4,37385810,40936028
AMPL250410,20,41100766,1,cn1,7,40936028,42853598
AMPL250411,20,46275822,1,cn1,7,44086041,52440513
AMPL250412,20,46279655,1,cn1,7,44086041,52440513
AMPL257719,20,50090468,1,cn1,7,44086041,52440513
AMPL251353,20,50140402,1,cn1,7,44086041,52440513
AMPL250413,20,54945308,1,cn1,7,52497752,57748777
AMPL257721,20,54959179,1,cn1,7,52497752,57748777
AMPL233967,20,57415519,1,cn1,7,52497752,57748777
AMPL253746,20,57429041,1,cn1,7,52497752,57748777
AMPL250415,20,57429890,1,cn1,7,52497752,57748777
AMPL253748,20,57484188,1,cn1,7,52497752,57748777
AMPL257723,20,62303748,1,cn1,4,60204074,62730517
AMPL257724,21,33068324,1,cn1,4,25994818,35779356
AMPL250418,22,21288011,1,cn1,2,18933344,21439403
AMPL250419,22,29130219,1,cn1,2,22604418,51304567
AMPL250420,22,36696887,1,cn1,2,22604418,51304567
AMPL253754,22,41547825,1,cn1,2,22604418,51304567
AMPL249051,22,41548106,1,cn1,2,22604418,51304567
AMPL113384,22,41572230,1,cn1,2,22604418,51304567
AMPL251363,22,42032403,1,cn1,2,22604418,51304567
AMPL250422,22,50727880,1,cn1,2,22604418,51304567
AMPL250217,1,6252866,2,cn2,4,1,26314488
AMPL257565,1,6257585,2,cn2,4,1,26314488
AMPL257566,1,11204857,2,cn2,4,1,26314488
AMPL253201,1,11288712,2,cn2,4,1,26314488
AMPL257567,1,11297878,2,cn2,4,1,26314488
AMPL250219,1,11307864,2,cn2,4,1,26314488
AMPL248729,1,11316857,2,cn2,4,1,26314488
AMPL251098,1,11734617,2,cn2,4,1,26314488
AMPL151786,1,16245771,2,cn2,4,1,26314488
AMPL250221,1,16474775,2,cn2,4,1,26314488
AMPL250222,1,22413011,2,cn2,4,1,26314488
AMPL253209,1,27056061,2,cn2,4,26644978,40002884
AMPL253210,1,27057597,2,cn2,4,26644978,40002884
AMPL253211,1,27057831,2,cn2,4,26644978,40002884
AMPL248732,1,27087285,2,cn2,4,26644978,40002884
AMPL248733,1,27089275,2,cn2,4,26644978,40002884
AMPL257571,1,27092634,2,cn2,4,26644978,40002884
AMPL257753,1,27092884,2,cn2,4,26644978,40002884
AMPL253216,1,27094143,2,cn2,4,26644978,40002884
AMPL253217,1,27097564,2,cn2,4,26644978,40002884
AMPL253218,1,27099243,2,cn2,4,26644978,40002884
AMPL253219,1,27099722,2,cn2,4,26644978,40002884
AMPL253220,1,27100131,2,cn2,4,26644978,40002884
AMPL253221,1,27100814,2,cn2,4,26644978,40002884
AMPL253222,1,27101167,2,cn2,4,26644978,40002884
AMPL253223,1,27101958,2,cn2,4,26644978,40002884
AMPL248743,1,27105455,2,cn2,4,26644978,40002884
AMPL248744,1,27105769,2,cn2,4,26644978,40002884
AMPL253226,1,27106134,2,cn2,4,26644978,40002884
AMPL253227,1,27106429,2,cn2,4,26644978,40002884
AMPL248748,1,27106714,2,cn2,4,26644978,40002884
AMPL115238,1,27107001,2,cn2,4,26644978,40002884
AMPL251104,1,39781089,2,cn2,4,26644978,40002884
AMPL257574,1,46521439,2,cn2,4,40252645,85984385
AMPL251106,1,91843811,2,cn2,4,91731286,91889889
AMPL251107,1,91859759,2,cn2,4,91731286,91889889
AMPL250226,1,93298984,2,cn2,4,91889889,103073640
AMPL112922,1,115256292,2,cn2,4,104081872,120340809
AMPL248758,1,120458785,2,cn2,4,120340809,121183687
AMPL250228,1,120483058,2,cn2,4,120340809,121183687
AMPL257576,1,155233854,2,cn2,4,155173243,160617599
AMPL257777,1,155234124,2,cn2,4,155173243,160617599
AMPL250230,1,155239152,2,cn2,4,155173243,160617599
AMPL93537,1,156820970,2,cn2,4,155173243,160617599
AMPL251114,1,158612135,2,cn2,4,155173243,160617599
AMPL257577,1,163298468,2,cn2,4,163049793,163394989
AMPL250232,1,182829027,2,cn2,4,173014059,183256211
AMPL250234,1,206653196,2,cn2,4,205907382,206694074
AMPL250235,1,209961734,2,cn2,5,209105815,227438026
AMPL250236,1,209969585,2,cn2,5,209105815,227438026
AMPL250237,1,226577968,2,cn2,5,209105815,227438026
AMPL250238,2,16085438,2,cn2,4,2339253,38526775
AMPL253250,2,25457019,2,cn2,4,2339253,38526775
AMPL187925,2,25463039,2,cn2,4,2339253,38526775
AMPL257578,2,25467008,2,cn2,4,2339253,38526775
AMPL121280,2,25470404,2,cn2,4,2339253,38526775
AMPL257792,2,47641360,2,cn2,4,38679530,90500001
AMPL59620,2,47672602,2,cn2,4,38679530,90500001
AMPL250241,2,47702083,2,cn2,4,38679530,90500001
AMPL251125,2,48028062,2,cn2,4,38679530,90500001
AMPL61654,2,80085114,2,cn2,4,38679530,90500001
AMPL250242,2,100055053,2,cn2,4,96802594,102820610
AMPL250243,2,128037890,2,cn2,6,118432640,130797048
AMPL250245,2,128050165,2,cn2,6,118432640,130797048
AMPL244809,2,148602594,2,cn2,2,138897749,152393360
AMPL244810,2,148653850,2,cn2,2,138897749,152393360
AMPL253264,2,148656945,2,cn2,2,138897749,152393360
AMPL244812,2,148657299,2,cn2,2,138897749,152393360
AMPL244813,2,148672690,2,cn2,2,138897749,152393360
AMPL8463,2,148674798,2,cn2,2,138897749,152393360
AMPL244815,2,148675945,2,cn2,2,138897749,152393360
AMPL244816,2,148677700,2,cn2,2,138897749,152393360
AMPL244817,2,148680486,2,cn2,2,138897749,152393360
AMPL244818,2,148683522,2,cn2,2,138897749,152393360
AMPL244819,2,148684605,2,cn2,2,138897749,152393360
AMPL253273,2,198266496,2,cn2,6,176633971,241059929
AMPL253274,2,203329505,2,cn2,6,176633971,241059929
AMPL244822,2,203332183,2,cn2,6,176633971,241059929
AMPL253276,2,203379460,2,cn2,6,176633971,241059929
AMPL253277,2,203383546,2,cn2,6,176633971,241059929
AMPL253278,2,203384717,2,cn2,6,176633971,241059929
AMPL253279,2,203395460,2,cn2,6,176633971,241059929
AMPL244828,2,203397259,2,cn2,6,176633971,241059929
AMPL244829,2,203406999,2,cn2,6,176633971,241059929
AMPL244830,2,203417410,2,cn2,6,176633971,241059929
AMPL253283,2,203419893,2,cn2,6,176633971,241059929
AMPL257586,2,209113061,2,cn2,6,176633971,241059929
AMPL239235,2,215609656,2,cn2,6,176633971,241059929
AMPL250249,2,215645738,2,cn2,6,176633971,241059929
AMPL250251,2,232576972,2,cn2,6,176633971,241059929
AMPL257588,2,241660236,2,cn2,6,241175176,241843253
AMPL253289,2,241724299,2,cn2,6,241175176,241843253
AMPL250253,3,9793308,2,cn2,2,651766,75566069
AMPL251135,3,10085308,2,cn2,2,651766,75566069
AMPL253292,3,12632169,2,cn2,2,651766,75566069
AMPL165734,3,30648409,2,cn2,2,651766,75566069
AMPL165735,3,30664572,2,cn2,2,651766,75566069
AMPL253295,3,30686198,2,cn2,2,651766,75566069
AMPL59152,3,30691728,2,cn2,2,651766,75566069
AMPL253297,3,30713103,2,cn2,2,651766,75566069
AMPL249250,3,30713358,2,cn2,2,651766,75566069
AMPL249251,3,30713635,2,cn2,2,651766,75566069
AMPL253300,3,30713899,2,cn2,2,651766,75566069
AMPL165742,3,30715514,2,cn2,2,651766,75566069
AMPL165743,3,30729792,2,cn2,2,651766,75566069
AMPL165744,3,30732879,2,cn2,2,651766,75566069
AMPL250255,3,37053114,2,cn2,2,651766,75566069
AMPL251137,3,37067256,2,cn2,2,651766,75566069
AMPL244843,3,38522747,2,cn2,2,651766,75566069
AMPL248805,3,38523604,2,cn2,2,651766,75566069
AMPL248806,3,38523864,2,cn2,2,651766,75566069
AMPL248807,3,38524465,2,cn2,2,651766,75566069
AMPL251138,3,39116169,2,cn2,2,651766,75566069
AMPL253311,3,41265883,2,cn2,2,651766,75566069
AMPL253312,3,41274868,2,cn2,2,651766,75566069
AMPL250256,3,47079002,2,cn2,2,651766,75566069
AMPL251140,3,47161713,2,cn2,2,651766,75566069
AMPL251141,3,47651543,2,cn2,2,651766,75566069
AMPL251142,3,52436628,2,cn2,2,651766,75566069
AMPL252824,3,52437092,2,cn2,2,651766,75566069
AMPL252825,3,52437645,2,cn2,2,651766,75566069
AMPL252826,3,52440186,2,cn2,2,651766,75566069
AMPL252827,3,52441161,2,cn2,2,651766,75566069
AMPL121707,3,52442403,2,cn2,2,651766,75566069
AMPL248809,3,52637302,2,cn2,2,651766,75566069
AMPL251144,3,69928283,2,cn2,2,651766,75566069
AMPL250258,3,121178799,2,cn2,4,93900000,191388006
AMPL250259,3,121212382,2,cn2,4,93900000,191388006
AMPL257594,3,133376612,2,cn2,4,93900000,191388006
AMPL250260,3,134967093,2,cn2,4,93900000,191388006
AMPL250261,3,142226639,2,cn2,4,93900000,191388006
AMPL257595,3,142272008,2,cn2,4,93900000,191388006
AMPL40482,3,178935908,2,cn2,4,93900000,191388006
AMPL253331,3,178951770,2,cn2,4,93900000,191388006
AMPL251151,3,189604049,2,cn2,4,93900000,191388006
AMPL251152,3,196198626,2,cn2,4,195718092,197083788
AMPL251153,4,1807044,2,cn2,4,1,48200001
AMPL250264,4,1902338,2,cn2,4,1,48200001
AMPL257597,4,2074570,2,cn2,4,1,48200001
AMPL250265,4,2209844,2,cn2,4,1,48200001
AMPL251157,4,55129820,2,cn2,4,52716819,64124116
AMPL13842,4,55136738,2,cn2,4,52716819,64124116
AMPL251159,4,55151406,2,cn2,4,52716819,64124116
AMPL52291,4,55980236,2,cn2,4,52716819,64124116
AMPL250267,4,84391154,2,cn2,4,64144914,177120341
AMPL244847,4,95972676,2,cn2,4,64144914,177120341
AMPL253924,4,96025531,2,cn2,4,64144914,177120341
AMPL253343,4,96035762,2,cn2,4,64144914,177120341
AMPL244850,4,96036774,2,cn2,4,64144914,177120341
AMPL244851,4,96044915,2,cn2,4,64144914,177120341
AMPL253345,4,96046077,2,cn2,4,64144914,177120341
AMPL244853,4,96050984,2,cn2,4,64144914,177120341
AMPL253347,4,96052177,2,cn2,4,64144914,177120341
AMPL244854,4,96052383,2,cn2,4,64144914,177120341
AMPL253349,4,96069859,2,cn2,4,64144914,177120341
AMPL244856,4,96073698,2,cn2,4,64144914,177120341
AMPL244857,4,96075617,2,cn2,4,64144914,177120341
AMPL250268,4,106156469,2,cn2,4,64144914,177120341
AMPL257600,4,109002580,2,cn2,4,64144914,177120341
AMPL251162,4,126239692,2,cn2,4,64144914,177120341
AMPL177159,4,126327925,2,cn2,4,64144914,177120341
AMPL250270,4,126367334,2,cn2,4,64144914,177120341
AMPL253357,4,153246931,2,cn2,4,64144914,177120341
AMPL253358,4,153249262,2,cn2,4,64144914,177120341
AMPL248826,4,187538909,2,cn2,4,177202413,191154277
AMPL250271,5,1266435,2,cn2,4,1,8710491
AMPL257602,5,6743736,2,cn2,4,1,8710491
AMPL257603,5,37038633,2,cn2,4,20249151,46099415
AMPL248830,5,38949923,2,cn2,4,20249151,46099415
AMPL250274,5,38953513,2,cn2,4,20249151,46099415
AMPL119939,5,56181741,2,cn2,4,50708855,180915261
AMPL250276,5,68667157,2,cn2,4,50708855,180915261
AMPL257605,5,79967937,2,cn2,4,50708855,180915261
AMPL251171,5,79970690,2,cn2,4,50708855,180915261
AMPL251172,5,98191921,2,cn2,4,50708855,180915261
AMPL257606,5,98207709,2,cn2,4,50708855,180915261
AMPL166269,5,98208088,2,cn2,4,50708855,180915261
AMPL115555,5,112157464,2,cn2,4,50708855,180915261
AMPL250279,5,112175147,2,cn2,4,50708855,180915261
AMPL250280,5,112177915,2,cn2,4,50708855,180915261
AMPL253375,5,138239889,2,cn2,4,50708855,180915261
AMPL250282,6,407260,2,cn2,4,1,32460188
AMPL257608,6,7229211,2,cn2,4,1,32460188
AMPL257918,6,7229485,2,cn2,4,1,32460188
AMPL253379,6,7229731,2,cn2,4,1,32460188
AMPL248841,6,7230362,2,cn2,4,1,32460188
AMPL250283,6,26156490,2,cn2,4,1,32460188
AMPL251179,6,26197144,2,cn2,4,1,32460188
AMPL250284,6,26270995,2,cn2,4,1,32460188
AMPL250285,6,27839836,2,cn2,4,1,32460188
AMPL257609,6,31710491,2,cn2,4,1,32460188
AMPL248842,6,31860038,2,cn2,4,1,32460188
AMPL248843,6,33286825,2,cn2,4,32518362,40983772
AMPL248844,6,33287230,2,cn2,4,32518362,40983772
AMPL248845,6,33288506,2,cn2,4,32518362,40983772
AMPL253390,6,33288895,2,cn2,4,32518362,40983772
AMPL221874,6,35425516,2,cn2,4,32518362,40983772
AMPL250288,6,52149390,2,cn2,4,40983772,57155234
AMPL257611,6,80715504,2,cn2,4,79375945,123311833
AMPL251185,6,80751699,2,cn2,4,79375945,123311833
AMPL251186,6,101037705,2,cn2,4,79375945,123311833
AMPL257612,6,101099392,2,cn2,4,79375945,123311833
AMPL257613,6,111628542,2,cn2,4,79375945,123311833
AMPL177184,6,157099133,2,cn2,4,123311833,164544590
AMPL250290,6,157469821,2,cn2,4,123311833,164544590
AMPL257614,6,157495026,2,cn2,4,123311833,164544590
AMPL253401,6,157502074,2,cn2,4,123311833,164544590
AMPL248849,6,157505386,2,cn2,4,123311833,164544590
AMPL119983,6,157510692,2,cn2,4,123311833,164544590
AMPL250291,6,157521789,2,cn2,4,123311833,164544590
AMPL253405,6,157528154,2,cn2,4,123311833,164544590
AMPL253406,6,157528424,2,cn2,4,123311833,164544590
AMPL251192,6,162683499,2,cn2,4,123311833,164544590
AMPL151964,7,2962728,2,cn2,6,78701,5884797
AMPL250293,7,6045454,2,cn2,6,5981976,15070792
AMPL250294,7,40172533,2,cn2,4,38345083,43996334
AMPL253411,7,41729164,2,cn2,4,38345083,43996334
AMPL253412,7,41729856,2,cn2,4,38345083,43996334
AMPL250295,7,44157081,2,cn2,4,44127336,47781064
AMPL257617,7,104731534,2,cn2,4,102482074,104986866
AMPL250296,7,116340076,2,cn2,4,110672950,124611837
AMPL250297,7,128845348,2,cn2,4,128501982,129530770
AMPL113442,7,140452949,2,cn2,4,140450095,143183502
AMPL257618,7,142649502,2,cn2,4,140450095,143183502
AMPL250298,7,151851191,2,cn2,4,151677523,152211257
AMPL253420,7,151877932,2,cn2,4,151677523,152211257
AMPL248866,7,151878781,2,cn2,4,151677523,152211257
AMPL253422,7,151879090,2,cn2,4,151677523,152211257
AMPL257621,7,151884312,2,cn2,4,151677523,152211257
AMPL122652,7,151926920,2,cn2,4,151677523,152211257
AMPL253425,7,151935673,2,cn2,4,151677523,152211257
AMPL165609,7,151944834,2,cn2,4,151677523,152211257
AMPL226340,7,151962026,2,cn2,4,151677523,152211257
AMPL257623,7,154745920,2,cn2,4,154613363,154765336
AMPL251202,7,154760469,2,cn2,4,154613363,154765336
AMPL251203,8,6288892,2,cn2,2,2238407,6815457
AMPL250300,8,22547910,2,cn2,2,12455915,35172885
AMPL257624,8,30933644,2,cn2,2,12455915,35172885
AMPL160274,8,38271649,2,cn2,5,35275678,43100001
AMPL160275,8,38271901,2,cn2,5,35275678,43100001
AMPL250301,8,38275603,2,cn2,5,35275678,43100001
AMPL11982,8,38314857,2,cn2,5,35275678,43100001
AMPL251207,8,42206363,2,cn2,5,35275678,43100001
AMPL257628,8,48793841,2,cn2,5,48100451,62903332
AMPL257629,8,56860051,2,cn2,5,48100451,62903332
AMPL257630,8,68950320,2,cn2,5,62924978,146364023
AMPL250304,8,69027856,2,cn2,5,62924978,146364023
AMPL257631,8,70970849,2,cn2,5,62924978,146364023
AMPL126740,8,128748665,2,cn2,5,62924978,146364023
AMPL143573,8,128750506,2,cn2,5,62924978,146364023
AMPL257985,8,128750899,2,cn2,5,62924978,146364023
AMPL257986,8,128751161,2,cn2,5,62924978,146364023
AMPL257987,8,128752681,2,cn2,5,62924978,146364023
AMPL257988,8,128752947,2,cn2,5,62924978,146364023
AMPL250307,9,8465442,2,cn2,4,1,19075367
AMPL120016,9,8470851,2,cn2,4,1,19075367
AMPL250309,9,8636551,2,cn2,4,1,19075367
AMPL115655,9,21968052,2,cn2,4,19479285,47300001
AMPL115656,9,21968534,2,cn2,4,19479285,47300001
AMPL115657,9,21970743,2,cn2,4,19479285,47300001
AMPL113204,9,21971188,2,cn2,4,19479285,47300001
AMPL4077,9,21974466,2,cn2,4,19479285,47300001
AMPL115660,9,21994089,2,cn2,4,19479285,47300001
AMPL253455,9,101891114,2,cn2,4,66862912,141213432
AMPL253456,9,101894761,2,cn2,4,66862912,141213432
AMPL165898,9,101900145,2,cn2,4,66862912,141213432
AMPL165899,9,101904768,2,cn2,4,66862912,141213432
AMPL165900,9,101907000,2,cn2,4,66862912,141213432
AMPL165901,9,101908690,2,cn2,4,66862912,141213432
AMPL165902,9,101909859,2,cn2,4,66862912,141213432
AMPL165903,9,101911380,2,cn2,4,66862912,141213432
AMPL257633,9,131394406,2,cn2,4,66862912,141213432
AMPL250312,9,137293582,2,cn2,4,66862912,141213432
AMPL128656,9,139391630,2,cn2,4,66862912,141213432
AMPL251220,10,50681408,2,cn2,4,49266338,51260450
AMPL248894,10,68280296,2,cn2,4,51787356,74140520
AMPL242360,10,88635627,2,cn2,3,81654693,99071956
AMPL253469,10,88649774,2,cn2,3,81654693,99071956
AMPL253470,10,88651769,2,cn2,3,81654693,99071956
AMPL253471,10,88659431,2,cn2,3,81654693,99071956
AMPL242364,10,88659695,2,cn2,3,81654693,99071956
AMPL253472,10,88671930,2,cn2,3,81654693,99071956
AMPL242366,10,88676853,2,cn2,3,81654693,99071956
AMPL242367,10,88678773,2,cn2,3,81654693,99071956
AMPL242368,10,88678992,2,cn2,3,81654693,99071956
AMPL59786,10,88681227,2,cn2,3,81654693,99071956
AMPL253477,10,88682940,2,cn2,3,81654693,99071956
AMPL242370,10,88683169,2,cn2,3,81654693,99071956
AMPL257635,10,89711797,2,cn2,3,81654693,99071956
AMPL257636,10,89717559,2,cn2,3,81654693,99071956
AMPL250316,10,114911957,2,cn2,3,99442791,127578421
AMPL257637,10,131506080,2,cn2,3,127621434,132211822
AMPL257638,11,4153426,2,cn2,4,1,43177662
AMPL251225,11,14315933,2,cn2,4,1,43177662
AMPL250318,11,57572043,2,cn2,4,55700003,122860472
AMPL257639,11,63665553,2,cn2,4,55700003,122860472
AMPL251228,11,63667291,2,cn2,4,55700003,122860472
AMPL249436,11,64572455,2,cn2,4,55700003,122860472
AMPL13179,11,64573630,2,cn2,4,55700003,122860472
AMPL253490,11,64574330,2,cn2,4,55700003,122860472
AMPL253491,11,64577092,2,cn2,4,55700003,122860472
AMPL252829,11,65480160,2,cn2,4,55700003,122860472
AMPL252830,11,65481024,2,cn2,4,55700003,122860472
AMPL252831,11,65481844,2,cn2,4,55700003,122860472
AMPL252832,11,65484149,2,cn2,4,55700003,122860472
AMPL257645,11,65486013,2,cn2,4,55700003,122860472
AMPL252834,11,65486342,2,cn2,4,55700003,122860472
AMPL252605,11,65631132,2,cn2,4,55700003,122860472
AMPL250319,11,65631975,2,cn2,4,55700003,122860472
AMPL251230,11,67163159,2,cn2,4,55700003,122860472
AMPL250320,11,67198798,2,cn2,4,55700003,122860472
AMPL250321,11,71940008,2,cn2,4,55700003,122860472
AMPL257654,11,71943596,2,cn2,4,55700003,122860472
AMPL251234,11,92577017,2,cn2,4,55700003,122860472
AMPL257655,11,94170258,2,cn2,4,55700003,122860472
AMPL251236,11,102207429,2,cn2,4,55700003,122860472
AMPL251237,11,107879847,2,cn2,4,55700003,122860472
AMPL251238,11,107920569,2,cn2,4,55700003,122860472
AMPL251239,11,108099777,2,cn2,4,55700003,122860472
AMPL44548,11,108114672,2,cn2,4,55700003,122860472
AMPL250326,11,108115524,2,cn2,4,55700003,122860472
AMPL117931,11,108123462,2,cn2,4,55700003,122860472
AMPL91658,11,108163302,2,cn2,4,55700003,122860472
AMPL253520,11,108191914,2,cn2,4,55700003,122860472
AMPL251243,11,108202486,2,cn2,4,55700003,122860472
AMPL257659,11,108204548,2,cn2,4,55700003,122860472
AMPL257660,11,108206464,2,cn2,4,55700003,122860472
AMPL113492,11,108235854,2,cn2,4,55700003,122860472
AMPL253525,11,118343730,2,cn2,4,55700003,122860472
AMPL250327,11,118344569,2,cn2,4,55700003,122860472
AMPL93658,11,118366846,2,cn2,4,55700003,122860472
AMPL251245,12,4662070,2,cn2,8,177892,9537033
AMPL253529,12,6696406,2,cn2,8,177892,9537033
AMPL250328,12,6709471,2,cn2,8,177892,9537033
AMPL250330,12,14577576,2,cn2,8,9729594,33300001
AMPL257664,12,14589005,2,cn2,8,9729594,33300001
AMPL251249,12,18800693,2,cn2,8,9729594,33300001
AMPL38584,12,25362679,2,cn2,8,9729594,33300001
AMPL115373,12,25368257,2,cn2,8,9729594,33300001
AMPL38586,12,25378518,2,cn2,8,9729594,33300001
AMPL38587,12,25380135,2,cn2,8,9729594,33300001
AMPL115376,12,25398126,2,cn2,8,9729594,33300001
AMPL253539,12,46230498,2,cn2,4,38315186,54435313
AMPL253540,12,46231187,2,cn2,4,38315186,54435313
AMPL253541,12,46243839,2,cn2,4,38315186,54435313
AMPL248928,12,46244674,2,cn2,4,38315186,54435313
AMPL248929,12,46245372,2,cn2,4,38315186,54435313
AMPL235278,12,46254538,2,cn2,4,38315186,54435313
AMPL117568,12,49415700,2,cn2,4,38315186,54435313
AMPL250334,12,49419785,2,cn2,4,38315186,54435313
AMPL118221,12,49424006,2,cn2,4,38315186,54435313
AMPL250335,12,49425302,2,cn2,4,38315186,54435313
AMPL253549,12,49433990,2,cn2,4,38315186,54435313
AMPL253550,12,49439964,2,cn2,4,38315186,54435313
AMPL248935,12,49444534,2,cn2,4,38315186,54435313
AMPL244869,12,52369029,2,cn2,4,38315186,54435313
AMPL253553,12,52370111,2,cn2,4,38315186,54435313
AMPL249492,12,52374743,2,cn2,4,38315186,54435313
AMPL244872,12,52376373,2,cn2,4,38315186,54435313
AMPL244873,12,52377720,2,cn2,4,38315186,54435313
AMPL244874,12,52378915,2,cn2,4,38315186,54435313
AMPL244875,12,52380509,2,cn2,4,38315186,54435313
AMPL244876,12,52385548,2,cn2,4,38315186,54435313
AMPL244877,12,52387687,2,cn2,4,38315186,54435313
AMPL257667,12,56481513,2,cn2,4,54530464,64041743
AMPL250338,12,56495368,2,cn2,4,54530464,64041743
AMPL250339,12,115109941,2,cn2,4,64143441,132072877
AMPL257668,12,118457367,2,cn2,4,64143441,132072877
AMPL250340,12,120554401,2,cn2,4,64143441,132072877
AMPL250341,12,133235679,2,cn2,5,133159544,133352697
AMPL160828,12,133252553,2,cn2,5,133159544,133352697
AMPL253568,13,23904720,2,cn2,3,21876998,25639844
AMPL251263,13,25052186,2,cn2,3,21876998,25639844
AMPL44712,13,28626630,2,cn2,3,25678478,33921294
AMPL141884,13,28882840,2,cn2,3,25678478,33921294
AMPL253572,13,32907205,2,cn2,3,25678478,33921294
AMPL253573,13,32911324,2,cn2,3,25678478,33921294
AMPL253574,13,32912907,2,cn2,3,25678478,33921294
AMPL248950,13,32913179,2,cn2,3,25678478,33921294
AMPL41864,13,32913636,2,cn2,3,25678478,33921294
AMPL253577,13,32913979,2,cn2,3,25678478,33921294
AMPL250344,13,32914255,2,cn2,3,25678478,33921294
AMPL250345,13,32915136,2,cn2,3,25678478,33921294
AMPL253580,13,32929036,2,cn2,3,25678478,33921294
AMPL253581,13,32931853,2,cn2,3,25678478,33921294
AMPL38486,13,32936630,2,cn2,3,25678478,33921294
AMPL253583,13,32937261,2,cn2,3,25678478,33921294
AMPL253584,13,32944520,2,cn2,3,25678478,33921294
AMPL253585,13,32953834,2,cn2,3,25678478,33921294
AMPL253586,13,32968721,2,cn2,3,25678478,33921294
AMPL253587,13,32970967,2,cn2,3,25678478,33921294
AMPL253588,13,32972297,2,cn2,3,25678478,33921294
AMPL253589,13,49027015,2,cn2,5,45964238,52654230
AMPL51946,13,49050758,2,cn2,5,45964238,52654230
AMPL257674,14,20818551,2,cn2,4,20441383,22596806
AMPL251275,14,23393138,2,cn2,4,22986138,28955136
AMPL250349,14,30093241,2,cn2,4,29104828,42529243
AMPL250350,14,30099758,2,cn2,4,29104828,42529243
AMPL251278,14,31077066,2,cn2,4,29104828,42529243
AMPL257675,14,36989203,2,cn2,4,29104828,42529243
AMPL257676,14,75508180,2,cn2,4,44030382,107142585
AMPL250352,14,75514509,2,cn2,4,44030382,107142585
AMPL251281,14,92537209,2,cn2,4,44030382,107142585
AMPL250353,14,103342573,2,cn2,4,44030382,107142585
AMPL115769,14,105242879,2,cn2,4,44030382,107142585
AMPL251284,15,28421980,2,cn2,4,24377246,31492711
AMPL251285,15,38545231,2,cn2,4,34936898,43827783
AMPL251286,15,41274936,2,cn2,4,34936898,43827783
AMPL250355,15,43748334,2,cn2,4,34936898,43827783
AMPL250357,15,59322797,2,cn2,6,49737104,91270043
AMPL257678,15,66729008,2,cn2,6,49737104,91270043
AMPL244879,15,66996365,2,cn2,6,49737104,91270043
AMPL253609,15,67073237,2,cn2,6,49737104,91270043
AMPL253610,15,67073494,2,cn2,6,49737104,91270043
AMPL244662,15,67358487,2,cn2,6,49737104,91270043
AMPL244663,15,67430214,2,cn2,6,49737104,91270043
AMPL244664,15,67457189,2,cn2,6,49737104,91270043
AMPL244665,15,67457538,2,cn2,6,49737104,91270043
AMPL244666,15,67458947,2,cn2,6,49737104,91270043
AMPL244667,15,67462719,2,cn2,6,49737104,91270043
AMPL244668,15,67473548,2,cn2,6,49737104,91270043
AMPL244669,15,67476971,2,cn2,6,49737104,91270043
AMPL244670,15,67479617,2,cn2,6,49737104,91270043
AMPL254204,15,67482651,2,cn2,6,49737104,91270043
AMPL250358,15,75703818,2,cn2,6,49737104,91270043
AMPL250359,15,89858359,2,cn2,6,49737104,91270043
AMPL253619,15,90631594,2,cn2,6,49737104,91270043
AMPL257680,16,133018,2,cn2,2,1,1242149
AMPL250361,16,347071,2,cn2,2,1,1242149
AMPL257681,16,3634651,2,cn2,2,3336899,3657144
AMPL250363,16,3640855,2,cn2,2,3336899,3657144
AMPL253624,16,3777917,2,cn2,4,3657144,6898846
AMPL124269,16,3778710,2,cn2,4,3657144,6898846
AMPL113643,16,3781326,2,cn2,4,3657144,6898846
AMPL3836,16,3781712,2,cn2,4,3657144,6898846
AMPL253628,16,3808731,2,cn2,4,3657144,6898846
AMPL248970,16,23646588,2,cn2,4,22643494,33397264
AMPL250364,16,23647116,2,cn2,4,22643494,33397264
AMPL251297,16,30087560,2,cn2,4,22643494,33397264
AMPL251298,16,56782050,2,cn2,4,56091639,69988340
AMPL125238,16,67660397,2,cn2,4,56091639,69988340
AMPL250366,16,68835416,2,cn2,4,56091639,69988340
AMPL253635,16,68849381,2,cn2,4,56091639,69988340
AMPL253636,16,68857114,2,cn2,4,56091639,69988340
AMPL257683,16,89858711,2,cn2,4,89458950,89984959
AMPL115788,17,7572760,2,cn2,2,1,18258177
AMPL113790,17,7573800,2,cn2,2,1,18258177
AMPL115428,17,7576458,2,cn2,2,1,18258177
AMPL253641,17,7576876,2,cn2,2,1,18258177
AMPL172761,17,7577369,2,cn2,2,1,18258177
AMPL115316,17,7578045,2,cn2,2,1,18258177
AMPL2967,17,7578333,2,cn2,2,1,18258177
AMPL9336,17,7579297,2,cn2,2,1,18258177
AMPL591,17,7579680,2,cn2,2,1,18258177
AMPL257685,17,7801697,2,cn2,2,1,18258177
AMPL251306,17,8049549,2,cn2,2,1,18258177
AMPL257686,17,8051878,2,cn2,2,1,18258177
AMPL253650,17,11984538,2,cn2,2,1,18258177
AMPL257687,17,11998792,2,cn2,2,1,18258177
AMPL257688,17,12016469,2,cn2,2,1,18258177
AMPL257689,17,12032382,2,cn2,2,1,18258177
AMPL253654,17,15989453,2,cn2,2,1,18258177
AMPL120246,17,29661816,2,cn2,4,25806524,81195211
AMPL253656,17,29685770,2,cn2,4,25806524,81195211
AMPL209823,17,37879451,2,cn2,4,25806524,81195211
AMPL257692,17,37881232,2,cn2,4,25806524,81195211
AMPL115816,17,37881487,2,cn2,4,25806524,81195211
AMPL257693,17,38510509,2,cn2,4,25806524,81195211
AMPL252694,17,41244091,2,cn2,4,25806524,81195211
AMPL252695,17,41245304,2,cn2,4,25806524,81195211
AMPL248996,17,41245705,2,cn2,4,25806524,81195211
AMPL250376,17,41246006,2,cn2,4,25806524,81195211
AMPL252698,17,41246275,2,cn2,4,25806524,81195211
AMPL257694,17,41275987,2,cn2,4,25806524,81195211
AMPL257695,17,44144828,2,cn2,4,25806524,81195211
AMPL250379,17,48453209,2,cn2,4,25806524,81195211
AMPL251314,17,48457949,2,cn2,4,25806524,81195211
AMPL251315,17,56434801,2,cn2,4,25806524,81195211
AMPL251316,17,56435083,2,cn2,4,25806524,81195211
AMPL253672,17,56435317,2,cn2,4,25806524,81195211
AMPL253673,17,56435641,2,cn2,4,25806524,81195211
AMPL253674,17,56435950,2,cn2,4,25806524,81195211
AMPL250381,17,56438029,2,cn2,4,25806524,81195211
AMPL249606,17,56439765,2,cn2,4,25806524,81195211
AMPL249000,17,56440711,2,cn2,4,25806524,81195211
AMPL257699,17,56448148,2,cn2,4,25806524,81195211
AMPL253679,17,56492571,2,cn2,4,25806524,81195211
AMPL249003,17,63525993,2,cn2,4,25806524,81195211
AMPL253681,17,63534256,2,cn2,4,25806524,81195211
AMPL250383,17,73627488,2,cn2,4,25806524,81195211
AMPL257559,18,19750980,2,cn2,5,19007547,19995872
AMPL257560,18,19751334,2,cn2,5,19007547,19995872
AMPL257561,18,19756703,2,cn2,5,19007547,19995872
AMPL167407,18,19761299,2,cn2,5,19007547,19995872
AMPL167408,18,19762746,2,cn2,5,19007547,19995872
AMPL167409,18,19780593,2,cn2,5,19007547,19995872
AMPL244732,18,45368121,2,cn2,4,41008181,62097004
AMPL254272,18,45371617,2,cn2,4,41008181,62097004
AMPL84671,18,45371983,2,cn2,4,41008181,62097004
AMPL84512,18,45374820,2,cn2,4,41008181,62097004
AMPL244736,18,45377499,2,cn2,4,41008181,62097004
AMPL244737,18,45391266,2,cn2,4,41008181,62097004
AMPL244738,18,45394612,2,cn2,4,41008181,62097004
AMPL244739,18,45395594,2,cn2,4,41008181,62097004
AMPL244740,18,45396714,2,cn2,4,41008181,62097004
AMPL244741,18,45422869,2,cn2,4,41008181,62097004
AMPL253689,18,46448059,2,cn2,4,41008181,62097004
AMPL253690,18,46476041,2,cn2,4,41008181,62097004
AMPL253691,18,46476240,2,cn2,4,41008181,62097004
AMPL44652,18,48573404,2,cn2,4,41008181,62097004
AMPL44653,18,48575020,2,cn2,4,41008181,62097004
AMPL44654,18,48575494,2,cn2,4,41008181,62097004
AMPL44655,18,48581132,2,cn2,4,41008181,62097004
AMPL138094,18,48584516,2,cn2,4,41008181,62097004
AMPL138095,18,48584785,2,cn2,4,41008181,62097004
AMPL138096,18,48586080,2,cn2,4,41008181,62097004
AMPL138097,18,48591759,2,cn2,4,41008181,62097004
AMPL44659,18,48593375,2,cn2,4,41008181,62097004
AMPL138099,18,48602919,2,cn2,4,41008181,62097004
AMPL146646,18,48604608,2,cn2,4,41008181,62097004
AMPL253703,19,1206931,2,cn2,4,294063,2684649
AMPL249649,19,1220228,2,cn2,4,294063,2684649
AMPL146649,19,1221153,2,cn2,4,294063,2684649
AMPL250389,19,5219770,2,cn2,2,2684649,7755545
AMPL250391,19,5231452,2,cn2,2,2684649,7755545
AMPL250393,19,7684463,2,cn2,2,2684649,7755545
AMPL257708,19,10252678,2,cn2,4,9236376,13315919
AMPL253710,19,11096775,2,cn2,4,9236376,13315919
AMPL117734,19,11121016,2,cn2,4,9236376,13315919
AMPL253712,19,11143892,2,cn2,4,9236376,13315919
AMPL250394,19,15298571,2,cn2,4,13707233,20993127
AMPL250395,19,15354907,2,cn2,4,13707233,20993127
AMPL251331,19,36212291,2,cn2,7,28600315,40346964
AMPL250396,19,36222829,2,cn2,7,28600315,40346964
AMPL250397,19,36229012,2,cn2,7,28600315,40346964
AMPL253718,19,40741661,2,cn2,7,40390272,55204043
AMPL251334,19,41754428,2,cn2,7,40390272,55204043
AMPL250399,19,47422412,2,cn2,7,40390272,55204043
AMPL249040,19,47424762,2,cn2,7,40390272,55204043
AMPL253722,19,47425119,2,cn2,7,40390272,55204043
AMPL257713,19,47491115,2,cn2,7,40390272,55204043
AMPL257714,19,50902497,2,cn2,7,40390272,55204043
AMPL242511,19,50918646,2,cn2,7,40390272,55204043
AMPL242512,19,50919026,2,cn2,7,40390272,55204043
AMPL176028,20,3782795,2,cn2,6,1,25600001
AMPL250404,20,9519916,2,cn2,6,1,25600001
AMPL250405,20,9560597,2,cn2,6,1,25600001
AMPL249045,20,31375051,2,cn2,6,29839809,32983732
AMPL257717,20,31383118,2,cn2,6,29839809,32983732
AMPL257718,20,31387877,2,cn2,6,29839809,32983732
AMPL146662,20,36031564,2,cn2,7,33208590,37296499
AMPL250407,20,39801217,2,cn2,6,37385810,40936028
AMPL250408,20,40733088,2,cn2,6,37385810,40936028
AMPL250409,20,40738857,2,cn2,6,37385810,40936028
AMPL251348,20,40770400,2,cn2,6,37385810,40936028
AMPL250410,20,41100766,2,cn2,7,40936028,42853598
AMPL250411,20,46275822,2,cn2,7,44086041,52440513
AMPL250412,20,46279655,2,cn2,7,44086041,52440513
AMPL257719,20,50090468,2,cn2,7,44086041,52440513
AMPL251353,20,50140402,2,cn2,7,44086041,52440513
AMPL250413,20,54945308,2,cn2,7,52497752,57748777
AMPL257721,20,54959179,2,cn2,7,52497752,57748777
AMPL233967,20,57415519,2,cn2,7,52497752,57748777
AMPL253746,20,57429041,2,cn2,7,52497752,57748777
AMPL250415,20,57429890,2,cn2,7,52497752,57748777
AMPL253748,20,57484188,2,cn2,7,52497752,57748777
AMPL257723,20,62303748,2,cn2,6,60204074,62730517
AMPL257724,21,33068324,2,cn2,4,25994818,35779356
AMPL250418,22,21288011,2,cn2,3,18933344,21439403
AMPL250419,22,29130219,2,cn2,3,22604418,51304567
AMPL250420,22,36696887,2,cn2,3,22604418,51304567
AMPL253754,22,41547825,2,cn2,3,22604418,51304567
AMPL249051,22,41548106,2,cn2,3,22604418,51304567
AMPL113384,22,41572230,2,cn2,3,22604418,51304567
AMPL251363,22,42032403,2,cn2,3,22604418,51304567
AMPL250422,22,50727880,2,cn2,3,22604418,51304567
AMPL250217,1,6252866,3,cn3,4,1,26314488
AMPL257565,1,6257585,3,cn3,4,1,26314488
AMPL257566,1,11204857,3,cn3,4,1,26314488
AMPL253201,1,11288712,3,cn3,4,1,26314488
AMPL257567,1,11297878,3,cn3,4,1,26314488
AMPL250219,1,11307864,3,cn3,4,1,26314488
AMPL248729,1,11316857,3,cn3,4,1,26314488
AMPL251098,1,11734617,3,cn3,4,1,26314488
AMPL151786,1,16245771,3,cn3,4,1,26314488
AMPL250221,1,16474775,3,cn3,4,1,26314488
AMPL250222,1,22413011,3,cn3,4,1,26314488
AMPL253209,1,27056061,3,cn3,4,26644978,40002884
AMPL253210,1,27057597,3,cn3,4,26644978,40002884
AMPL253211,1,27057831,3,cn3,4,26644978,40002884
AMPL248732,1,27087285,3,cn3,4,26644978,40002884
AMPL248733,1,27089275,3,cn3,4,26644978,40002884
AMPL257571,1,27092634,3,cn3,4,26644978,40002884
AMPL257753,1,27092884,3,cn3,4,26644978,40002884
AMPL253216,1,27094143,3,cn3,4,26644978,40002884
AMPL253217,1,27097564,3,cn3,4,26644978,40002884
AMPL253218,1,27099243,3,cn3,4,26644978,40002884
AMPL253219,1,27099722,3,cn3,4,26644978,40002884
AMPL253220,1,27100131,3,cn3,4,26644978,40002884
AMPL253221,1,27100814,3,cn3,4,26644978,40002884
AMPL253222,1,27101167,3,cn3,4,26644978,40002884
AMPL253223,1,27101958,3,cn3,4,26644978,40002884
AMPL248743,1,27105455,3,cn3,4,26644978,40002884
AMPL248744,1,27105769,3,cn3,4,26644978,40002884
AMPL253226,1,27106134,3,cn3,4,26644978,40002884
AMPL253227,1,27106429,3,cn3,4,26644978,40002884
AMPL248748,1,27106714,3,cn3,4,26644978,40002884
AMPL115238,1,27107001,3,cn3,4,26644978,40002884
AMPL251104,1,39781089,3,cn3,4,26644978,40002884
AMPL257574,1,46521439,3,cn3,4,40252645,85984385
AMPL251106,1,91843811,3,cn3,3,91731286,91889889
AMPL251107,1,91859759,3,cn3,3,91731286,91889889
AMPL250226,1,93298984,3,cn3,2,91889889,103073640
AMPL112922,1,115256292,3,cn3,2,104081872,120340809
AMPL248758,1,120458785,3,cn3,4,120340809,121183687
AMPL250228,1,120483058,3,cn3,4,120340809,121183687
AMPL257576,1,155233854,3,cn3,3,155173243,160617599
AMPL257777,1,155234124,3,cn3,3,155173243,160617599
AMPL250230,1,155239152,3,cn3,3,155173243,160617599
AMPL93537,1,156820970,3,cn3,3,155173243,160617599
AMPL251114,1,158612135,3,cn3,3,155173243,160617599
AMPL257577,1,163298468,3,cn3,2,163049793,163394989
AMPL250232,1,182829027,3,cn3,2,173014059,183256211
AMPL250234,1,206653196,3,cn3,4,205907382,206694074
AMPL250235,1,209961734,3,cn3,5,209105815,227438026
AMPL250236,1,209969585,3,cn3,5,209105815,227438026
AMPL250237,1,226577968,3,cn3,5,209105815,227438026
AMPL250238,2,16085438,3,cn3,4,2339253,38526775
AMPL253250,2,25457019,3,cn3,4,2339253,38526775
AMPL187925,2,25463039,3,cn3,4,2339253,38526775
AMPL257578,2,25467008,3,cn3,4,2339253,38526775
AMPL121280,2,25470404,3,cn3,4,2339253,38526775
AMPL257792,2,47641360,3,cn3,4,38679530,90500001
AMPL59620,2,47672602,3,cn3,4,38679530,90500001
AMPL250241,2,47702083,3,cn3,4,38679530,90500001
AMPL251125,2,48028062,3,cn3,4,38679530,90500001
AMPL61654,2,80085114,3,cn3,4,38679530,90500001
AMPL250242,2,100055053,3,cn3,4,96802594,102820610
AMPL250243,2,128037890,3,cn3,3,118432640,130797048
AMPL250245,2,128050165,3,cn3,3,118432640,130797048
AMPL244809,2,148602594,3,cn3,2,138897749,152393360
AMPL244810,2,148653850,3,cn3,2,138897749,152393360
AMPL253264,2,148656945,3,cn3,2,138897749,152393360
AMPL244812,2,148657299,3,cn3,2,138897749,152393360
AMPL244813,2,148672690,3,cn3,2,138897749,152393360
AMPL8463,2,148674798,3,cn3,2,138897749,152393360
AMPL244815,2,148675945,3,cn3,2,138897749,152393360
AMPL244816,2,148677700,3,cn3,2,138897749,152393360
AMPL244817,2,148680486,3,cn3,2,138897749,152393360
AMPL244818,2,148683522,3,cn3,2,138897749,152393360
AMPL244819,2,148684605,3,cn3,2,138897749,152393360
AMPL253273,2,198266496,3,cn3,3,176633971,241059929
AMPL253274,2,203329505,3,cn3,3,176633971,241059929
AMPL244822,2,203332183,3,cn3,3,176633971,241059929
AMPL253276,2,203379460,3,cn3,3,176633971,241059929
AMPL253277,2,203383546,3,cn3,3,176633971,241059929
AMPL253278,2,203384717,3,cn3,3,176633971,241059929
AMPL253279,2,203395460,3,cn3,3,176633971,241059929
AMPL244828,2,203397259,3,cn3,3,176633971,241059929
AMPL244829,2,203406999,3,cn3,3,176633971,241059929
AMPL244830,2,203417410,3,cn3,3,176633971,241059929
AMPL253283,2,203419893,3,cn3,3,176633971,241059929
AMPL257586,2,209113061,3,cn3,3,176633971,241059929
AMPL239235,2,215609656,3,cn3,3,176633971,241059929
AMPL250249,2,215645738,3,cn3,3,176633971,241059929
AMPL250251,2,232576972,3,cn3,3,176633971,241059929
AMPL257588,2,241660236,3,cn3,3,241175176,241843253
AMPL253289,2,241724299,3,cn3,3,241175176,241843253
AMPL250253,3,9793308,3,cn3,2,651766,75566069
AMPL251135,3,10085308,3,cn3,2,651766,75566069
AMPL253292,3,12632169,3,cn3,2,651766,75566069
AMPL165734,3,30648409,3,cn3,2,651766,75566069
AMPL165735,3,30664572,3,cn3,2,651766,75566069
AMPL253295,3,30686198,3,cn3,2,651766,75566069
AMPL59152,3,30691728,3,cn3,2,651766,75566069
AMPL253297,3,30713103,3,cn3,2,651766,75566069
AMPL249250,3,30713358,3,cn3,2,651766,75566069
AMPL249251,3,30713635,3,cn3,2,651766,75566069
AMPL253300,3,30713899,3,cn3,2,651766,75566069
AMPL165742,3,30715514,3,cn3,2,651766,75566069
AMPL165743,3,30729792,3,cn3,2,651766,75566069
AMPL165744,3,30732879,3,cn3,2,651766,75566069
AMPL250255,3,37053114,3,cn3,2,651766,75566069
AMPL251137,3,37067256,3,cn3,2,651766,75566069
AMPL244843,3,38522747,3,cn3,2,651766,75566069
AMPL248805,3,38523604,3,cn3,2,651766,75566069
AMPL248806,3,38523864,3,cn3,2,651766,75566069
AMPL248807,3,38524465,3,cn3,2,651766,75566069
AMPL251138,3,39116169,3,cn3,2,651766,75566069
AMPL253311,3,41265883,3,cn3,2,651766,75566069
AMPL253312,3,41274868,3,cn3,2,651766,75566069
AMPL250256,3,47079002,3,cn3,2,651766,75566069
AMPL251140,3,47161713,3,cn3,2,651766,75566069
AMPL251141,3,47651543,3,cn3,2,651766,75566069
AMPL251142,3,52436628,3,cn3,2,651766,75566069
AMPL252824,3,52437092,3,cn3,2,651766,75566069
AMPL252825,3,52437645,3,cn3,2,651766,75566069
AMPL252826,3,52440186,3,cn3,2,651766,75566069
AMPL252827,3,52441161,3,cn3,2,651766,75566069
AMPL121707,3,52442403,3,cn3,2,651766,75566069
AMPL248809,3,52637302,3,cn3,2,651766,75566069
AMPL251144,3,69928283,3,cn3,2,651766,75566069
AMPL250258,3,121178799,3,cn3,4,93900000,191388006
AMPL250259,3,121212382,3,cn3,4,93900000,191388006
AMPL257594,3,133376612,3,cn3,4,93900000,191388006
AMPL250260,3,134967093,3,cn3,4,93900000,191388006
AMPL250261,3,142226639,3,cn3,4,93900000,191388006
AMPL257595,3,142272008,3,cn3,4,93900000,191388006
AMPL40482,3,178935908,3,cn3,4,93900000,191388006
AMPL253331,3,178951770,3,cn3,4,93900000,191388006
AMPL251151,3,189604049,3,cn3,4,93900000,191388006
AMPL251152,3,196198626,3,cn3,3,195718092,197083788
AMPL251153,4,1807044,3,cn3,4,1,48200001
AMPL250264,4,1902338,3,cn3,4,1,48200001
AMPL257597,4,2074570,3,cn3,4,1,48200001
AMPL250265,4,2209844,3,cn3,4,1,48200001
AMPL251157,4,55129820,3,cn3,4,52716819,64124116
AMPL13842,4,55136738,3,cn3,4,52716819,64124116
AMPL251159,4,55151406,3,cn3,4,52716819,64124116
AMPL52291,4,55980236,3,cn3,4,52716819,64124116
AMPL250267,4,84391154,3,cn3,4,64144914,177120341
AMPL244847,4,95972676,3,cn3,4,64144914,177120341
AMPL253924,4,96025531,3,cn3,4,64144914,177120341
AMPL253343,4,96035762,3,cn3,4,64144914,177120341
AMPL244850,4,96036774,3,cn3,4,64144914,177120341
AMPL244851,4,96044915,3,cn3,4,64144914,177120341
AMPL253345,4,96046077,3,cn3,4,64144914,177120341
AMPL244853,4,96050984,3,cn3,4,64144914,177120341
AMPL253347,4,96052177,3,cn3,4,64144914,177120341
AMPL244854,4,96052383,3,cn3,4,64144914,177120341
AMPL253349,4,96069859,3,cn3,4,64144914,177120341
AMPL244856,4,96073698,3,cn3,4,64144914,177120341
AMPL244857,4,96075617,3,cn3,4,64144914,177120341
AMPL250268,4,106156469,3,cn3,4,64144914,177120341
AMPL257600,4,109002580,3,cn3,4,64144914,177120341
AMPL251162,4,126239692,3,cn3,4,64144914,177120341
AMPL177159,4,126327925,3,cn3,4,64144914,177120341
AMPL250270,4,126367334,3,cn3,4,64144914,177120341
AMPL253357,4,153246931,3,cn3,4,64144914,177120341
AMPL253358,4,153249262,3,cn3,4,64144914,177120341
AMPL248826,4,187538909,3,cn3,4,177202413,191154277
AMPL250271,5,1266435,3,cn3,4,1,8710491
AMPL257602,5,6743736,3,cn3,4,1,8710491
AMPL257603,5,37038633,3,cn3,4,20249151,46099415
AMPL248830,5,38949923,3,cn3,4,20249151,46099415
AMPL250274,5,38953513,3,cn3,4,20249151,46099415
AMPL119939,5,56181741,3,cn3,4,50708855,180915261
AMPL250276,5,68667157,3,cn3,4,50708855,180915261
AMPL257605,5,79967937,3,cn3,4,50708855,180915261
AMPL251171,5,79970690,3,cn3,4,50708855,180915261
AMPL251172,5,98191921,3,cn3,4,50708855,180915261
AMPL257606,5,98207709,3,cn3,4,50708855,180915261
AMPL166269,5,98208088,3,cn3,4,50708855,180915261
AMPL115555,5,112157464,3,cn3,4,50708855,180915261
AMPL250279,5,112175147,3,cn3,4,50708855,180915261
AMPL250280,5,112177915,3,cn3,4,50708855,180915261
AMPL253375,5,138239889,3,cn3,4,50708855,180915261
AMPL250282,6,407260,3,cn3,4,1,32460188
AMPL257608,6,7229211,3,cn3,4,1,32460188
AMPL257918,6,7229485,3,cn3,4,1,32460188
AMPL253379,6,7229731,3,cn3,4,1,32460188
AMPL248841,6,7230362,3,cn3,4,1,32460188
AMPL250283,6,26156490,3,cn3,4,1,32460188
AMPL251179,6,26197144,3,cn3,4,1,32460188
AMPL250284,6,26270995,3,cn3,4,1,32460188
AMPL250285,6,27839836,3,cn3,4,1,32460188
AMPL257609,6,31710491,3,cn3,4,1,32460188
AMPL248842,6,31860038,3,cn3,4,1,32460188
AMPL248843,6,33286825,3,cn3,4,32518362,40983772
AMPL248844,6,33287230,3,cn3,4,32518362,40983772
AMPL248845,6,33288506,3,cn3,4,32518362,40983772
AMPL253390,6,33288895,3,cn3,4,32518362,40983772
AMPL221874,6,35425516,3,cn3,4,32518362,40983772
AMPL250288,6,52149390,3,cn3,1,40983772,57155234
AMPL257611,6,80715504,3,cn3,1,79375945,123311833
AMPL251185,6,80751699,3,cn3,1,79375945,123311833
AMPL251186,6,101037705,3,cn3,1,79375945,123311833
AMPL257612,6,101099392,3,cn3,1,79375945,123311833
AMPL257613,6,111628542,3,cn3,1,79375945,123311833
AMPL177184,6,157099133,3,cn3,4,123311833,164544590
AMPL250290,6,157469821,3,cn3,4,123311833,164544590
AMPL257614,6,157495026,3,cn3,4,123311833,164544590
AMPL253401,6,157502074,3,cn3,4,123311833,164544590
AMPL248849,6,157505386,3,cn3,4,123311833,164544590
AMPL119983,6,157510692,3,cn3,4,123311833,164544590
AMPL250291,6,157521789,3,cn3,4,123311833,164544590
AMPL253405,6,157528154,3,cn3,4,123311833,164544590
AMPL253406,6,157528424,3,cn3,4,123311833,164544590
AMPL251192,6,162683499,3,cn3,4,123311833,164544590
AMPL151964,7,2962728,3,cn3,7,78701,5884797
AMPL250293,7,6045454,3,cn3,7,5981976,15070792
AMPL250294,7,40172533,3,cn3,3,38345083,43996334
AMPL253411,7,41729164,3,cn3,3,38345083,43996334
AMPL253412,7,41729856,3,cn3,3,38345083,43996334
AMPL250295,7,44157081,3,cn3,3,44127336,47781064
AMPL257617,7,104731534,3,cn3,3,102482074,104986866
AMPL250296,7,116340076,3,cn3,3,110672950,124611837
AMPL250297,7,128845348,3,cn3,3,128501982,129530770
AMPL113442,7,140452949,3,cn3,3,140450095,143183502
AMPL257618,7,142649502,3,cn3,3,140450095,143183502
AMPL250298,7,151851191,3,cn3,4,151677523,152211257
AMPL253420,7,151877932,3,cn3,4,151677523,152211257
AMPL248866,7,151878781,3,cn3,4,151677523,152211257
AMPL253422,7,151879090,3,cn3,4,151677523,152211257
AMPL257621,7,151884312,3,cn3,4,151677523,152211257
AMPL122652,7,151926920,3,cn3,4,151677523,152211257
AMPL253425,7,151935673,3,cn3,4,151677523,152211257
AMPL165609,7,151944834,3,cn3,4,151677523,152211257
AMPL226340,7,151962026,3,cn3,4,151677523,152211257
AMPL257623,7,154745920,3,cn3,3,154613363,154765336
AMPL251202,7,154760469,3,cn3,3,154613363,154765336
AMPL251203,8,6288892,3,cn3,2,2238407,6815457
AMPL250300,8,22547910,3,cn3,2,12455915,35172885
AMPL257624,8,30933644,3,cn3,2,12455915,35172885
AMPL160274,8,38271649,3,cn3,12,35275678,43100001
AMPL160275,8,38271901,3,cn3,12,35275678,43100001
AMPL250301,8,38275603,3,cn3,12,35275678,43100001
AMPL11982,8,38314857,3,cn3,12,35275678,43100001
AMPL251207,8,42206363,3,cn3,12,35275678,43100001
AMPL257628,8,48793841,3,cn3,12,48100451,62903332
AMPL257629,8,56860051,3,cn3,12,48100451,62903332
AMPL257630,8,68950320,3,cn3,12,62924978,146364023
AMPL250304,8,69027856,3,cn3,12,62924978,146364023
AMPL257631,8,70970849,3,cn3,12,62924978,146364023
AMPL126740,8,128748665,3,cn3,12,62924978,146364023
AMPL143573,8,128750506,3,cn3,12,62924978,146364023
AMPL257985,8,128750899,3,cn3,12,62924978,146364023
AMPL257986,8,128751161,3,cn3,12,62924978,146364023
AMPL257987,8,128752681,3,cn3,12,62924978,146364023
AMPL257988,8,128752947,3,cn3,12,62924978,146364023
AMPL250307,9,8465442,3,cn3,4,1,19075367
AMPL120016,9,8470851,3,cn3,4,1,19075367
AMPL250309,9,8636551,3,cn3,4,1,19075367
AMPL115655,9,21968052,3,cn3,4,19479285,47300001
AMPL115656,9,21968534,3,cn3,4,19479285,47300001
AMPL115657,9,21970743,3,cn3,4,19479285,47300001
AMPL113204,9,21971188,3,cn3,4,19479285,47300001
AMPL4077,9,21974466,3,cn3,4,19479285,47300001
AMPL115660,9,21994089,3,cn3,4,19479285,47300001
AMPL253455,9,101891114,3,cn3,4,66862912,141213432
AMPL253456,9,101894761,3,cn3,4,66862912,141213432
AMPL165898,9,101900145,3,cn3,4,66862912,141213432
AMPL165899,9,101904768,3,cn3,4,66862912,141213432
AMPL165900,9,101907000,3,cn3,4,66862912,141213432
AMPL165901,9,101908690,3,cn3,4,66862912,141213432
AMPL165902,9,101909859,3,cn3,4,66862912,141213432
AMPL165903,9,101911380,3,cn3,4,66862912,141213432
AMPL257633,9,131394406,3,cn3,4,66862912,141213432
AMPL250312,9,137293582,3,cn3,4,66862912,141213432
AMPL128656,9,139391630,3,cn3,4,66862912,141213432
AMPL251220,10,50681408,3,cn3,3,49266338,51260450
AMPL248894,10,68280296,3,cn3,3,51787356,74140520
AMPL242360,10,88635627,3,cn3,4,81654693,99071956
AMPL253469,10,88649774,3,cn3,4,81654693,99071956
AMPL253470,10,88651769,3,cn3,4,81654693,99071956
AMPL253471,10,88659431,3,cn3,4,81654693,99071956
AMPL242364,10,88659695,3,cn3,4,81654693,99071956
AMPL253472,10,88671930,3,cn3,4,81654693,99071956
AMPL242366,10,88676853,3,cn3,4,81654693,99071956
AMPL242367,10,88678773,3,cn3,4,81654693,99071956
AMPL242368,10,88678992,3,cn3,4,81654693,99071956
AMPL59786,10,88681227,3,cn3,4,81654693,99071956
AMPL253477,10,88682940,3,cn3,4,81654693,99071956
AMPL242370,10,88683169,3,cn3,4,81654693,99071956
AMPL257635,10,89711797,3,cn3,4,81654693,99071956
AMPL257636,10,89717559,3,cn3,4,81654693,99071956
AMPL250316,10,114911957,3,cn3,4,99442791,127578421
AMPL257637,10,131506080,3,cn3,4,127621434,132211822
AMPL257638,11,4153426,3,cn3,4,1,43177662
AMPL251225,11,14315933,3,cn3,4,1,43177662
AMPL250318,11,57572043,3,cn3,4,55700003,122860472
AMPL257639,11,63665553,3,cn3,4,55700003,122860472
AMPL251228,11,63667291,3,cn3,4,55700003,122860472
AMPL249436,11,64572455,3,cn3,4,55700003,122860472
AMPL13179,11,64573630,3,cn3,4,55700003,122860472
AMPL253490,11,64574330,3,cn3,4,55700003,122860472
AMPL253491,11,64577092,3,cn3,4,55700003,122860472
AMPL252829,11,65480160,3,cn3,4,55700003,122860472
AMPL252830,11,65481024,3,cn3,4,55700003,122860472
AMPL252831,11,65481844,3,cn3,4,55700003,122860472
AMPL252832,11,65484149,3,cn3,4,55700003,122860472
AMPL257645,11,65486013,3,cn3,4,55700003,122860472
AMPL252834,11,65486342,3,cn3,4,55700003,122860472
AMPL252605,11,65631132,3,cn3,4,55700003,122860472
AMPL250319,11,65631975,3,cn3,4,55700003,122860472
AMPL251230,11,67163159,3,cn3,4,55700003,122860472
AMPL250320,11,67198798,3,cn3,4,55700003,122860472
AMPL250321,11,71940008,3,cn3,4,55700003,122860472
AMPL257654,11,71943596,3,cn3,4,55700003,122860472
AMPL251234,11,92577017,3,cn3,4,55700003,122860472
AMPL257655,11,94170258,3,cn3,4,55700003,122860472
AMPL251236,11,102207429,3,cn3,4,55700003,122860472
AMPL251237,11,107879847,3,cn3,4,55700003,122860472
AMPL251238,11,107920569,3,cn3,4,55700003,122860472
AMPL251239,11,108099777,3,cn3,4,55700003,122860472
AMPL44548,11,108114672,3,cn3,4,55700003,122860472
AMPL250326,11,108115524,3,cn3,4,55700003,122860472
AMPL117931,11,108123462,3,cn3,4,55700003,122860472
AMPL91658,11,108163302,3,cn3,4,55700003,122860472
AMPL253520,11,108191914,3,cn3,4,55700003,122860472
AMPL251243,11,108202486,3,cn3,4,55700003,122860472
AMPL257659,11,108204548,3,cn3,4,55700003,122860472
AMPL257660,11,108206464,3,cn3,4,55700003,122860472
AMPL113492,11,108235854,3,cn3,4,55700003,122860472
AMPL253525,11,118343730,3,cn3,4,55700003,122860472
AMPL250327,11,118344569,3,cn3,4,55700003,122860472
AMPL93658,11,118366846,3,cn3,4,55700003,122860472
AMPL251245,12,4662070,3,cn3,6,177892,9537033
AMPL253529,12,6696406,3,cn3,6,177892,9537033
AMPL250328,12,6709471,3,cn3,6,177892,9537033
AMPL250330,12,14577576,3,cn3,6,9729594,33300001
AMPL257664,12,14589005,3,cn3,6,9729594,33300001
AMPL251249,12,18800693,3,cn3,6,9729594,33300001
AMPL38584,12,25362679,3,cn3,6,9729594,33300001
AMPL115373,12,25368257,3,cn3,6,9729594,33300001
AMPL38586,12,25378518,3,cn3,6,9729594,33300001
AMPL38587,12,25380135,3,cn3,6,9729594,33300001
AMPL115376,12,25398126,3,cn3,6,9729594,33300001
AMPL253539,12,46230498,3,cn3,4,38315186,54435313
AMPL253540,12,46231187,3,cn3,4,38315186,54435313
AMPL253541,12,46243839,3,cn3,4,38315186,54435313
AMPL248928,12,46244674,3,cn3,4,38315186,54435313
AMPL248929,12,46245372,3,cn3,4,38315186,54435313
AMPL235278,12,46254538,3,cn3,4,38315186,54435313
AMPL117568,12,49415700,3,cn3,4,38315186,54435313
AMPL250334,12,49419785,3,cn3,4,38315186,54435313
AMPL118221,12,49424006,3,cn3,4,38315186,54435313
AMPL250335,12,49425302,3,cn3,4,38315186,54435313
AMPL253549,12,49433990,3,cn3,4,38315186,54435313
AMPL253550,12,49439964,3,cn3,4,38315186,54435313
AMPL248935,12,49444534,3,cn3,4,38315186,54435313
AMPL244869,12,52369029,3,cn3,4,38315186,54435313
AMPL253553,12,52370111,3,cn3,4,38315186,54435313
AMPL249492,12,52374743,3,cn3,4,38315186,54435313
AMPL244872,12,52376373,3,cn3,4,38315186,54435313
AMPL244873,12,52377720,3,cn3,4,38315186,54435313
AMPL244874,12,52378915,3,cn3,4,38315186,54435313
AMPL244875,12,52380509,3,cn3,4,38315186,54435313
AMPL244876,12,52385548,3,cn3,4,38315186,54435313
AMPL244877,12,52387687,3,cn3,4,38315186,54435313
AMPL257667,12,56481513,3,cn3,4,54530464,64041743
AMPL250338,12,56495368,3,cn3,4,54530464,64041743
AMPL250339,12,115109941,3,cn3,4,64143441,132072877
AMPL257668,12,118457367,3,cn3,4,64143441,132072877
AMPL250340,12,120554401,3,cn3,4,64143441,132072877
AMPL250341,12,133235679,3,cn3,4,133159544,133352697
AMPL160828,12,133252553,3,cn3,4,133159544,133352697
AMPL253568,13,23904720,3,cn3,12,21876998,25639844
AMPL251263,13,25052186,3,cn3,12,21876998,25639844
AMPL44712,13,28626630,3,cn3,12,25678478,33921294
AMPL141884,13,28882840,3,cn3,12,25678478,33921294
AMPL253572,13,32907205,3,cn3,12,25678478,33921294
AMPL253573,13,32911324,3,cn3,12,25678478,33921294
AMPL253574,13,32912907,3,cn3,12,25678478,33921294
AMPL248950,13,32913179,3,cn3,12,25678478,33921294
AMPL41864,13,32913636,3,cn3,12,25678478,33921294
AMPL253577,13,32913979,3,cn3,12,25678478,33921294
AMPL250344,13,32914255,3,cn3,12,25678478,33921294
AMPL250345,13,32915136,3,cn3,12,25678478,33921294
AMPL253580,13,32929036,3,cn3,12,25678478,33921294
AMPL253581,13,32931853,3,cn3,12,25678478,33921294
AMPL38486,13,32936630,3,cn3,12,25678478,33921294
AMPL253583,13,32937261,3,cn3,12,25678478,33921294
AMPL253584,13,32944520,3,cn3,12,25678478,33921294
AMPL253585,13,32953834,3,cn3,12,25678478,33921294
AMPL253586,13,32968721,3,cn3,12,25678478,33921294
AMPL253587,13,32970967,3,cn3,12,25678478,33921294
AMPL253588,13,32972297,3,cn3,12,25678478,33921294
AMPL253589,13,49027015,3,cn3,12,45964238,52654230
AMPL51946,13,49050758,3,cn3,12,45964238,52654230
AMPL257674,14,20818551,3,cn3,4,20441383,22596806
AMPL251275,14,23393138,3,cn3,4,22986138,28955136
AMPL250349,14,30093241,3,cn3,4,29104828,42529243
AMPL250350,14,30099758,3,cn3,4,29104828,42529243
AMPL251278,14,31077066,3,cn3,4,29104828,42529243
AMPL257675,14,36989203,3,cn3,4,29104828,42529243
AMPL257676,14,75508180,3,cn3,4,44030382,107142585
AMPL250352,14,75514509,3,cn3,4,44030382,107142585
AMPL251281,14,92537209,3,cn3,4,44030382,107142585
AMPL250353,14,103342573,3,cn3,4,44030382,107142585
AMPL115769,14,105242879,3,cn3,4,44030382,107142585
AMPL251284,15,28421980,3,cn3,4,24377246,31492711
AMPL251285,15,38545231,3,cn3,3,34936898,43827783
AMPL251286,15,41274936,3,cn3,3,34936898,43827783
AMPL250355,15,43748334,3,cn3,3,34936898,43827783
AMPL250357,15,59322797,3,cn3,3,49737104,91270043
AMPL257678,15,66729008,3,cn3,3,49737104,91270043
AMPL244879,15,66996365,3,cn3,3,49737104,91270043
AMPL253609,15,67073237,3,cn3,3,49737104,91270043
AMPL253610,15,67073494,3,cn3,3,49737104,91270043
AMPL244662,15,67358487,3,cn3,3,49737104,91270043
AMPL244663,15,67430214,3,cn3,3,49737104,91270043
AMPL244664,15,67457189,3,cn3,3,49737104,91270043
AMPL244665,15,67457538,3,cn3,3,49737104,91270043
AMPL244666,15,67458947,3,cn3,3,49737104,91270043
AMPL244667,15,67462719,3,cn3,3,49737104,91270043
AMPL244668,15,67473548,3,cn3,3,49737104,91270043
AMPL244669,15,67476971,3,cn3,3,49737104,91270043
AMPL244670,15,67479617,3,cn3,3,49737104,91270043
AMPL254204,15,67482651,3,cn3,3,49737104,91270043
AMPL250358,15,75703818,3,cn3,3,49737104,91270043
AMPL250359,15,89858359,3,cn3,3,49737104,91270043
AMPL253619,15,90631594,3,cn3,3,49737104,91270043
AMPL257680,16,133018,3,cn3,2,1,1242149
AMPL250361,16,347071,3,cn3,2,1,1242149
AMPL257681,16,3634651,3,cn3,2,3336899,3657144
AMPL250363,16,3640855,3,cn3,2,3336899,3657144
AMPL253624,16,3777917,3,cn3,4,3657144,6898846
AMPL124269,16,3778710,3,cn3,4,3657144,6898846
AMPL113643,16,3781326,3,cn3,4,3657144,6898846
AMPL3836,16,3781712,3,cn3,4,3657144,6898846
AMPL253628,16,3808731,3,cn3,4,3657144,6898846
AMPL248970,16,23646588,3,cn3,4,22643494,33397264
AMPL250364,16,23647116,3,cn3,4,22643494,33397264
AMPL251297,16,30087560,3,cn3,4,22643494,33397264
AMPL251298,16,56782050,3,cn3,3,56091639,69988340
AMPL125238,16,67660397,3,cn3,3,56091639,69988340
AMPL250366,16,68835416,3,cn3,3,56091639,69988340
AMPL253635,16,68849381,3,cn3,3,56091639,69988340
AMPL253636,16,68857114,3,cn3,3,56091639,69988340
AMPL257683,16,89858711,3,cn3,4,89458950,89984959
AMPL115788,17,7572760,3,cn3,2,1,18258177
AMPL113790,17,7573800,3,cn3,2,1,18258177
AMPL115428,17,7576458,3,cn3,2,1,18258177
AMPL253641,17,7576876,3,cn3,2,1,18258177
AMPL172761,17,7577369,3,cn3,2,1,18258177
AMPL115316,17,7578045,3,cn3,2,1,18258177
AMPL2967,17,7578333,3,cn3,2,1,18258177
AMPL9336,17,7579297,3,cn3,2,1,18258177
AMPL591,17,7579680,3,cn3,2,1,18258177
AMPL257685,17,7801697,3,cn3,2,1,18258177
AMPL251306,17,8049549,3,cn3,2,1,18258177
AMPL257686,17,8051878,3,cn3,2,1,18258177
AMPL253650,17,11984538,3,cn3,2,1,18258177
AMPL257687,17,11998792,3,cn3,2,1,18258177
AMPL257688,17,12016469,3,cn3,2,1,18258177
AMPL257689,17,12032382,3,cn3,2,1,18258177
AMPL253654,17,15989453,3,cn3,2,1,18258177
AMPL120246,17,29661816,3,cn3,4,25806524,81195211
AMPL253656,17,29685770,3,cn3,4,25806524,81195211
AMPL209823,17,37879451,3,cn3,4,25806524,81195211
AMPL257692,17,37881232,3,cn3,4,25806524,81195211
AMPL115816,17,37881487,3,cn3,4,25806524,81195211
AMPL257693,17,38510509,3,cn3,4,25806524,81195211
AMPL252694,17,41244091,3,cn3,4,25806524,81195211
AMPL252695,17,41245304,3,cn3,4,25806524,81195211
AMPL248996,17,41245705,3,cn3,4,25806524,81195211
AMPL250376,17,41246006,3,cn3,4,25806524,81195211
AMPL252698,17,41246275,3,cn3,4,25806524,81195211
AMPL257694,17,41275987,3,cn3,4,25806524,81195211
AMPL257695,17,44144828,3,cn3,4,25806524,81195211
AMPL250379,17,48453209,3,cn3,4,25806524,81195211
AMPL251314,17,48457949,3,cn3,4,25806524,81195211
AMPL251315,17,56434801,3,cn3,4,25806524,81195211
AMPL251316,17,56435083,3,cn3,4,25806524,81195211
AMPL253672,17,56435317,3,cn3,4,25806524,81195211
AMPL253673,17,56435641,3,cn3,4,25806524,81195211
AMPL253674,17,56435950,3,cn3,4,25806524,81195211
AMPL250381,17,56438029,3,cn3,4,25806524,81195211
AMPL249606,17,56439765,3,cn3,4,25806524,81195211
AMPL249000,17,56440711,3,cn3,4,25806524,81195211
AMPL257699,17,56448148,3,cn3,4,25806524,81195211
AMPL253679,17,56492571,3,cn3,4,25806524,81195211
AMPL249003,17,63525993,3,cn3,4,25806524,81195211
AMPL253681,17,63534256,3,cn3,4,25806524,81195211
AMPL250383,17,73627488,3,cn3,4,25806524,81195211
AMPL257559,18,19750980,3,cn3,4,19007547,19995872
AMPL257560,18,19751334,3,cn3,4,19007547,19995872
AMPL257561,18,19756703,3,cn3,4,19007547,19995872
AMPL167407,18,19761299,3,cn3,4,19007547,19995872
AMPL167408,18,19762746,3,cn3,4,19007547,19995872
AMPL167409,18,19780593,3,cn3,4,19007547,19995872
AMPL244732,18,45368121,3,cn3,2,41008181,62097004
AMPL254272,18,45371617,3,cn3,2,41008181,62097004
AMPL84671,18,45371983,3,cn3,2,41008181,62097004
AMPL84512,18,45374820,3,cn3,2,41008181,62097004
AMPL244736,18,45377499,3,cn3,2,41008181,62097004
AMPL244737,18,45391266,3,cn3,2,41008181,62097004
AMPL244738,18,45394612,3,cn3,2,41008181,62097004
AMPL244739,18,45395594,3,cn3,2,41008181,62097004
AMPL244740,18,45396714,3,cn3,2,41008181,62097004
AMPL244741,18,45422869,3,cn3,2,41008181,62097004
AMPL253689,18,46448059,3,cn3,2,41008181,62097004
AMPL253690,18,46476041,3,cn3,2,41008181,62097004
AMPL253691,18,46476240,3,cn3,2,41008181,62097004
AMPL44652,18,48573404,3,cn3,2,41008181,62097004
AMPL44653,18,48575020,3,cn3,2,41008181,62097004
AMPL44654,18,48575494,3,cn3,2,41008181,62097004
AMPL44655,18,48581132,3,cn3,2,41008181,62097004
AMPL138094,18,48584516,3,cn3,2,41008181,62097004
AMPL138095,18,48584785,3,cn3,2,41008181,62097004
AMPL138096,18,48586080,3,cn3,2,41008181,62097004
AMPL138097,18,48591759,3,cn3,2,41008181,62097004
AMPL44659,18,48593375,3,cn3,2,41008181,62097004
AMPL138099,18,48602919,3,cn3,2,41008181,62097004
AMPL146646,18,48604608,3,cn3,2,41008181,62097004
AMPL253703,19,1206931,3,cn3,2,294063,2684649
AMPL249649,19,1220228,3,cn3,2,294063,2684649
AMPL146649,19,1221153,3,cn3,2,294063,2684649
AMPL250389,19,5219770,3,cn3,2,2684649,7755545
AMPL250391,19,5231452,3,cn3,2,2684649,7755545
AMPL250393,19,7684463,3,cn3,2,2684649,7755545
AMPL257708,19,10252678,3,cn3,4,9236376,13315919
AMPL253710,19,11096775,3,cn3,4,9236376,13315919
AMPL117734,19,11121016,3,cn3,4,9236376,13315919
AMPL253712,19,11143892,3,cn3,4,9236376,13315919
AMPL250394,19,15298571,3,cn3,4,13707233,20993127
AMPL250395,19,15354907,3,cn3,4,13707233,20993127
AMPL251331,19,36212291,3,cn3,5,28600315,40346964
AMPL250396,19,36222829,3,cn3,5,28600315,40346964
AMPL250397,19,36229012,3,cn3,5,28600315,40346964
AMPL253718,19,40741661,3,cn3,5,40390272,55204043
AMPL251334,19,41754428,3,cn3,5,40390272,55204043
AMPL250399,19,47422412,3,cn3,5,40390272,55204043
AMPL249040,19,47424762,3,cn3,5,40390272,55204043
AMPL253722,19,47425119,3,cn3,5,40390272,55204043
AMPL257713,19,47491115,3,cn3,5,40390272,55204043
AMPL257714,19,50902497,3,cn3,5,40390272,55204043
AMPL242511,19,50918646,3,cn3,5,40390272,55204043
AMPL242512,19,50919026,3,cn3,5,40390272,55204043
AMPL176028,20,3782795,3,cn3,10,1,25600001
AMPL250404,20,9519916,3,cn3,10,1,25600001
AMPL250405,20,9560597,3,cn3,10,1,25600001
AMPL249045,20,31375051,3,cn3,10,29839809,32983732
AMPL257717,20,31383118,3,cn3,10,29839809,32983732
AMPL257718,20,31387877,3,cn3,10,29839809,32983732
AMPL146662,20,36031564,3,cn3,10,33208590,37296499
AMPL250407,20,39801217,3,cn3,10,37385810,40936028
AMPL250408,20,40733088,3,cn3,10,37385810,40936028
AMPL250409,20,40738857,3,cn3,10,37385810,40936028
AMPL251348,20,40770400,3,cn3,10,37385810,40936028
AMPL250410,20,41100766,3,cn3,10,40936028,42853598
AMPL250411,20,46275822,3,cn3,10,44086041,52440513
AMPL250412,20,46279655,3,cn3,10,44086041,52440513
AMPL257719,20,50090468,3,cn3,10,44086041,52440513
AMPL251353,20,50140402,3,cn3,10,44086041,52440513
AMPL250413,20,54945308,3,cn3,10,52497752,57748777
AMPL257721,20,54959179,3,cn3,10,52497752,57748777
AMPL233967,20,57415519,3,cn3,10,52497752,57748777
AMPL253746,20,57429041,3,cn3,10,52497752,57748777
AMPL250415,20,57429890,3,cn3,10,52497752,57748777
AMPL253748,20,57484188,3,cn3,10,52497752,57748777
AMPL257723,20,62303748,3,cn3,10,60204074,62730517
AMPL257724,21,33068324,3,cn3,4,25994818,35779356
AMPL250418,22,21288011,3,cn3,12,18933344,21439403
AMPL250419,22,29130219,3,cn3,12,22604418,51304567
AMPL250420,22,36696887,3,cn3,12,22604418,51304567
AMPL253754,22,41547825,3,cn3,12,22604418,51304567
AMPL249051,22,41548106,3,cn3,12,22604418,51304567
AMPL113384,22,41572230,3,cn3,12,22604418,51304567
AMPL251363,22,42032403,3,cn3,12,22604418,51304567
AMPL250422,22,50727880,3,cn3,12,22604418,51304567
