,chr17:7579414:C/T,chr4:96046196:T/G,chr8:30933848:TA/T,chr7:151884349:G/C,chr1:11205058:C/T,chr7:151935730:T/C,chr15:67482843:C/T,chr15:59323028:C/T,chr1:182829177:T/G,chr10:88683122:T/C,chrX:70356195:C/T,chr12:25398284:C/T,chr8:30933847:TTA/T,chr1:46521517:G/A,chr19:36222969:A/C,chr20:54959296:G/C,chr22:29130300:C/T,chr8:30933744:A/C,chr17:37881703:G/T,chr2:25470463:T/A,chr16:3640878:C/T,chr1:46521559:A/T,chr18:19751073:T/G,chr7:154760666:C/T,chr2:128050388:G/A,chr20:46279836:ACAGCAG/A,chr1:11288758:G/A,chr17:7579782:A/C,chr16:347184:A/G,chr13:32944620:T/G,chr7:151944961:T/A,chr6:26271241:G/A,chr19:36222968:A/C,chr11:118367033:A/G,chr5:38953665:G/GA,chr17:63526037:A/C,chr20:62303858:T/G,chr2:203379681:A/C,chrX:47496446:A/G,chr15:59322941:T/A,chr5:79970786:C/A,chr3:189604149:T/G,chr10:88635779:C/A,chr17:56436109:C/T,chr3:10085431:G/T,chr12:49415816:T/G,chr16:89858759:C/T,chr17:41276110:C/A,chr6:52149559:C/A,chr20:9520133:G/A,chr17:56440840:T/G
0,0,0,1,1,1,1,0,0,0,1,0,0,0,1,0,1,1,0,1,0,0,1,0,1,0,0,1,0,1,0,0,1,0,0,1,0,0,1,0,0,0,1,1,1,0,0,1,0,1,1,0
1,3,0,1,3,1,2,0,0,0,1,0,3,0,1,0,1,1,0,1,0,0,1,0,2,0,0,1,0,1,0,0,2,0,0,1,0,0,2,0,1,0,1,1,2,0,0,1,0,1,1,0
2,1,0,1,1,1,1,0,0,0,1,0,1,0,1,0,1,1,0,1,0,0,1,0,1,0,0,1,0,1,0,0,1,0,0,1,0,0,1,0,0,0,1,1,1,0,0,1,0,1,1,0
3,1,0,1,1,1,1,0,0,0,1,0,1,0,1,0,1,1,0,1,0,0,1,0,1,0,0,1,0,1,0,0,1,0,0,1,0,0,1,0,0,0,1,1,1,0,0,1,0,1,1,0
4,3,0,2,1,2,2,1,1,0,1,0,3,0,2,1,1,2,0,1,0,0,2,0,1,0,0,2,0,1,0,0,2,1,0,1,0,0,1,0,1,0,1,1,2,1,0,1,0,2,1,0
5,3,0,3,3,1,2,0,0,0,1,0,3,0,1,0,1,1,0,1,0,0,1,0,2,0,0,1,0,1,0,0,2,0,0,1,0,0,2,0,1,0,1,3,2,0,0,1,0,1,1,0
6,0,0,1,1,1,1,0,0,0,1,0,0,0,3,0,1,1,0,1,0,0,3,0,1,0,0,1,0,1,0,0,1,0,0,1,0,0,1,0,0,0,3,2,1,0,0,1,0,1,2,0
7,3,0,2,1,2,2,1,1,0,1,0,3,0,2,1,1,2,0,1,0,0,2,0,1,0,0,2,0,1,0,0,2,1,0,1,0,0,1,0,1,0,1,1,2,1,0,1,0,2,1,0
8,3,0,1,3,1,2,0,0,0,1,0,3,0,1,0,1,1,0,1,0,0,1,0,2,0,0,1,0,1,0,0,2,0,0,1,0,0,2,0,1,0,1,1,2,0,0,1,0,1,1,0
