,chr20:57415609:C/T,chr17:7578115:T/C,chr17:56436109:C/T,chr13:32914437:GT/G,chr17:7801776:C/T,chr17:41245471:C/T,chr10:88683209:T/G,chr8:30933859:C/T,chr11:118344655:C/T,chr17:8051922:C/T,chr12:49424235:G/T,chr17:7579472:G/C,chr4:187538942:T/G,chr9:21968199:C/G,chr19:36222924:C/T,chr14:75514734:A/G,chr19:5219829:T/G,chr22:29130347:G/GT,chr18:19751450:C/T,chr17:41245466:G/A,chr12:49434074:C/A,chr11:57572122:G/A,chr15:41275014:T/G,chr12:133252796:C/G,chr10:88683122:T/C,chr13:32929232:A/G,chr17:7572927:T/C,chr17:56492800:T/C,chr3:52637486:C/G,chr3:52436820:T/C,chr4:55980456:C/T,chr18:46476196:C/T,chr3:30686414:A/G,chr6:101099555:A/C,chr22:29130458:T/C,chr6:35425761:G/T,chrX:70349824:T/C,chr13:32913061:T/A,chr1:11288758:G/A,chr20:31387954:C/G,chr20:62303794:G/A,chr17:7579801:G/C,chr3:9793343:T/G,chr6:7229346:T/C,chr12:49424234:G/A,chr14:75514610:T/C,chr2:148657117:G/A,chr17:7573996:A/T,chr3:189604149:T/G,chr9:137293761:G/A,chr1:120458924:G/A,chr12:25398284:C/T,chr19:5219803:T/C,chr1:226578099:T/C,chr16:68857289:T/C,chr6:7229619:G/A,chr1:163298548:T/C,chr4:2210065:C/A,chr1:91859801:A/G
cell_1-BPA-2-IR,1,675,210,5,2,472,0,406,0,438,1,505,58,296,1,1,1202,328,0,472,5,0,19,2,254,1117,1,543,214,0,390,0,5,67,13,2,0,0,188,705,314,225,832,399,5,0,1400,0,0,50,0,77,1204,123,1784,8,0,352,51
cell_10-BPA-2-IR,1,14,393,26,0,748,2504,28,0,1631,12,1,663,0,0,0,408,287,0,751,1,0,0,0,1577,14,1,734,1378,0,572,0,980,1111,0,1,0,0,4956,0,1288,0,0,0,2,0,137,2647,2259,51,913,451,408,221,4872,0,1,886,239
cell_100-BPA-2-IR,0,3131,235,4,5,576,886,54,1,1,8,309,2414,328,2,0,20,390,0,575,830,0,339,25,573,1053,0,38,1485,0,864,0,29,0,203,0,14,0,1298,382,527,91,1735,180,1,0,663,3,2351,0,416,0,20,532,60,1,121,681,43
cell_101-BPA-2-IR,0,0,70,6,0,122,297,2,0,289,2,0,1224,0,1,0,332,83,0,121,0,0,0,0,51,0,0,11,162,0,62,0,138,137,0,0,0,0,258,55,117,0,0,0,0,0,94,373,353,0,309,43,332,322,29,0,376,90,9
cell_102-BPA-2-IR,1,2,137,46,0,1490,823,1397,0,518,6,0,0,0,0,0,260,2353,0,1501,35,0,0,0,168,24,1,103,899,0,257,0,224,42,1,1,0,0,2630,0,390,0,0,1,13,1,172,815,856,8,133,827,261,27,675,0,146,259,1451
cell_103-BPA-2-IR,24,2191,104,87,40,1007,430,274,0,263,19,239,477,176,3,0,591,213,0,1011,807,0,81,21,114,848,0,120,166,0,153,1,23,0,615,0,0,0,1018,461,373,32,362,74,0,1,762,0,16,4,63,0,593,533,923,3,127,57,13
cell_104-BPA-2-IR,0,9,192,78,0,323,1040,5,1,1459,1,0,0,0,1,0,333,495,0,324,0,0,0,0,958,7,0,713,720,0,884,0,206,321,0,3,0,0,1127,0,958,0,0,1,1,0,753,813,1224,10,1107,306,337,0,222,0,98,82,438
cell_105-BPA-2-IR,0,129,100,0,10,517,790,151,0,358,2,56,46,294,0,0,19,12,0,515,357,0,10,0,96,66,0,8,260,0,124,0,134,0,12,1,0,0,107,0,65,19,371,75,0,0,1118,0,108,0,133,0,19,307,71,0,24,57,5
cell_106-BPA-2-IR,0,9,238,74,0,1904,1064,48,0,968,1,0,1910,0,0,0,77,319,0,1904,2,0,0,0,100,2,0,249,664,0,1155,0,381,145,0,1,0,0,1292,0,277,0,1,0,0,0,209,2029,364,0,599,240,77,1902,486,0,180,1031,388
cell_107-BPA-2-IR,0,68,15,0,0,219,212,34,0,28,0,7,152,29,0,0,7,116,0,221,63,0,6,0,82,82,0,27,61,0,111,0,18,15,13,5,4,0,132,87,29,1,31,9,0,0,89,37,204,2,39,12,7,109,94,0,66,73,28
cell_108-BPA-2-IR,0,5,4,3,0,525,283,1,0,44,1,0,182,0,0,0,14,79,0,520,0,0,0,0,0,2,0,0,30,2,31,0,2,0,0,0,0,0,94,0,90,0,0,0,0,0,67,64,676,2,52,54,14,187,39,0,62,81,70
cell_109-BPA-2-IR,0,2,94,13,0,90,1174,11,0,290,1,0,70,0,0,0,92,334,0,90,1,0,0,0,448,0,0,198,277,0,140,0,1,21,0,0,0,0,511,0,716,0,0,0,0,0,74,967,1538,0,260,48,93,716,837,0,297,133,71
cell_11-BPA-2-IR,10,1,125,62,0,411,498,0,0,443,5,0,0,2,0,24,36,1807,0,409,6,0,0,0,1020,7,0,0,1380,0,62,1,72,177,0,1,0,0,1138,0,1085,0,0,0,0,0,140,861,109,55,247,509,36,3,483,0,893,201,240
cell_110-BPA-2-IR,0,709,1,0,9,680,1572,309,0,89,3,903,8,404,0,0,127,0,0,676,338,0,394,16,0,12,0,42,390,0,51,0,71,7,518,1,0,0,5,1103,133,84,0,242,0,0,101,0,288,25,256,0,128,0,0,5,284,2,1483
cell_111-BPA-2-IR,0,137,120,12,1,498,233,16,0,242,4,49,203,220,0,0,121,376,2,498,1,0,0,0,146,333,0,61,850,0,83,0,116,65,0,1,0,0,488,0,349,96,133,0,2,0,90,1914,776,55,361,131,120,433,716,0,150,388,50
cell_112-BPA-2-IR,0,327,99,0,0,154,457,86,0,136,0,123,283,184,0,0,35,95,0,156,369,0,3,3,183,12,0,44,5,0,139,0,0,0,0,0,0,0,146,452,65,102,352,26,0,0,387,0,570,0,82,0,35,196,145,5,31,55,0
cell_113-BPA-2-IR,0,143,362,44,0,452,0,28,0,461,0,0,2462,0,0,0,0,943,0,453,0,0,11,0,612,0,0,1139,1547,0,34,1,667,26,3,6,0,0,1003,0,730,0,1,3,0,0,196,1967,1707,0,628,392,0,234,560,0,650,2522,224
cell_114-BPA-2-IR,1,14,1,52,0,2020,2286,19,9,364,4,0,0,0,0,0,48,1459,0,2021,2,0,0,0,52,1464,0,1,1928,0,3420,0,2687,1473,0,4,0,0,2444,0,2930,0,0,0,1,0,82,2670,3904,67,1176,963,48,372,0,0,1287,614,645
cell_115-BPA-2-IR,2,1122,332,38,1,1893,1335,913,0,1494,4,42,700,425,1,0,956,245,0,1941,801,0,19,4,71,296,0,990,444,0,1206,0,477,140,18,0,2,0,2532,0,1154,78,477,187,0,0,485,430,603,72,1254,235,961,1031,80,24,317,714,70
cell_116-BPA-2-IR,0,153,164,17,4,685,1748,962,1,8,8,1280,553,697,1,0,701,41,0,686,1188,3,44,28,144,5916,0,433,48,0,91,0,1006,596,77,0,0,0,176,3448,166,82,1069,694,1,0,162,1,385,16,642,1,705,405,1261,30,881,57,518
cell_117-BPA-2-IR,0,54,11,2,0,150,157,12,6,31,0,12,83,30,0,0,9,50,0,150,54,0,5,0,102,82,0,49,43,0,70,0,21,0,14,3,0,8,92,16,31,12,53,10,0,0,106,42,187,0,39,12,9,67,117,0,56,56,43
cell_118-BPA-2-IR,0,711,156,26,14,795,482,76,0,58,0,72,497,127,0,0,130,254,0,792,137,0,28,63,541,263,0,18,651,3,4,0,342,0,105,0,0,0,335,208,257,8,542,4,0,0,90,0,575,0,34,0,130,81,49,0,503,0,31
cell_119-BPA-2-IR,0,2,44,374,0,536,140,237,0,932,5,0,0,0,0,0,50,774,0,534,0,1,0,0,499,0,0,737,775,0,290,0,1049,338,3,2,8,0,694,0,1821,0,2,0,0,0,146,925,894,26,1024,1194,54,0,1768,0,116,155,147
cell_12-BPA-2-IR,0,1160,12,4,20,86,736,282,1,181,1,211,935,116,1,0,333,91,0,87,277,0,172,24,791,179,0,846,244,0,37,0,33,0,158,0,0,0,59,573,191,164,877,16,1,0,128,0,279,2,122,0,335,1122,242,0,178,107,9
cell_120-BPA-2-IR,42,733,1102,40,34,265,4345,167,0,221,0,29,690,1239,4,1,1595,436,0,269,873,1,52,0,1290,2513,2,555,924,0,589,4,177,68,918,7,1,0,595,947,928,1086,631,1000,3,0,757,0,3005,59,488,14,1593,1501,818,125,979,930,365
cell_121-BPA-2-IR,1,35,435,100,0,1743,808,641,0,1260,7,0,0,0,0,10,2224,2043,0,1740,0,0,0,0,144,7,0,1966,1421,1,907,0,944,16,0,4,0,0,4014,0,132,0,0,0,2,0,1148,4430,3201,77,1844,1713,2226,204,910,0,546,5,2366
cell_122-BPA-2-IR,1,399,11,3,23,979,617,2,5,20,1,5,129,128,0,0,272,1767,1,979,123,0,201,30,31,98,0,408,15,0,0,0,65,24,496,2,0,0,560,472,202,96,92,348,0,0,78,0,13,0,68,0,272,6,653,4,0,444,153
cell_123-BPA-2-IR,1,1849,206,2,10,1433,5074,6,0,47,2,590,472,1510,3,0,474,506,2,1434,2303,0,73,12,853,1853,0,1589,224,0,129,0,0,142,919,2,0,0,822,289,202,241,1240,192,7,0,841,2,48,0,264,0,473,0,140,1,284,431,0
cell_124-BPA-2-IR,0,231,4,27,20,166,862,196,0,47,2,436,2943,639,0,0,16,0,0,163,561,0,8,9,1442,1124,1,99,234,0,54,0,90,114,78,3,0,0,238,1505,48,65,164,17,2,4,242,0,107,9,172,0,21,530,21,0,29,298,16
cell_125-BPA-2-IR,0,50,15,0,1,175,172,20,5,26,0,11,144,26,0,0,7,71,0,169,69,0,13,0,90,100,0,23,62,0,70,0,21,17,25,0,0,3,126,40,10,9,41,8,0,0,103,24,177,2,40,30,7,105,90,0,57,48,25
cell_126-BPA-2-IR,0,4,111,14,0,1149,82,4,0,141,1,0,846,0,0,0,66,512,4,1145,0,0,0,0,128,0,0,86,349,0,2,0,21,3,0,1,0,0,148,0,290,0,0,0,0,0,52,59,91,0,26,86,66,1555,22,0,63,439,221
cell_127-BPA-2-IR,0,1219,133,2,102,223,2629,671,0,171,5,422,2515,335,0,0,30,10,0,222,352,0,38,0,43,678,0,625,377,0,24,0,111,574,9,3,0,0,638,1459,238,96,688,24,0,0,24,2,720,12,244,0,30,502,693,28,1165,123,128
cell_128-BPA-2-IR,0,53,15,0,0,137,91,14,0,37,0,6,124,9,0,0,16,28,0,141,36,0,7,0,68,82,0,11,42,0,49,0,17,16,10,0,0,0,147,38,35,9,51,10,0,0,67,23,165,1,25,18,16,47,101,0,34,77,17
cell_129-BPA-2-IR,0,90,20,0,1,298,205,60,0,60,0,4,75,31,0,0,21,108,0,297,65,0,5,0,90,146,0,43,90,0,80,0,17,13,17,0,3,3,146,58,29,0,37,17,0,0,113,61,232,0,82,16,21,133,138,0,71,101,63
cell_13-BPA-2-IR,0,0,59,8,0,114,1109,85,52,0,0,0,171,0,1,0,163,977,0,104,0,12,0,0,105,148,0,211,0,0,121,0,78,6,3,0,0,0,1298,1,121,0,813,266,6,0,79,0,722,36,133,0,165,58,0,36,1119,1125,41
cell_130-BPA-2-IR,6,3692,474,60,79,866,1571,125,0,2250,12,2691,5702,1574,2,0,43,509,0,861,1948,1,115,0,1433,3815,0,993,584,0,159,0,1859,52,1840,3,0,0,492,2642,878,516,1599,796,18,0,989,0,319,182,72,5,44,224,524,18,2575,633,138
cell_131-BPA-2-IR,0,97,30,0,2,292,244,28,0,19,0,12,155,28,0,0,27,143,0,292,105,0,13,0,119,150,0,57,99,0,121,0,40,33,25,1,5,0,219,58,38,8,60,7,0,0,128,38,286,3,55,29,24,114,205,0,123,128,29
cell_132-BPA-2-IR,0,2292,79,0,0,314,25,55,0,446,1,191,3830,314,8,0,35,14,0,315,1266,0,0,0,160,4767,0,0,308,0,99,0,76,0,22,0,0,0,53,612,23,70,480,76,0,0,42,0,323,0,43,0,35,2799,271,0,1904,1202,0
cell_133-BPA-2-IR,9,2022,280,28,44,1408,6129,420,0,744,14,255,589,384,5,0,592,1401,0,1409,491,1,11,61,908,2241,0,415,1719,0,1307,1,524,35,486,6,0,0,4371,835,1314,94,2710,81,0,0,2027,279,1553,42,636,269,593,300,3070,8,157,1124,780
cell_134-BPA-2-IR,0,400,10,84,0,251,295,19,0,189,1,0,139,436,0,0,42,122,0,255,215,0,8,0,199,779,0,15,624,0,3,0,13,15,0,0,0,0,191,252,201,326,442,133,0,0,44,0,183,0,240,0,43,735,121,13,125,208,0
cell_135-BPA-2-IR,1,0,426,133,0,1705,787,93,0,606,8,0,0,0,0,0,434,516,0,1694,3,0,0,0,1728,3,0,598,366,1,189,0,533,24,0,0,0,0,4232,0,2045,0,0,0,9,0,194,1757,4350,2,1331,389,437,253,1115,0,195,1159,712
cell_136-BPA-2-IR,0,532,342,54,9,974,1057,133,0,242,10,222,1182,878,0,0,1273,860,2,977,305,0,130,20,1173,900,1,253,481,0,834,1,535,813,716,2,0,0,1807,428,1618,167,172,179,4,2,1650,1333,2154,5,597,358,1274,533,1594,0,995,472,179
cell_137-BPA-2-IR,0,0,595,2,0,2179,223,0,0,918,0,2,2882,0,4,0,171,615,0,2192,3,1,0,0,1349,0,0,152,2000,0,950,0,585,97,0,1,0,0,494,0,544,0,0,0,1,0,1340,1267,902,3,615,97,172,746,866,1,203,2119,1500
cell_138-BPA-2-IR,0,1717,379,4,0,3,0,291,0,571,0,233,1,395,2,0,407,28,0,6,1399,0,0,66,412,1702,0,997,165,0,438,0,0,0,0,1,1,0,787,2268,823,110,961,425,2,0,1801,0,330,0,65,0,407,1536,1914,37,1744,2,32
cell_139-BPA-2-IR,0,0,95,32,0,155,152,4,0,13,0,0,0,0,0,0,94,6,0,155,0,0,0,0,5,5,0,16,323,0,157,0,143,2,0,0,0,0,829,0,179,0,0,0,8,0,200,356,302,0,393,52,90,156,23,0,87,54,162
cell_14-BPA-2-IR,1,1,46,5,0,1237,517,97,0,113,1,0,0,0,0,0,143,102,0,1237,1,0,0,0,422,0,0,0,232,0,32,0,28,71,0,2,0,0,73,0,27,0,1,1,4,0,69,1071,499,14,469,54,143,2244,75,0,20,119,57
cell_140-BPA-2-IR,0,74,27,0,1,256,241,32,0,41,0,8,122,31,0,0,13,161,1,254,77,0,7,0,80,94,0,60,88,0,90,0,29,18,20,0,4,6,116,58,11,11,40,8,0,0,129,42,263,0,58,13,13,83,148,0,74,101,19
cell_141-BPA-2-IR,0,213,149,169,0,854,3455,49,0,170,3,587,3492,67,3,0,1540,412,0,853,364,0,442,38,689,424,0,268,1514,0,1635,2,134,0,46,0,0,0,1557,41,1158,89,89,453,6,0,225,331,1697,31,845,584,1541,724,681,14,958,383,486
cell_142-BPA-2-IR,4,0,53,2,0,1176,199,56,0,482,0,0,1202,0,0,0,15,336,0,1172,0,0,0,0,477,1,0,28,165,0,6,0,57,909,0,0,0,0,367,0,7,0,0,0,0,0,61,145,4542,0,76,119,15,129,77,0,10,375,52
cell_143-BPA-2-IR,0,756,13,6,2,396,1516,0,14,136,6,16,617,345,1,0,210,684,0,397,256,0,18,16,444,817,0,358,429,0,369,0,653,16,76,2,0,0,1443,542,668,265,1483,404,10,0,1262,0,2311,0,684,0,211,70,874,15,273,490,593
cell_144-BPA-2-IR,0,252,172,14,0,468,2205,0,0,264,3,17,1695,212,0,0,295,735,0,466,1040,0,3,0,1349,645,0,128,360,0,59,0,38,7,115,0,0,0,743,47,122,2,130,140,16,0,111,345,730,18,48,25,296,19,527,10,453,1488,174
cell_145-BPA-2-IR,0,145,40,8,8,305,737,0,0,174,6,10,168,227,0,0,3,0,0,306,389,0,0,0,305,424,0,91,267,0,176,0,34,149,514,3,0,0,72,322,133,54,439,25,19,0,61,0,473,0,185,0,3,29,57,2,18,22,242
cell_146-BPA-2-IR,6,872,31,38,0,178,261,7,0,16,1,597,51,101,0,0,563,394,0,180,1715,0,36,55,42,290,0,111,15,0,148,0,16,0,0,0,0,0,582,29,2,23,255,208,0,0,75,0,506,0,24,0,563,21,144,3,566,515,60
cell_147-BPA-2-IR,0,1,127,73,0,457,806,323,0,53,4,0,1,0,0,0,196,341,0,457,0,0,0,0,31,0,0,1074,306,0,49,1,321,1,0,2,0,0,647,0,420,0,0,0,0,0,6,786,397,0,238,970,197,34,514,0,63,9,142
cell_148-BPA-2-IR,0,440,104,0,18,263,2056,72,0,125,1,142,407,91,0,0,115,6,0,263,1323,0,368,0,2045,2815,0,29,237,0,21,0,1,0,39,2,0,0,3139,1036,185,110,434,396,0,0,394,0,3991,12,95,0,115,409,857,10,29,183,11
cell_149-BPA-2-IR,0,39,6,0,1,157,190,28,0,23,0,6,90,19,4,0,17,51,0,153,53,0,1,0,76,72,0,12,54,1,83,0,21,18,23,0,0,0,65,30,33,2,25,5,0,0,59,63,152,0,41,21,17,74,122,0,69,70,39
cell_15-BPA-2-IR,0,12,588,9,0,1304,1678,133,0,771,1,0,5421,0,3,0,421,2500,0,1302,2,0,0,0,505,13,0,633,1171,0,629,0,1057,46,0,1,4,0,1467,0,1068,0,0,0,4,0,278,2124,1033,1,437,67,421,325,1359,0,803,2332,205
cell_150-BPA-2-IR,1,3828,766,19,20,1256,2240,196,11,181,2,404,3488,607,16,0,220,951,0,1249,1887,0,90,6,1031,4837,4,555,1275,0,169,1,143,2,410,5,0,0,843,1087,399,40,2120,272,1,0,850,4,2414,25,403,0,220,113,867,32,1655,421,494
cell_151-BPA-2-IR,8,28,2,13,2,5212,1815,132,0,733,7,0,0,0,0,0,473,4214,1,5209,1,0,1,0,0,718,0,12,1467,0,0,0,1048,22,0,2,0,0,907,1,1693,0,0,0,0,0,0,2763,3958,88,1265,0,473,80,469,0,150,139,3040
cell_152-BPA-2-IR,0,671,0,0,16,328,0,326,0,131,0,10,1014,0,2,0,526,0,0,328,1533,0,13,0,192,104,0,0,145,2,38,0,70,0,40,0,0,0,19,612,0,30,0,0,0,0,99,0,978,0,0,0,526,328,48,0,0,229,163
cell_153-BPA-2-IR,0,3312,13,6,17,1,1,0,0,174,11,237,2592,1453,2,0,562,0,0,11,1525,1,2,0,218,5,0,199,709,0,498,0,0,96,310,0,0,0,235,606,0,146,311,446,18,0,0,0,0,0,286,0,562,432,353,39,0,336,0
cell_154-BPA-2-IR,2,695,168,7,1,783,1772,46,0,10,3,232,0,116,1,0,2,1424,0,776,655,0,872,4,0,1609,0,349,164,0,36,0,292,0,8,0,0,0,1,135,239,20,505,259,0,0,2103,0,487,0,111,0,2,0,383,19,40,1,77
cell_155-BPA-2-IR,0,6,336,36,0,2973,1945,43,0,332,3,0,3726,0,4,0,524,1696,0,2974,1,0,0,0,302,15,0,787,1106,0,311,2,527,423,3,0,0,0,7061,0,1645,0,0,0,5,0,678,1967,641,7,689,491,524,0,282,0,557,2307,1203
cell_156-BPA-2-IR,0,16,268,57,0,704,1032,953,1,1014,0,0,2659,0,0,0,812,270,0,704,5,0,0,0,699,2,0,128,348,0,383,1,966,13,0,0,0,0,2527,0,938,0,0,0,0,0,120,1502,139,0,759,326,798,1221,3003,0,431,36,425
cell_157-BPA-2-IR,0,7,241,11,0,2066,2,680,0,96,14,0,3227,0,6,0,0,849,0,2074,4659,0,0,0,672,7,0,200,1178,0,7,1,246,315,2349,2,0,0,4190,0,648,0,2929,1,97,0,657,576,1473,16,1582,3153,2,0,895,0,3563,723,737
cell_158-BPA-2-IR,0,1174,0,0,4,1114,1094,11,0,132,1,444,2321,759,5,0,55,329,0,1119,1491,0,2,7,629,2271,1,81,761,0,902,0,53,0,506,0,1,0,399,678,185,109,1356,51,0,0,466,0,687,33,185,0,55,120,487,28,1246,396,207
cell_159-BPA-2-IR,0,5,195,116,0,1269,1558,824,0,1049,2,0,0,0,2,0,723,1781,0,1266,1,0,0,0,69,0,0,382,961,0,635,0,202,271,0,0,0,0,1141,0,700,0,0,2,3,0,392,1391,1786,0,920,560,724,1319,27,0,833,77,497
cell_16-BPA-2-IR,0,2498,837,20,24,1894,6666,867,0,425,0,143,1817,1890,1,0,205,1398,0,1895,1845,0,21,37,272,252,0,961,665,0,505,1,1,9,901,0,0,0,731,373,281,285,2241,29,0,0,2614,0,855,6,291,0,198,96,1091,64,10,1559,1
cell_160-BPA-2-IR,0,308,95,0,19,952,3473,0,0,250,0,12,174,105,0,1,0,51,0,957,747,0,144,24,39,22,0,11,2,0,4,0,131,0,27,0,0,0,262,111,12,18,334,210,0,0,0,0,5484,8,61,0,0,259,124,23,63,138,10
cell_161-BPA-2-IR,0,4,149,17,0,423,234,278,0,306,0,0,161,0,2,0,208,383,0,424,2,0,0,0,80,4,0,0,569,0,186,1,113,69,0,0,0,0,1767,0,687,0,0,0,0,0,389,246,423,1,364,115,208,300,259,0,40,950,32
cell_162-BPA-2-IR,0,0,24,48,0,179,565,0,0,81,0,0,68,0,0,0,60,120,0,176,1,0,0,0,78,0,0,20,122,0,7,0,156,176,0,0,0,0,400,0,191,0,0,0,0,0,40,303,632,0,10,66,61,542,112,0,103,60,104
cell_163-BPA-2-IR,0,2,20,0,0,455,149,19,0,98,0,0,0,0,0,0,92,126,0,456,0,0,0,0,591,0,0,102,307,0,3,0,51,21,0,0,0,0,141,0,219,0,0,0,20,0,397,663,241,5,112,41,92,171,67,0,126,0,69
cell_164-BPA-2-IR,0,65,19,0,7,187,174,57,0,19,0,14,96,31,0,0,30,85,0,183,61,0,19,0,70,77,0,26,64,0,83,0,26,16,27,0,0,0,125,46,26,0,18,14,0,0,96,26,220,0,21,3,30,117,142,0,63,69,26
cell_165-BPA-2-IR,0,0,123,5,0,922,988,702,0,322,1,0,1551,0,0,0,279,430,0,923,2,0,0,0,155,0,0,85,876,0,0,0,152,688,0,0,0,0,184,1,966,0,0,0,0,0,508,1652,639,74,340,429,278,1257,373,0,73,1290,134
cell_166-BPA-2-IR,0,442,0,3,3,869,872,0,0,0,0,671,1229,544,0,0,142,1366,0,869,5,0,152,0,488,875,0,0,1416,0,339,0,1,0,152,0,0,0,396,517,0,78,118,199,1,5,342,0,0,0,210,0,143,707,0,0,2,0,814
cell_167-BPA-2-IR,1,4139,79,0,17,2335,5553,2296,0,1007,5,348,1089,913,7,0,319,155,0,2328,4166,0,75,13,466,567,0,520,704,0,279,0,743,215,577,2,0,0,1236,1160,382,494,553,135,7,0,1066,0,503,10,263,0,319,4,1272,3,1514,1379,160
cell_168-BPA-2-IR,0,1229,122,16,18,422,1570,184,0,386,3,160,640,422,24,0,1010,1681,1,401,3398,0,7,1,326,828,0,852,2157,0,544,2,5,543,180,0,3,0,690,1506,294,134,1519,263,0,33,1892,0,990,39,238,0,1016,354,521,5,1911,989,409
cell_169-BPA-2-IR,1,0,148,32,0,2187,4837,480,2,348,0,0,0,0,0,0,236,206,0,2189,0,0,0,0,9,2,0,742,2680,0,993,0,212,1,0,0,0,0,1827,0,1413,0,0,0,1,0,115,566,355,44,269,194,235,1638,565,0,24,1220,2729
cell_17-BPA-2-IR,1,1,217,117,0,2445,2601,435,0,2682,16,0,2538,0,1,3,1123,1789,0,2488,7,0,0,0,736,30,0,2681,1255,0,2024,0,420,731,6,2,4,0,3851,0,1000,0,1,0,28,4,1527,1765,1426,4,581,906,1126,588,2174,0,544,1914,1705
cell_170-BPA-2-IR,0,4214,269,9,1,423,2474,126,0,26,1,661,1700,769,0,8,812,1986,0,437,2669,0,98,78,100,265,0,371,669,0,326,0,115,34,1060,0,0,0,412,2544,289,132,651,387,0,0,1105,3,202,3,354,0,811,713,663,28,89,81,583
cell_171-BPA-2-IR,0,3,60,3,0,567,383,224,0,324,0,0,1294,0,0,0,120,282,0,564,0,0,0,0,172,4,0,211,453,0,772,0,76,11,0,0,0,0,717,0,201,0,0,0,11,0,43,613,1934,8,77,149,120,254,33,0,38,496,64
cell_172-BPA-2-IR,0,2512,354,0,70,0,833,11,0,301,0,128,4330,1340,0,0,789,314,0,0,2,1,119,0,215,545,0,675,1195,0,0,0,431,128,69,1,1,0,1301,0,760,499,2485,47,0,0,0,0,257,37,942,0,790,1,0,12,1538,701,1777
cell_173-BPA-2-IR,0,819,212,2,10,291,1142,206,0,21,0,207,41,357,0,0,156,201,0,291,476,0,128,3,436,747,0,540,0,0,396,0,0,0,534,0,0,0,252,593,187,26,70,20,0,0,1316,0,139,8,116,0,156,324,455,4,260,429,2
cell_174-BPA-2-IR,0,911,29,0,14,725,332,28,0,13,1,10,374,107,1,0,60,0,0,726,356,1,27,0,865,384,0,157,15,0,78,0,3,197,34,0,0,0,596,103,189,16,4,166,5,0,907,0,514,0,138,0,60,232,4,12,0,7,26
cell_175-BPA-2-IR,1,1,87,46,0,1453,981,43,0,387,0,0,353,0,1,2,923,1597,0,1452,1,0,0,0,783,3,0,22,506,0,1762,0,129,199,0,2,1,0,925,0,607,0,0,0,0,0,864,869,2462,28,763,941,927,441,5,0,1723,1150,586
cell_176-BPA-2-IR,0,534,67,9,0,34,49,7,0,647,3,37,820,272,0,0,3,18,0,34,137,0,6,0,887,330,0,9,0,0,9,0,59,0,154,3,0,0,420,39,122,0,672,14,3,0,96,0,140,0,61,0,3,78,0,15,0,15,113
cell_177-BPA-2-IR,1,10,395,135,0,2119,0,23,0,1488,10,0,1999,0,3,0,1545,867,0,2121,0,0,0,0,1339,9,0,1785,2005,0,11,0,341,171,0,3,0,0,3078,1,832,0,0,0,5,0,0,3096,1566,12,1159,754,1547,544,2101,0,104,2619,970
cell_178-BPA-2-IR,4,8887,1522,109,102,2489,6041,153,2,1305,0,1159,4717,2611,1,0,2837,2199,3,2492,1287,2,143,67,1283,1588,1,2179,2101,0,1502,0,217,289,340,10,0,0,8928,2214,946,1201,6673,106,3,24,2107,2,632,64,1470,0,2861,296,853,23,753,2575,572
cell_179-BPA-2-IR,0,0,0,0,0,1004,0,685,0,73,2,0,0,0,0,0,0,942,0,1004,0,0,0,0,0,0,0,31,264,0,751,0,0,3,0,0,1,0,3364,0,302,0,0,0,0,0,455,774,1383,0,211,0,0,0,16,0,0,0,114
cell_18-BPA-2-IR,4,0,49,5,0,1376,1615,41,0,72,2,0,325,0,1,0,42,498,0,1375,1,0,1,0,15,2,0,360,239,0,905,0,64,1019,0,0,0,0,204,0,371,0,0,0,2,0,161,353,172,11,139,22,44,34,184,0,132,262,121
cell_180-BPA-2-IR,8,19,82,19,0,544,591,415,0,54,6,0,0,0,0,0,102,330,0,542,6,0,0,0,73,7,0,95,160,0,137,0,103,144,1,0,0,0,1136,0,365,0,0,0,5,0,913,644,1788,2,316,254,102,255,277,0,19,572,220
cell_181-BPA-2-IR,0,33,13,0,1,112,157,40,0,26,0,3,87,22,0,0,23,67,3,108,42,0,3,0,51,85,0,9,99,1,73,0,25,17,41,0,0,0,92,29,30,0,26,5,0,0,105,45,176,0,18,14,23,97,118,0,65,45,10
cell_182-BPA-2-IR,0,1496,238,0,5,740,173,2834,0,691,3,739,1218,918,0,0,7,3,0,743,122,0,185,25,466,528,0,38,275,0,8,0,57,0,7,0,0,0,1587,532,11,262,161,112,0,0,54,0,0,29,680,0,8,210,120,5,543,708,1
cell_183-BPA-2-IR,0,943,313,0,55,281,930,19,0,100,10,864,1363,385,0,0,495,100,0,281,1725,0,57,0,3014,1685,0,663,691,4,849,0,112,9,724,2,0,0,1771,317,449,43,839,261,6,0,1033,0,194,0,70,0,494,94,4013,0,1479,1441,112
cell_184-BPA-2-IR,0,55,19,0,0,180,117,51,2,16,0,4,101,24,0,0,11,94,0,180,78,0,4,0,66,105,0,40,77,0,78,0,13,12,31,0,0,0,94,51,16,2,44,2,0,0,96,19,149,1,40,16,11,87,133,0,83,114,33
cell_185-BPA-2-IR,0,2064,14,4,16,849,965,751,0,32,3,3,385,410,19,0,175,0,0,852,292,0,133,25,81,98,0,101,57,0,10,3,17,44,474,1,0,0,272,350,69,184,289,55,0,0,204,0,4,0,308,0,175,1610,339,0,157,83,84
cell_186-BPA-2-IR,0,1800,446,294,29,452,1731,417,0,611,1,326,469,662,2,0,335,544,0,452,708,0,82,2,445,2163,0,216,455,0,761,2,34,27,224,5,0,0,1852,672,435,235,246,311,0,0,497,0,844,58,592,0,335,1141,612,3,245,240,83
cell_187-BPA-2-IR,0,7,620,19,0,2099,5599,292,0,718,23,0,8,0,0,0,1359,1538,0,2094,5,0,0,0,1424,6,0,697,2058,0,379,1,929,1302,1,2,0,2,6006,0,1459,0,1,3,15,0,2385,1084,748,35,1724,542,1358,676,1682,0,1020,1305,1917
cell_188-BPA-2-IR,13,1426,34,55,5,1422,153,27,1,90,1,20,789,434,1,0,0,503,0,1421,362,0,118,0,123,501,0,987,16,0,27,0,0,0,92,0,0,0,194,727,190,162,512,231,33,0,1471,0,56,1,197,1,0,287,1600,3,418,283,21
cell_189-BPA-2-IR,0,0,39,0,0,277,411,0,0,172,0,0,0,0,0,0,104,222,0,277,0,0,0,0,57,1,0,0,28,0,62,0,35,0,0,1,0,0,196,0,115,0,0,0,0,0,432,624,750,5,154,113,105,1143,21,0,6,163,273
cell_19-BPA-2-IR,1,1673,67,111,39,899,3138,49,3,114,0,613,2931,215,0,0,126,19,0,902,570,1,14,0,624,3598,0,994,41,0,63,0,0,26,78,0,0,0,1037,718,55,251,980,316,1,0,1365,0,295,0,81,0,125,85,1225,4,855,181,380
cell_190-BPA-2-IR,4,0,230,438,55,1018,5101,2568,0,416,3,0,0,0,1,0,2198,672,0,1006,7,0,0,0,762,0,0,6,447,0,33,0,154,15,0,4,0,0,509,0,1051,0,1,0,0,0,1718,2976,1755,3,650,2056,2203,677,2330,0,128,296,269
cell_191-BPA-2-IR,0,70,8,0,0,185,215,40,0,53,0,2,110,22,0,0,4,89,0,189,67,0,3,0,89,108,0,35,64,0,104,0,9,17,37,0,0,4,106,49,23,0,55,17,0,0,70,45,204,0,24,15,4,96,121,0,33,66,29
cell_192-BPA-2-IR,1,847,186,19,25,288,1307,8,0,625,9,193,1855,544,22,0,723,78,0,283,1935,0,225,105,1037,1259,0,1351,78,4,1075,1,39,7,7,2,0,0,500,1909,251,3,602,284,12,0,65,0,2623,0,184,0,732,369,1185,4,772,1595,85
cell_193-BPA-2-IR,0,66,6,0,5,116,89,20,0,32,0,15,97,15,0,0,4,72,0,117,47,0,3,0,63,109,0,10,86,0,67,1,27,14,22,0,0,0,90,43,45,4,52,0,0,0,82,32,169,2,31,5,4,104,82,0,51,70,46
cell_194-BPA-2-IR,0,2,233,4,0,507,208,365,2,482,1,0,42,0,0,0,329,948,0,507,1,0,0,0,187,0,0,26,36,0,11,0,68,271,0,0,0,0,811,0,162,0,1,0,0,0,1327,1202,66,13,436,1110,329,184,1437,0,33,210,31
cell_195-BPA-2-IR,1,1692,566,110,20,1269,2323,651,0,432,2,214,967,455,1,0,1303,950,0,1270,892,0,126,33,1057,1379,1,494,480,0,803,0,349,228,204,1,1,0,2657,877,1069,176,1863,305,11,0,641,699,1581,14,814,380,1291,485,1972,9,348,347,1041
cell_196-BPA-2-IR,0,32,14,0,1,106,118,12,0,29,0,2,44,16,0,0,12,55,0,106,34,0,6,1,65,83,0,38,70,0,55,0,18,8,9,0,0,0,69,17,35,0,38,10,0,0,47,46,142,1,33,10,12,93,102,0,31,71,16
cell_197-BPA-2-IR,0,3597,653,36,124,1632,6640,817,0,625,4,899,5191,2540,3,0,2897,471,0,1628,2197,0,115,50,1487,1035,0,1223,690,0,1876,0,53,481,1243,2,0,0,2706,2278,1612,395,2806,490,8,0,3814,1,1364,17,614,1,2913,822,1110,30,1288,2751,871
cell_198-BPA-2-IR,4,11,575,130,0,2507,2833,1321,0,1750,0,0,2,0,1,0,1540,2035,0,2521,0,0,0,0,936,6,0,929,882,0,1551,1,1149,35,5,5,0,0,3627,1,1201,0,0,0,0,0,726,3789,960,5,1636,1995,1546,649,9,0,572,1643,830
cell_199-BPA-2-IR,0,88,6,0,0,244,207,62,0,32,0,13,190,24,2,0,21,105,0,244,88,0,13,0,94,156,0,35,74,0,87,0,39,61,26,2,0,4,152,85,35,11,34,19,0,0,101,68,252,1,39,26,21,173,109,2,53,83,68
cell_2-BPA-2-IR,0,430,152,5,11,115,1150,152,0,116,3,69,1029,772,1,0,7,545,0,115,663,1,302,5,278,579,0,154,176,0,544,1,7,41,0,0,0,0,2129,548,208,26,429,131,0,0,337,0,2916,3,197,0,25,356,707,7,158,393,626
cell_20-BPA-2-IR,0,261,41,0,16,311,921,311,0,17,1,14,25,154,0,0,147,148,0,316,496,0,50,0,628,141,0,275,588,0,6,0,242,1060,59,1,0,0,2126,370,82,64,861,16,0,0,255,0,2413,0,108,0,147,76,1021,35,7,129,7
cell_200-BPA-2-IR,0,932,183,0,9,275,3,185,0,267,1,141,1116,378,0,0,0,82,0,275,349,0,75,0,1787,181,0,333,12,0,81,0,87,0,122,0,0,0,411,759,234,118,159,82,0,0,483,0,170,12,292,0,0,124,284,25,406,174,0
cell_201-BPA-2-IR,0,28,20,0,1,114,129,26,5,13,0,2,70,25,0,0,10,67,4,113,39,0,18,0,87,89,0,21,31,0,78,0,18,27,23,0,0,0,95,50,9,3,35,15,0,0,73,39,153,0,42,28,10,82,118,0,63,98,19
cell_202-BPA-2-IR,0,39,17,2,1,132,127,23,1,20,1,4,90,36,1,0,6,109,0,128,42,0,9,0,80,89,0,28,79,0,88,0,24,13,22,1,0,0,94,45,37,2,17,8,0,0,62,20,165,0,21,12,6,71,113,2,53,96,25
cell_203-BPA-2-IR,4,83,24,0,0,205,222,22,0,33,0,12,100,26,0,0,19,99,0,206,95,0,26,0,74,111,0,35,85,0,65,0,41,17,36,5,0,0,126,57,39,9,10,26,0,0,144,50,177,0,37,20,19,117,164,0,80,86,27
cell_204-BPA-2-IR,0,1315,40,0,4,172,149,55,0,31,0,10,404,262,0,0,0,87,0,172,151,0,254,0,61,748,0,32,37,0,132,10,19,0,55,0,0,0,278,459,90,77,12,276,2,1,327,0,1,3,222,0,0,590,265,0,153,714,27
cell_205-BPA-2-IR,2,691,127,0,0,446,449,541,2,8,0,86,950,180,2,0,114,355,0,444,749,0,345,0,0,545,11,442,33,0,45,0,103,231,2,0,0,0,340,382,292,28,603,30,0,0,279,1,740,0,270,0,114,966,1677,39,109,818,116
cell_206-BPA-2-IR,0,3,90,7,0,1492,0,59,0,124,1,0,0,0,0,0,1423,1145,0,1491,3,0,0,0,867,0,0,0,1885,0,1637,0,4,232,0,0,0,0,319,1,1679,0,0,0,0,0,2449,1810,1107,43,0,630,1374,1143,1,0,0,1111,1653
cell_207-BPA-2-IR,0,57,25,0,0,165,183,43,0,14,0,6,109,31,0,6,19,76,0,163,52,0,5,0,90,100,0,54,65,0,59,0,30,18,16,0,0,7,99,31,27,3,52,9,0,0,100,53,209,3,44,21,19,120,108,3,74,66,40
cell_208-BPA-2-IR,4,7,92,16,0,1544,1785,792,0,332,0,0,0,0,2,0,174,612,1,1539,1,0,0,0,71,3,3,231,182,0,564,3,433,223,0,0,0,0,409,0,260,0,0,0,1,0,476,325,306,7,190,335,174,57,468,0,908,1607,357
cell_209-BPA-2-IR,1,47,15,0,3,1513,201,26,0,535,0,229,828,191,0,0,0,210,0,1523,281,0,92,0,645,61,0,799,60,0,12,0,11,144,31,0,0,0,464,824,337,31,112,176,0,0,7,0,785,0,110,0,0,991,136,1,33,138,53
cell_21-BPA-2-IR,2,1183,149,24,5,681,1930,10,0,267,0,189,2610,572,2,1,189,382,0,679,1490,0,0,9,608,1436,0,219,106,0,107,0,23,15,52,0,0,0,998,1321,365,206,94,263,3,0,307,0,2355,0,911,0,189,841,1428,24,52,3376,44
cell_210-BPA-2-IR,0,165,38,37,0,20,118,0,0,78,0,0,942,212,1,0,8,120,0,20,75,0,11,0,3,182,0,93,21,0,305,0,0,19,6,0,0,0,135,149,30,2,12,61,0,0,6,0,46,0,38,0,8,431,41,0,5,53,120
cell_211-BPA-2-IR,0,2040,612,41,102,1301,1297,357,5,134,0,90,4724,1499,1,0,449,2497,0,1303,207,0,137,0,114,1105,0,954,208,0,708,1,309,0,772,0,0,0,2888,668,460,68,345,3,0,0,813,2,215,0,277,0,444,768,450,0,75,195,420
cell_212-BPA-2-IR,6,295,99,63,1,883,538,53,0,0,1,445,2122,456,2,0,222,442,1,883,508,1,1354,6,670,322,0,177,347,0,67,1,66,30,609,0,0,0,774,1940,695,44,181,180,0,0,882,244,1508,0,684,77,222,593,1014,0,165,192,63
cell_213-BPA-2-IR,3,2,306,2,0,1229,1142,0,0,612,0,0,0,0,1,0,175,293,0,1220,5,0,0,0,141,0,0,425,236,0,1981,0,527,30,0,2,0,0,3778,0,517,0,0,0,4,0,1590,1341,1536,0,195,1660,165,1624,6,0,153,1196,868
cell_214-BPA-2-IR,0,1140,85,16,57,274,853,90,0,597,1,67,315,466,1,0,234,157,0,276,397,0,173,2,102,980,0,590,45,0,109,11,148,0,73,0,0,0,1158,1580,22,282,530,15,1,0,143,0,832,0,308,0,234,806,2367,0,61,1432,94
cell_215-BPA-2-IR,3,2036,624,8,15,312,2888,4740,0,338,1,88,5371,1012,0,2,2376,1571,0,310,2793,1,9,4,30,3195,0,447,806,0,1925,0,114,26,869,9,0,0,1812,2740,400,774,1399,454,17,28,479,7,13,14,101,9,2385,71,1133,10,1010,845,4
cell_216-BPA-2-IR,2,0,121,17,0,1390,35,17,0,353,0,0,1708,0,1,0,809,458,0,1389,0,0,0,0,503,6,0,65,13,0,108,0,70,59,0,0,5,0,2319,1,1038,0,0,0,0,0,9,525,66,15,94,83,810,49,35,0,6,1445,119
cell_217-BPA-2-IR,0,577,122,5,0,223,39,308,0,12,0,12,525,156,0,0,60,67,0,223,143,0,0,0,11,66,0,229,0,0,24,0,0,0,149,0,0,0,96,39,65,3,16,12,0,0,259,0,51,0,98,0,60,196,44,0,23,5,0
cell_218-BPA-2-IR,1,7,122,123,0,1063,1991,189,1,935,13,0,0,0,0,0,300,439,0,1059,2,0,0,0,87,2,0,139,1207,1,605,0,59,333,0,3,0,0,3203,0,829,0,0,3,24,1,1252,1434,3548,45,1556,282,302,325,429,0,484,280,890
cell_219-BPA-2-IR,0,5,152,0,0,323,444,30,0,257,0,0,730,0,0,0,66,735,0,323,1,0,0,0,670,9,0,11,68,0,45,0,342,21,0,2,0,0,1128,0,501,0,0,0,4,0,25,673,774,0,566,417,67,515,41,0,0,719,117
cell_22-BPA-2-IR,0,0,116,6,0,270,745,25,0,390,3,0,0,0,0,0,364,703,0,264,0,0,0,0,1787,1,0,217,251,0,9,5,3,76,0,0,0,0,1858,0,770,0,0,0,0,4,69,2872,750,14,216,73,363,1058,961,0,18,74,392
cell_220-BPA-2-IR,0,1008,230,5,3,471,2849,570,0,58,0,202,65,372,1,0,130,200,0,471,772,0,291,0,1007,754,0,369,1,0,801,0,0,0,308,0,0,0,445,437,91,93,52,15,0,0,1007,0,162,14,84,0,130,307,217,2,608,474,0
cell_221-BPA-2-IR,0,27,5,0,0,163,192,33,0,32,0,8,121,26,0,0,14,88,2,166,47,0,14,0,74,87,0,24,63,0,77,0,43,15,17,0,0,2,133,45,56,4,30,15,0,0,80,41,142,3,32,6,14,127,88,0,52,72,25
cell_222-BPA-2-IR,1,975,163,22,7,308,471,193,0,273,0,117,63,24,0,13,203,215,0,306,434,0,31,1,122,493,0,21,10,0,1024,0,16,0,0,0,0,0,121,11,157,106,1165,91,0,0,3,0,861,20,50,0,204,1085,1625,7,1528,272,34
cell_223-BPA-2-IR,0,25,14,0,0,116,194,10,0,15,0,3,78,3,0,0,4,55,0,114,33,0,19,0,68,64,0,16,54,3,56,0,18,3,21,0,0,1,62,25,12,0,25,5,0,2,86,23,149,0,27,11,3,60,83,0,65,32,44
cell_224-BPA-2-IR,0,2825,206,28,60,188,1116,29,0,185,5,122,2806,549,0,0,591,274,0,188,2727,0,0,0,325,494,0,1426,147,0,66,0,376,0,507,0,0,0,173,1866,21,198,451,0,1,0,440,0,529,0,102,0,591,233,45,0,703,141,103
cell_225-BPA-2-IR,0,1979,499,2,0,375,2913,32,0,333,1,85,338,55,0,0,410,68,1,374,2330,0,28,0,246,1593,4,37,468,0,863,0,149,3,267,4,0,0,1572,1616,33,13,1878,178,2,0,96,28,2398,5,81,0,410,2403,2332,19,6,555,669
cell_226-BPA-2-IR,0,513,93,0,24,155,772,54,0,23,0,51,85,607,0,0,61,44,0,135,368,1,36,0,431,477,0,74,20,0,17,1,25,24,3,0,0,0,114,75,159,1,104,1,0,0,583,0,1087,3,96,0,61,360,236,0,267,127,72
cell_227-BPA-2-IR,0,3,158,12,0,1322,1118,211,0,217,0,0,204,0,0,0,509,999,0,1323,2,0,0,0,76,0,0,1140,1074,0,194,0,431,168,0,1,0,0,1469,0,365,0,0,0,0,0,1720,1157,1222,4,857,498,509,967,201,0,871,1152,1134
cell_228-BPA-2-IR,0,52,28,0,0,275,205,28,2,47,0,9,126,30,0,0,7,133,0,274,79,0,23,0,97,158,0,51,106,0,95,0,50,30,44,1,0,1,167,103,41,5,37,6,0,3,104,27,239,0,41,44,7,150,122,0,108,140,57
cell_229-BPA-2-IR,0,39,8,0,0,185,149,31,0,31,0,10,71,26,0,10,3,84,2,184,44,0,22,0,58,63,0,34,47,0,76,0,22,16,22,1,0,0,69,29,21,4,23,5,0,10,85,33,166,2,18,3,3,86,101,0,79,61,41
cell_23-BPA-2-IR,1,647,25,3,2,727,347,638,0,379,3,0,201,48,1,0,123,72,0,730,962,0,132,0,7,1329,0,0,601,0,0,0,0,0,80,1,0,0,48,336,23,1,128,17,0,0,96,0,15,0,343,0,123,259,6,17,2,337,4
cell_230-BPA-2-IR,0,54,19,0,1,154,165,33,0,40,0,21,75,33,2,0,22,105,0,154,41,0,12,0,109,87,0,31,60,0,67,0,45,8,23,0,5,0,107,39,28,12,36,4,0,0,115,39,170,2,29,7,22,110,135,0,85,78,44
cell_231-BPA-2-IR,1,785,109,47,2,536,1486,656,2,805,4,45,3109,879,0,0,554,139,0,535,822,1,268,145,481,2135,1,995,1465,0,577,1,52,18,411,0,0,0,1932,947,328,344,582,296,0,0,249,0,427,6,264,1,556,277,322,8,1237,804,95
cell_232-BPA-2-IR,0,94,5,0,0,64,95,18,0,32,0,8,72,8,1,0,16,55,0,64,59,0,4,5,49,72,0,31,58,0,93,0,18,11,0,0,0,0,111,42,17,13,43,16,0,0,39,29,180,3,23,2,16,70,115,2,32,59,30
cell_233-BPA-2-IR,0,31,9,0,0,147,113,43,0,24,0,26,54,18,2,0,9,70,0,146,40,0,5,0,68,79,0,31,33,3,58,0,29,20,18,8,0,0,105,50,24,4,36,9,0,0,66,24,191,4,24,32,9,107,86,0,42,53,34
cell_234-BPA-2-IR,0,1830,349,10,8,300,1831,1745,0,599,7,657,3207,331,0,0,29,255,0,300,722,0,522,6,281,1934,0,165,283,0,495,1,190,7,0,0,0,0,915,1526,470,84,99,250,1,0,442,6,190,5,367,3,29,537,575,0,2115,2236,63
cell_235-BPA-2-IR,0,20,13,0,1,128,193,39,0,29,0,5,114,21,0,0,12,83,0,128,59,6,7,0,75,86,0,36,50,3,82,0,30,11,22,0,0,0,127,32,9,7,26,12,1,0,139,33,201,0,39,18,12,54,83,0,48,64,14
cell_236-BPA-2-IR,0,1590,214,6,30,1453,1960,203,1,541,0,304,4635,576,1,0,541,744,0,1446,2268,0,15,0,307,2680,0,255,732,0,494,0,144,1192,1600,0,0,0,1528,408,301,146,555,65,10,0,358,0,279,5,523,1,549,628,1748,30,644,1529,37
cell_237-BPA-2-IR,0,6,36,6,0,2014,553,1,0,431,0,0,0,0,1,0,445,908,0,2007,2,0,0,0,211,0,0,204,187,0,359,0,71,2,0,1,0,0,1826,0,897,0,0,1,3,0,1207,963,1265,2,280,59,446,435,582,0,24,69,400
cell_238-BPA-2-IR,0,11,16,16,0,397,170,135,0,84,2,0,1591,0,0,0,198,28,0,397,0,0,0,0,91,0,0,417,535,0,542,0,159,186,0,1,0,0,123,0,203,0,0,0,4,0,64,727,431,11,174,172,197,1847,326,0,708,758,55
cell_239-BPA-2-IR,0,3,243,328,0,1195,138,104,1,556,1,0,1475,0,0,0,240,747,0,1192,2,0,0,0,169,6,0,144,1295,0,89,1,75,713,0,0,0,0,3560,0,2177,0,0,0,0,0,416,1457,470,33,1016,412,240,1932,1007,0,661,729,93
cell_24-BPA-2-IR,0,2,32,9,0,1155,1590,1633,0,1823,0,0,3506,0,3,6,391,2381,0,1153,0,0,0,0,183,3,0,46,1012,0,148,0,97,0,8,1,0,0,879,0,591,0,0,0,7,0,786,4248,5232,14,678,491,392,276,27,0,284,2039,2152
cell_240-BPA-2-IR,1,1688,61,20,11,736,2208,83,0,277,1,178,720,498,0,0,17,21,0,736,579,0,77,0,97,441,0,1730,203,0,102,0,49,0,134,0,0,0,287,660,259,44,423,34,0,3,268,0,1476,0,202,0,17,715,685,12,81,320,103
cell_241-BPA-2-IR,0,490,20,0,0,721,273,0,0,103,3,91,2963,20,0,0,1,0,0,707,609,0,375,10,617,7,0,25,181,0,320,1,32,0,104,0,0,0,387,168,166,15,21,144,0,0,206,0,78,0,73,0,1,444,146,1,14,562,126
cell_242-BPA-2-IR,0,1422,221,4,0,184,879,22,0,53,0,136,658,350,1,0,36,21,0,185,760,0,0,2,93,953,0,127,46,0,36,0,3,395,99,0,0,0,821,377,120,45,939,74,0,0,209,0,190,0,172,0,36,194,1127,3,521,90,436
cell_243-BPA-2-IR,1,3597,173,28,66,199,3381,128,0,142,3,559,627,265,1,0,294,384,0,198,1791,0,25,6,468,926,0,257,1242,1,97,0,0,26,736,0,27,0,2636,913,110,406,56,43,0,0,530,0,1600,7,750,0,294,1022,3911,35,102,42,24
cell_244-BPA-2-IR,1,63,84,3,0,1876,2018,62,0,946,0,0,0,0,0,0,83,1509,0,1877,1,0,0,0,198,7,0,53,2745,0,697,0,402,34,0,4,0,0,5100,0,710,0,1,0,0,0,1283,1235,2181,7,831,443,83,110,165,0,0,585,450
cell_245-BPA-2-IR,0,1,169,9,0,607,491,22,0,119,0,0,0,0,4,0,213,1303,0,609,1,0,0,0,12,5,0,35,126,0,489,0,137,22,0,0,0,0,1219,0,593,0,0,0,0,0,64,353,3160,30,163,95,214,670,62,0,73,1,20
cell_246-BPA-2-IR,1,0,284,52,0,753,156,82,0,439,0,0,1923,0,0,1,2289,1371,0,758,0,0,0,0,1009,9,0,24,1515,2,21,1,199,22,0,1,0,0,866,0,1010,0,0,0,0,0,94,529,1312,30,705,495,2292,181,25,0,915,273,1213
cell_247-BPA-2-IR,0,151,45,0,0,269,300,39,0,77,2,0,222,34,0,0,17,46,0,270,105,0,113,0,234,36,0,53,3,0,11,0,2,2,36,0,0,0,253,43,91,2,13,11,3,0,64,165,1159,0,99,53,17,531,36,0,81,81,131
cell_248-BPA-2-IR,1,1,87,2,0,680,1108,0,0,44,3,0,0,0,0,0,30,73,0,681,1,0,0,0,481,0,0,0,81,0,301,0,352,36,0,0,0,0,2446,0,397,0,0,0,0,0,831,918,51,34,377,485,30,496,533,0,47,92,76
cell_249-BPA-2-IR,1,5,272,39,0,748,2464,156,1,2207,0,0,3050,0,0,0,0,155,0,758,4,0,0,0,1135,149,0,1380,2337,0,123,0,497,942,0,0,0,0,1373,0,1780,0,0,0,2,0,1657,594,1115,0,829,1025,1,664,13,0,217,3670,613
cell_25-BPA-2-IR,0,66,22,0,3,159,167,33,0,35,0,0,94,34,2,0,34,93,0,159,60,0,8,0,65,49,0,40,45,1,66,0,31,14,13,0,0,0,106,41,30,2,23,7,0,0,67,45,161,0,42,8,34,74,113,0,60,109,39
cell_250-BPA-2-IR,0,27,8,0,1,138,158,26,0,26,0,4,99,16,0,0,21,61,0,136,46,8,20,0,69,44,0,35,38,0,50,0,52,1,25,3,0,0,94,29,30,3,39,3,0,0,79,16,181,1,22,5,21,86,102,0,54,46,22
cell_251-BPA-2-IR,7,2813,250,0,64,1711,617,2945,0,1118,0,598,5435,0,1,0,65,0,0,1711,6094,1,64,0,0,6395,10,0,0,0,0,1,0,0,0,0,0,0,17,955,1484,1052,929,111,0,0,96,4,0,0,817,711,65,0,908,32,279,939,0
cell_252-BPA-2-IR,1,2918,185,33,64,1173,1150,169,0,347,0,226,1318,1504,2,0,101,704,0,1173,2968,0,83,55,1298,2169,0,530,117,0,1104,0,202,46,30,0,0,0,3219,2172,210,97,690,238,0,0,121,0,3521,66,449,1,107,409,214,1,440,855,156
cell_253-BPA-2-IR,1,219,58,0,4,514,1357,35,0,51,0,18,243,77,0,0,28,19,0,517,26,0,11,0,138,490,0,31,194,0,1443,0,262,166,232,0,0,0,938,375,109,331,6,147,8,0,1575,0,622,0,89,0,28,630,219,6,955,527,90
cell_254-BPA-2-IR,0,293,53,7,6,699,1147,183,0,30,0,152,472,160,0,0,2,78,0,695,822,0,4,5,98,200,0,45,60,0,829,2,200,0,16,0,0,0,69,257,32,5,244,20,0,0,3,0,116,0,39,0,2,896,583,2,456,0,1
cell_255-BPA-2-IR,0,0,224,42,0,760,255,64,0,359,5,0,998,0,0,0,395,683,0,760,1,0,0,0,481,0,0,139,538,0,3,22,114,1007,0,1,0,0,1872,0,1206,0,0,3,2,0,179,15,560,0,1269,298,396,232,88,0,238,611,0
cell_256-BPA-2-IR,3,1491,263,11,16,1045,1964,1022,0,53,3,137,2208,448,2,0,568,72,0,1044,1620,0,12,0,1226,1269,0,239,974,0,103,0,0,120,146,2,2,0,1696,209,306,4,3058,49,5,0,821,0,3041,0,272,0,570,333,424,7,50,569,844
cell_257-BPA-2-IR,0,0,0,109,0,141,3843,134,1,110,0,0,0,0,5,0,504,208,0,141,1,0,0,0,1100,0,0,0,398,0,6,0,48,147,0,1,0,0,303,0,377,0,0,0,6,0,95,636,1259,35,316,437,504,168,5,0,818,374,477
cell_258-BPA-2-IR,0,934,133,3,159,304,129,29,0,11,0,168,590,232,1,0,8,215,0,302,547,1,551,0,1866,133,0,81,0,0,107,0,10,0,107,0,0,0,26,22,215,148,204,653,0,0,127,0,370,0,118,0,8,745,2300,17,40,51,43
cell_259-BPA-2-IR,0,1186,64,58,1,714,225,40,0,768,2,56,257,383,0,0,150,84,0,714,749,0,0,0,88,2649,0,101,1112,0,3,0,23,463,6,0,0,0,293,322,54,20,258,99,0,0,151,0,482,6,1082,0,153,1093,588,8,5,50,2
cell_26-BPA-2-IR,2,1764,208,25,5,1181,84,60,0,56,3,387,2995,378,0,0,1157,390,0,1178,1046,0,33,0,73,2087,0,2015,233,0,209,0,0,14,267,0,1,0,614,768,274,307,932,30,0,0,264,0,1911,0,92,5,1158,121,1923,0,35,448,207
cell_260-BPA-2-IR,0,2849,277,46,2,2124,1045,477,0,837,13,22,901,497,20,0,1028,344,0,2119,2016,0,253,0,1694,1609,0,808,25,0,1166,1,798,1426,133,4,0,0,1994,1946,1200,426,889,624,11,0,214,6,61,25,823,1,1077,274,2527,79,1457,297,114
cell_261-BPA-2-IR,0,3,0,3,0,249,1199,29,0,374,0,0,0,0,8,1,73,1516,0,250,0,0,0,0,623,2,0,0,253,0,259,0,179,83,3,0,0,0,538,0,545,0,0,0,4,0,1044,668,612,0,149,62,73,1110,0,0,26,370,1004
cell_262-BPA-2-IR,1,130,27,9,3,793,1769,902,2,100,0,34,456,161,1,2,162,245,0,796,1607,0,0,0,66,711,0,23,1404,0,17,0,7,0,18,0,0,0,297,163,216,70,1187,226,0,0,332,0,890,0,50,0,163,200,91,0,59,58,4
cell_263-BPA-2-IR,0,0,19,3,0,287,388,10,0,31,0,0,45,2,0,0,59,313,0,287,19,0,0,0,57,0,0,14,84,0,36,0,15,1,50,0,0,0,39,0,59,0,43,0,0,0,92,153,51,0,37,34,59,121,58,0,33,11,24
cell_264-BPA-2-IR,1,814,129,14,0,585,4404,102,0,25,13,7,747,579,4,0,0,80,0,584,1648,0,38,14,134,649,0,327,0,0,56,0,0,202,30,0,0,0,715,0,273,306,139,428,1,0,112,0,1786,0,263,0,0,383,465,5,212,134,0
cell_265-BPA-2-IR,2,37,8,0,0,195,179,41,0,19,0,5,112,28,12,3,11,103,0,193,68,0,16,0,95,77,0,22,61,0,65,0,44,9,38,0,0,0,125,50,17,8,18,10,0,0,120,46,170,2,24,24,11,86,154,1,93,58,29
cell_266-BPA-2-IR,0,6,132,0,0,1925,562,0,0,1640,1,0,2681,0,0,9,74,459,0,1915,5,0,0,0,741,5,1,101,926,0,1522,0,392,290,0,0,0,0,0,0,663,0,0,0,0,0,127,1948,549,0,515,268,75,196,97,0,370,1322,60
cell_267-BPA-2-IR,2,1391,124,22,43,501,749,205,0,66,1,40,1141,508,1,0,216,1408,0,498,1443,0,435,19,2012,1296,0,1066,1358,0,265,0,285,168,543,2,0,0,2341,488,76,341,793,225,6,0,177,0,142,21,765,0,217,1192,629,12,457,1462,39
cell_268-BPA-2-IR,2,1917,899,2,70,1025,3622,288,9,149,0,696,249,497,1,1,966,87,0,1024,2252,0,119,4,936,131,0,387,1876,0,768,0,164,0,110,1,0,0,1430,2088,706,1057,785,719,0,0,2335,0,2612,5,758,1,965,604,1118,62,438,2433,937
cell_269-BPA-2-IR,5,1311,224,133,37,37,2722,18,0,680,2,122,446,342,0,0,268,269,1,35,213,0,12,0,2573,1017,0,0,133,0,0,2,86,49,0,10,0,0,913,547,1242,64,2311,365,3,0,53,0,243,15,308,0,268,2756,77,29,1018,616,5
cell_27-BPA-2-IR,0,45,15,0,2,182,147,17,5,42,0,5,72,22,0,0,13,44,0,180,77,0,9,0,50,117,0,34,62,0,72,0,15,15,16,0,0,0,76,56,15,4,46,11,0,0,92,51,221,10,15,29,13,57,75,2,49,75,34
cell_270-BPA-2-IR,0,1055,172,22,15,406,340,102,0,167,23,241,814,1319,0,0,2,336,0,406,95,1,363,26,1522,105,0,211,820,0,1451,0,111,0,5,0,0,0,3603,365,287,373,471,775,0,0,46,0,847,3,47,0,3,546,173,1,538,1059,5
cell_271-BPA-2-IR,2,2,96,34,0,766,1881,181,0,643,0,2,1,0,1,0,304,1785,0,765,2,1,0,0,36,4,1,1245,832,0,148,4,56,160,0,3,0,0,1371,104,619,0,0,0,1,0,720,2430,2018,36,362,768,303,1290,473,0,169,44,904
cell_272-BPA-2-IR,0,656,86,15,66,609,2216,27,0,73,0,196,458,584,0,0,1029,428,0,620,55,1,339,0,352,209,0,370,100,0,5,3,77,75,34,0,0,0,842,1575,87,340,95,32,3,0,2325,0,670,39,240,0,1026,230,121,8,573,144,8
cell_273-BPA-2-IR,0,0,232,10,0,1308,320,190,1,478,0,0,1288,0,0,0,366,1539,0,1301,1,1,0,0,1591,1,0,206,821,0,301,0,192,0,0,0,0,0,1630,0,1006,0,0,6,3,0,1054,539,2688,1,393,301,366,446,91,0,886,185,181
cell_274-BPA-2-IR,1,2096,2,6,75,141,1228,12,0,101,1,245,3234,439,0,0,578,421,0,141,679,0,64,0,76,806,0,20,37,0,2,0,34,60,601,1,0,0,742,754,192,221,423,307,0,0,79,0,556,7,554,1,588,33,1853,6,371,724,380
cell_275-BPA-2-IR,4,0,20,0,1,1570,122,439,0,279,1,0,1037,0,0,0,146,1081,0,1566,2,0,0,0,190,3,0,335,241,0,78,0,142,1,0,0,0,0,511,0,340,0,0,0,2,0,1582,796,5076,3,86,124,146,21,216,0,179,203,118
cell_276-BPA-2-IR,0,33,25,0,0,187,164,40,0,43,0,10,112,47,9,4,9,38,0,188,69,0,11,0,79,74,0,38,111,0,41,0,19,2,13,0,0,5,108,40,11,4,33,16,0,4,79,17,161,0,37,24,9,87,95,1,50,78,32
cell_277-BPA-2-IR,0,1,150,30,0,1061,3254,302,0,359,1,2,96,0,0,0,102,656,0,1061,3,0,0,0,756,6,0,145,448,0,338,1,241,9,1,0,0,0,1670,0,345,0,0,0,0,0,162,141,1450,58,279,207,102,68,1241,0,854,1188,276
cell_278-BPA-2-IR,11,79,25,0,1,254,218,43,0,34,0,1,119,27,4,0,13,116,0,253,105,0,14,0,97,135,0,24,62,0,69,0,56,39,32,0,0,0,150,47,50,0,55,14,0,0,120,70,292,1,47,18,13,145,153,1,86,109,64
cell_279-BPA-2-IR,0,3,72,0,0,399,219,0,0,88,0,0,117,0,0,0,19,160,0,406,0,0,0,0,2,0,0,4,142,5,85,0,12,0,0,0,0,0,68,0,115,0,0,0,0,0,112,92,341,0,94,58,19,150,53,0,104,154,58
cell_28-BPA-2-IR,0,1144,565,10,12,368,2833,18,6,1460,1,356,166,862,1,0,62,120,0,366,809,1,2,1,773,207,2,549,943,0,23,0,118,145,891,2,0,0,298,1934,1149,106,881,361,4,0,15,0,91,0,243,0,62,944,1137,2,120,437,51
cell_280-BPA-2-IR,1,1800,0,17,75,818,2688,359,0,392,2,107,3262,619,2,0,248,51,0,820,2699,0,20,0,1252,251,0,950,652,0,456,0,303,1106,36,2,0,0,671,607,501,153,535,79,4,0,738,2,403,34,956,1,246,701,28,43,690,278,354
cell_281-BPA-2-IR,0,5,557,67,0,1031,2100,40,0,3554,0,0,0,0,13,1,718,1411,0,1028,0,0,0,0,5,5,0,911,4927,0,26,1,486,35,0,9,32,0,905,0,780,0,0,0,4,0,187,342,1561,185,951,289,717,0,74,0,29,304,3306
cell_282-BPA-2-IR,0,6,33,14,0,155,3721,769,0,49,12,0,2230,0,1,0,805,987,0,158,0,0,0,0,681,13,12,76,1124,0,51,0,481,19,6,2,0,0,1492,0,94,0,0,0,0,0,226,154,165,4,547,354,805,96,479,0,62,1602,69
cell_283-BPA-2-IR,3,1756,626,90,73,2335,6317,2091,2,1007,15,588,1359,415,3,1,1674,2713,0,2337,1935,1,33,19,1151,1564,0,1626,2087,0,1634,2,461,702,1287,4,0,0,4412,651,3099,245,1144,115,12,2,2509,3248,990,26,1078,625,1675,245,2486,29,2514,2282,1832
cell_284-BPA-2-IR,0,105,103,12,0,496,2368,105,0,14,1,1046,3204,893,0,0,575,132,0,499,1899,1,69,9,1876,1561,0,284,468,0,650,0,85,504,54,2,0,0,485,283,35,240,0,414,2,0,1964,0,54,0,77,0,607,284,519,57,46,1044,6
cell_285-BPA-2-IR,0,833,52,3,37,93,80,67,0,45,0,75,1011,446,0,0,7,45,0,93,1696,0,29,0,295,467,0,14,158,0,270,0,23,14,7,0,0,0,248,1030,1,42,86,100,3,0,450,0,582,0,131,0,7,999,502,26,31,71,0
cell_286-BPA-2-IR,2,238,137,15,4,58,2333,10,0,0,39,279,7,184,0,0,26,0,0,56,139,0,168,0,154,110,0,127,224,0,10,0,77,64,517,0,0,0,11,584,15,76,85,134,0,0,111,0,2856,0,106,0,26,770,17,4,0,6,0
cell_287-BPA-2-IR,2,2166,428,17,5,1961,2705,1037,76,525,45,515,2311,651,1,0,631,1116,0,1965,1225,0,314,45,1602,2501,0,768,833,0,1114,1,505,442,717,1,0,0,1785,1447,931,271,838,332,96,1,1606,1557,2196,3,491,437,625,303,435,20,1381,879,394
cell_288-BPA-2-IR,0,2862,110,23,7,870,348,678,0,934,0,249,553,1071,0,0,372,1097,0,862,1686,0,312,0,1551,429,0,1286,629,0,175,0,2,0,0,1,0,0,0,588,99,54,2207,53,0,0,376,0,44,0,0,0,374,2,204,31,862,123,675
cell_289-BPA-2-IR,0,35,11,0,0,234,218,33,0,17,0,14,90,15,0,0,13,37,0,230,48,0,9,0,57,78,0,30,63,0,79,0,37,5,41,0,0,0,100,57,47,7,25,11,0,0,76,48,205,1,22,15,13,77,112,0,55,95,30
cell_29-BPA-2-IR,0,1824,76,0,12,549,805,68,0,151,0,6,0,437,0,0,19,125,0,549,303,0,233,9,544,530,0,217,108,1,18,0,1,0,0,0,0,0,1,123,181,47,0,30,0,4,246,0,799,0,42,0,18,0,139,7,0,69,0
cell_290-BPA-2-IR,0,2973,34,7,4,842,346,480,0,181,4,96,1329,19,0,1,112,585,0,839,2648,0,188,0,162,227,0,136,37,0,41,0,241,43,360,0,0,0,885,606,0,94,468,217,0,0,122,0,714,19,417,0,112,204,526,15,1194,1368,485
cell_291-BPA-2-IR,0,41,35,3,0,204,182,30,4,21,0,8,132,25,0,0,25,81,0,200,64,0,7,0,80,85,0,28,93,0,72,0,39,10,12,0,0,0,88,44,26,0,18,1,0,0,85,39,189,1,63,18,25,66,89,0,42,77,37
cell_292-BPA-2-IR,10,2637,439,42,31,2397,5262,83,0,2759,17,117,1407,3128,132,1,846,1638,0,2395,3075,0,305,69,2290,4354,1,1334,1070,0,1335,1,567,449,1758,7,0,0,1002,833,881,240,1064,455,23,8,1921,1676,990,0,1075,1834,853,478,3274,60,2579,779,417
cell_293-BPA-2-IR,0,225,220,8,2,667,2634,43,2,345,2,307,143,0,0,0,183,266,0,668,679,0,10,9,337,419,0,345,3,0,283,0,40,110,433,0,0,0,48,176,87,157,291,37,0,0,67,1,929,0,367,0,188,202,279,0,239,1286,26
cell_294-BPA-2-IR,2,61,13,0,5,318,237,30,0,49,0,20,154,32,0,8,7,83,5,315,87,0,33,0,122,123,1,40,114,0,111,0,23,11,37,0,0,0,141,46,15,5,33,6,0,0,123,85,243,5,58,14,7,93,152,0,81,141,43
cell_295-BPA-2-IR,2,138,90,0,58,430,144,76,0,62,2,0,683,426,7,0,0,79,0,431,380,0,21,0,357,3212,0,358,276,0,3,0,0,47,70,0,0,0,1420,1073,241,0,398,6,0,0,7,0,1,0,0,0,0,0,1933,3,139,921,259
cell_296-BPA-2-IR,0,69,9,0,4,112,66,20,0,40,0,9,107,19,0,0,4,39,0,112,53,0,0,1,36,71,0,32,95,0,78,2,28,2,15,0,0,0,114,66,30,8,34,16,0,0,69,32,198,5,32,25,4,68,72,1,58,92,10
cell_297-BPA-2-IR,0,526,171,5,57,1105,1241,1,6,97,0,142,1254,713,0,0,146,945,0,1074,1087,0,107,9,236,571,0,156,385,0,15,0,168,78,293,1,0,0,1034,1376,153,52,1452,133,0,8,690,1,38,12,391,0,146,845,530,6,1052,169,245
cell_298-BPA-2-IR,0,2781,76,4,21,451,302,161,2,368,0,61,1072,984,0,0,178,1200,0,450,818,1,112,0,389,2873,0,1198,28,0,438,0,7,27,87,0,0,0,721,634,58,272,1763,94,0,0,277,0,79,38,1224,0,176,457,903,1,1852,105,0
cell_299-BPA-2-IR,0,3207,328,51,48,1687,814,50,1,518,0,426,2936,727,4,0,569,362,0,1684,6192,0,23,23,1483,3726,0,2009,366,0,894,0,41,985,1431,2,0,0,2412,2280,531,1160,1685,336,1,2,749,0,1069,52,367,1,574,716,1664,56,924,426,2064
cell_3-BPA-2-IR,0,184,14,0,0,215,995,2,0,97,1,58,278,118,0,0,0,150,0,212,64,0,103,0,65,311,4,72,13,0,130,0,7,3,0,0,0,0,103,298,10,14,153,100,0,0,12,0,86,0,37,0,0,238,329,0,2,81,0
cell_30-BPA-2-IR,4,1230,158,0,0,309,33,423,0,240,3,338,798,826,0,0,142,145,0,309,962,0,265,15,221,1073,0,61,695,0,152,0,111,97,313,0,0,0,663,1450,378,48,232,114,1,0,396,0,235,6,177,1,141,546,631,5,247,1356,162
cell_300-BPA-2-IR,0,205,170,22,16,486,509,668,0,41,0,73,436,41,0,0,0,94,0,486,306,0,24,5,861,36,3,117,121,0,40,0,0,0,0,0,0,0,426,238,214,7,17,36,2,0,32,0,882,0,123,0,0,825,4,2,8,26,154
cell_301-BPA-2-IR,0,1075,78,0,10,308,61,0,0,118,7,24,307,308,0,0,645,734,0,302,719,0,43,0,1582,152,1,194,62,0,13,0,528,0,130,0,0,0,161,389,11,23,801,225,0,0,73,0,67,0,12,2,646,422,552,10,194,249,15
cell_302-BPA-2-IR,0,2,258,0,0,1005,113,164,0,395,3,0,1572,0,0,0,233,315,0,1007,0,0,0,0,32,1,0,574,529,0,20,0,50,519,0,6,0,0,1063,0,669,0,0,0,1,0,127,510,223,25,176,386,234,338,13,0,589,146,96
cell_303-BPA-2-IR,0,2,104,23,2,950,490,584,0,102,0,0,1257,0,0,0,60,187,0,947,0,0,0,0,124,0,0,253,35,0,34,0,253,6,0,1,1,0,712,0,36,0,0,0,1,0,47,419,2287,0,33,46,60,474,68,0,4,443,376
cell_304-BPA-2-IR,16,903,111,8,1,504,4162,7,0,737,1,438,3537,868,0,0,47,58,0,504,0,1,196,6,55,2384,0,43,232,0,406,0,6,0,472,0,0,0,205,138,110,31,41,146,0,0,346,0,1706,0,549,0,47,20,52,2,75,335,76
cell_305-BPA-2-IR,0,818,109,77,0,923,1265,616,4,376,50,70,642,437,1,0,310,201,0,923,1154,0,6,47,187,174,0,217,551,0,132,1,0,0,0,1,0,0,95,709,53,118,557,212,14,0,137,0,865,0,2,0,9,1061,50,1,36,754,408
cell_306-BPA-2-IR,0,57,14,0,1,188,225,19,1,55,0,0,105,13,5,0,4,67,3,185,61,0,16,2,96,95,0,40,67,4,93,0,28,6,9,0,0,0,118,55,29,8,18,8,0,0,106,18,192,0,39,19,4,107,133,1,67,45,40
cell_307-BPA-2-IR,0,596,123,23,3,296,164,10,0,16,3,566,448,54,2,0,148,2169,0,296,1079,0,0,3,0,505,1,207,185,0,77,0,34,9,11,0,0,0,672,21,169,18,117,0,4,0,152,0,421,7,13,0,148,297,6,0,0,287,325
cell_308-BPA-2-IR,0,175,0,2,4,220,3592,75,0,168,10,527,115,0,0,0,207,99,0,232,1482,0,61,12,830,609,0,34,113,0,290,0,27,277,10,0,0,0,167,750,83,84,616,395,11,0,606,0,187,15,12,0,185,180,239,19,227,307,20
cell_309-BPA-2-IR,0,1745,236,36,43,936,2968,217,0,1270,2,836,1106,649,0,0,233,58,0,937,4,0,791,16,179,1891,0,988,470,0,5,1,221,41,760,2,0,0,1,848,206,465,348,575,10,0,334,0,1544,48,226,0,233,1600,1490,29,568,546,61
cell_31-BPA-2-IR,0,380,29,0,0,278,130,419,0,4,0,196,629,81,0,3,73,129,1,278,2,0,133,20,2,1194,0,0,19,0,239,0,0,0,17,0,0,0,40,127,0,11,213,16,0,0,144,0,402,5,49,0,73,597,87,1,63,351,25
cell_310-BPA-2-IR,0,608,22,0,1,65,451,0,0,519,0,46,962,73,0,0,37,0,0,67,417,0,59,7,1248,343,0,5,51,0,159,0,21,0,357,0,0,0,10,359,11,4,226,87,0,0,631,0,198,0,534,0,37,487,1140,2,349,588,19
cell_311-BPA-2-IR,0,963,91,0,0,2820,2990,22,0,359,6,151,1453,204,0,0,197,650,0,2806,1444,0,79,38,571,1060,0,439,47,0,351,2,105,240,0,1,0,0,299,490,0,44,255,135,1,0,133,0,355,13,905,1,196,351,835,43,496,213,1
cell_312-BPA-2-IR,0,139,0,0,4,101,547,0,3,0,1,224,180,97,0,0,4,123,0,101,275,0,198,4,218,29,0,5,135,0,28,0,0,0,16,0,0,0,17,713,117,12,10,153,0,0,827,0,19,0,34,0,4,18,348,0,365,168,1
cell_313-BPA-2-IR,0,70,16,0,2,256,248,51,0,48,0,2,169,30,0,0,22,106,0,256,79,0,19,0,88,101,1,33,153,0,81,0,39,11,40,0,0,2,128,56,23,5,35,2,0,0,140,54,306,4,57,13,22,139,103,0,83,124,61
cell_314-BPA-2-IR,0,65,4,2,3,155,110,28,0,17,0,6,71,13,0,0,15,74,0,155,38,0,19,0,64,71,0,54,29,0,48,0,23,11,20,0,0,0,86,36,47,6,36,14,0,0,83,69,125,0,40,17,15,55,80,0,37,68,14
cell_315-BPA-2-IR,0,71,6,0,1,125,93,12,0,51,0,10,74,34,0,0,20,66,0,124,62,0,1,0,59,57,0,17,68,0,102,0,17,17,20,0,0,0,64,72,11,2,20,7,0,0,73,19,182,2,31,17,20,68,111,2,53,92,41
cell_316-BPA-2-IR,0,71,19,3,5,289,180,29,0,33,0,4,116,24,0,0,2,114,0,283,87,0,8,0,111,110,0,31,47,0,91,0,24,14,24,0,0,0,100,58,34,1,26,13,0,0,85,67,251,0,60,19,2,124,125,1,64,81,86
cell_317-BPA-2-IR,0,60,27,4,0,225,174,47,0,15,0,1,128,14,1,0,12,111,0,226,52,0,8,0,85,80,0,44,90,8,65,0,30,10,27,4,0,0,107,50,18,2,30,14,0,0,114,36,200,0,43,7,12,78,78,0,58,90,36
cell_318-BPA-2-IR,0,17,43,59,0,615,267,4,0,661,2,0,2479,0,7,0,222,1985,0,612,35,0,0,0,50,8,0,328,292,0,204,0,717,108,2,1,0,0,1240,0,864,0,0,0,5,0,113,704,2111,7,282,565,222,69,134,0,1664,541,328
cell_319-BPA-2-IR,1,0,120,11,0,621,826,251,0,82,0,0,1,0,1,0,201,67,0,622,2,0,0,0,6,0,0,858,276,0,62,0,122,6,0,0,0,0,1355,0,508,0,0,0,0,0,129,849,70,0,1957,1122,201,521,43,0,371,237,223
cell_32-BPA-2-IR,0,5719,545,73,8,1337,4341,202,0,382,4,492,1206,0,15,3,136,1858,0,1338,1863,0,9,2,1345,2152,0,267,345,0,223,3,657,0,2429,3,0,0,4713,796,2171,1357,607,996,0,0,369,0,194,0,140,0,136,2882,723,6,32,845,1691
cell_320-BPA-2-IR,1,1339,333,4,15,1474,1548,151,0,207,7,123,966,511,3,0,115,273,0,1474,1500,0,606,16,484,990,0,423,108,0,152,0,143,0,344,0,2,0,627,710,42,73,592,181,12,0,170,0,186,0,22,0,113,197,128,7,331,1274,355
cell_321-BPA-2-IR,0,251,101,0,1,203,551,119,0,25,1,23,0,121,0,0,15,15,0,201,131,0,30,0,94,128,0,303,0,0,159,0,0,0,53,0,0,0,274,83,37,16,24,49,0,0,268,0,211,0,109,0,15,104,83,0,80,99,0
cell_322-BPA-2-IR,0,933,83,0,1,1,226,0,0,174,4,59,73,344,0,0,0,358,0,0,1192,0,136,1,76,245,1,341,14,0,14,0,13,0,74,0,2,0,472,199,283,39,329,127,3,0,21,0,32,42,44,0,0,2001,937,6,584,265,14
cell_323-BPA-2-IR,0,1196,210,0,14,10,997,473,0,0,0,203,2007,349,0,0,0,0,0,2,989,0,1907,2,118,689,0,117,425,0,0,0,67,0,323,0,0,0,320,999,1,43,564,5,0,0,474,0,1,0,0,0,0,116,136,4,1,233,153
cell_324-BPA-2-IR,0,0,1,31,0,1276,1970,73,0,347,8,0,0,0,0,0,520,254,0,1278,1,0,0,0,405,0,1,0,627,0,112,0,30,6,0,0,0,0,1263,0,351,0,0,0,0,0,645,468,1785,59,266,374,520,672,0,0,395,96,0
cell_325-BPA-2-IR,0,3744,668,57,21,1504,4675,54,0,402,1,416,4330,773,1,0,1062,566,0,1507,2638,0,83,43,2209,3707,1,951,2120,0,569,0,1113,45,551,1,0,0,2390,1782,841,532,3220,499,0,0,476,0,1112,18,618,3,1059,390,1907,1,1316,1182,1017
cell_326-BPA-2-IR,0,506,28,0,19,605,405,0,0,11,1,88,182,192,0,0,145,45,0,601,161,0,99,0,306,110,0,36,74,0,89,0,5,0,10,0,0,0,74,196,160,40,2,27,0,0,612,0,250,13,272,0,145,199,16,9,1038,34,25
cell_327-BPA-2-IR,0,0,73,7,1,622,543,28,0,43,2,0,0,0,0,0,3,197,0,621,0,0,0,0,248,0,0,0,17,1,203,0,8,4,0,1,0,0,795,0,204,0,0,0,0,0,544,47,1901,0,34,279,3,60,45,0,31,61,77
cell_328-BPA-2-IR,1,20,14,3,0,428,1839,11,0,1,0,46,386,53,0,0,19,0,0,427,1059,0,164,5,511,168,0,14,21,0,285,1,0,12,18,2,0,0,290,1204,19,60,650,40,0,3,160,0,0,3,77,1,19,27,52,5,1003,5,488
cell_329-BPA-2-IR,0,947,48,17,32,935,298,8,0,45,0,225,471,237,0,0,0,0,0,933,472,0,289,0,27,492,0,679,221,0,13,1,12,384,301,1,0,0,401,504,25,294,122,218,0,0,278,0,2138,1,118,0,0,324,125,6,660,0,69
cell_33-BPA-2-IR,0,432,64,0,5,977,1,240,0,6,0,516,645,708,0,0,66,146,0,981,0,0,3,4,168,870,0,0,325,0,130,0,2,1198,17,0,0,0,1016,341,253,37,467,62,0,0,206,0,119,74,438,0,66,1091,1074,0,47,2276,1934
cell_34-BPA-2-IR,1,180,14,13,1,545,1,10,0,0,1,150,36,136,0,0,0,41,0,547,922,0,16,7,11,536,0,346,0,0,1,0,0,950,158,0,0,0,524,1340,0,13,0,69,0,0,27,0,0,0,109,0,0,204,1364,7,708,273,0
cell_35-BPA-2-IR,0,2798,621,531,0,1317,1624,90,0,1113,0,20,2157,510,2,0,804,454,0,1316,954,0,3,57,446,995,5,981,849,0,628,0,208,26,1105,11,0,0,4705,899,1323,844,745,297,2,0,1082,319,966,28,698,1560,798,431,1866,48,468,159,561
cell_36-BPA-2-IR,0,0,173,88,0,549,1645,19,0,398,7,0,376,0,2,0,65,1238,0,527,0,0,0,0,12,0,0,128,510,0,24,0,130,0,0,0,0,0,734,0,385,0,0,0,3,0,321,155,1431,37,210,237,66,706,0,0,74,477,17
cell_37-BPA-2-IR,6,800,185,19,13,1061,926,638,1,582,1,98,1657,468,0,3,476,925,0,1059,2424,1,102,10,512,793,0,1077,165,0,154,1,184,5,1483,0,0,0,2112,574,589,1428,2943,290,0,0,1459,0,606,9,679,2,477,843,245,28,171,748,554
cell_38-BPA-2-IR,9,3908,713,99,21,3976,4760,1069,16,3406,10,889,4864,1294,2,0,2168,2181,0,3975,1254,2,193,84,2258,4521,2,1417,3382,0,1675,1,1669,391,940,8,0,0,7944,2521,2819,328,2156,131,24,0,3042,2226,831,6,2543,1969,2186,360,1609,63,2699,2887,3395
cell_39-BPA-2-IR,0,338,142,0,13,991,1016,247,3,208,5,358,557,189,0,0,276,154,0,988,640,0,5,35,145,13,0,137,324,0,581,0,215,0,12,1,0,0,1529,661,673,53,402,43,7,0,1201,219,826,1,186,118,276,656,969,0,372,137,198
cell_4-BPA-2-IR,5,2592,355,47,21,1611,1434,87,0,1477,0,329,2302,424,0,0,1087,1478,0,1615,831,0,43,0,1061,1591,0,1119,1224,0,4,0,466,194,820,1,0,0,1748,1223,148,174,70,0,1,1,2134,471,0,9,193,167,1089,403,441,0,591,1145,94
cell_40-BPA-2-IR,6,31,12,0,0,156,135,25,6,13,0,6,119,10,0,0,9,67,0,153,82,0,4,0,53,113,0,23,51,0,63,0,23,6,21,0,0,0,82,30,9,18,15,9,0,0,97,61,202,0,27,14,10,66,116,0,39,61,17
cell_41-BPA-2-IR,4,1866,173,4,1,984,780,196,0,434,0,171,2111,1089,0,0,116,450,0,978,869,0,322,40,814,1269,0,947,163,0,117,0,41,487,182,0,0,0,922,584,70,30,55,138,1,0,533,0,356,13,441,0,116,839,239,19,45,822,34
cell_42-BPA-2-IR,2,3,655,121,0,1674,1732,118,0,888,9,0,0,0,0,0,478,2999,0,1674,1,1,0,0,895,5,0,910,2117,0,63,0,292,110,0,2,0,0,5918,0,1307,0,2,0,0,0,436,1248,654,11,1581,1598,480,690,3355,0,39,2269,389
cell_43-BPA-2-IR,0,1366,495,5,15,341,969,799,0,436,0,12,215,1199,0,2,115,226,0,342,469,0,37,0,73,209,0,8,198,0,56,0,96,0,106,3,0,0,1023,734,133,104,310,183,0,0,1171,0,622,18,117,0,116,469,1008,15,4,755,73
cell_44-BPA-2-IR,0,429,615,214,3,1266,1662,66,0,745,2,116,591,237,0,0,477,899,0,1264,319,0,13,5,1081,398,0,1125,843,0,242,4,597,164,7,0,0,0,2760,685,951,102,148,82,0,0,566,588,640,0,1233,656,478,874,1814,0,422,471,419
cell_45-BPA-2-IR,0,781,30,5,0,901,96,8,3,42,0,62,489,439,0,0,20,94,0,892,2,0,50,14,293,112,0,254,406,0,263,0,114,7,268,0,0,0,270,201,177,9,218,56,0,0,851,0,279,0,12,0,20,129,31,4,18,9,0
cell_46-BPA-2-IR,0,1046,194,0,9,319,850,447,0,322,0,414,1693,749,0,0,29,845,0,316,122,0,34,0,358,1131,0,132,395,0,173,0,46,0,113,0,0,0,167,1174,394,45,1008,166,0,0,858,0,6,0,165,0,29,135,146,34,68,454,8
cell_47-BPA-2-IR,0,345,25,3,1,30,293,34,0,3,0,272,84,153,0,0,4,18,0,30,178,0,50,4,13,11,0,74,30,0,18,0,17,53,5,0,0,0,91,139,52,19,33,13,0,0,35,0,26,1,5,0,4,454,74,4,1,61,1
cell_48-BPA-2-IR,5,1987,272,4,70,512,1848,23,1,123,5,193,1652,370,0,1,233,622,0,518,1702,0,188,6,696,628,1,455,125,0,396,0,247,416,160,3,0,0,731,1304,122,83,310,152,10,0,1287,0,558,1,71,1,238,449,1103,15,474,258,639
cell_49-BPA-2-IR,4,5008,1111,156,57,1834,5915,1049,0,1290,6,661,6674,2555,2,0,872,1792,0,1832,1836,1,72,24,2127,8546,1,1129,2155,0,3787,0,685,242,1332,9,1,0,5482,1649,782,353,4600,310,10,0,1076,2,1355,38,1111,0,880,509,3651,116,2192,2123,1091
cell_5-BPA-2-IR,0,125,11,0,0,95,90,26,0,35,0,10,128,40,0,0,10,63,0,92,74,0,2,0,21,96,0,39,104,0,78,0,32,8,22,0,0,0,138,47,25,24,35,9,0,0,68,28,191,1,24,10,10,65,69,0,46,143,54
cell_50-BPA-2-IR,0,0,39,4,0,245,578,28,0,54,0,0,25,0,1,0,55,239,0,245,0,0,0,0,20,7,6,149,49,0,90,0,156,177,0,0,0,0,284,0,188,0,0,0,0,0,927,381,1475,7,424,159,55,201,1,0,0,430,107
cell_51-BPA-2-IR,0,3,328,50,0,2252,926,87,0,878,0,0,1545,0,0,0,2478,302,0,2234,1,0,0,0,389,2,0,167,1405,0,204,1,69,131,0,3,1,0,1371,0,1066,0,0,0,0,0,492,810,3897,63,474,677,2484,1231,0,0,553,1721,54
cell_52-BPA-2-IR,1,700,64,8,20,200,578,307,0,104,0,15,413,10,0,0,4,53,0,200,323,0,8,107,52,104,0,56,410,0,80,0,6,0,7,0,0,0,27,70,319,31,889,206,2,0,35,0,23,0,84,0,4,1509,1016,1,0,114,19
cell_53-BPA-2-IR,0,2,83,5,1,217,545,12,0,34,0,375,91,254,0,0,284,452,0,216,403,0,335,4,885,742,0,93,111,0,1601,0,215,21,305,1,0,0,571,806,121,55,571,234,3,0,799,0,78,0,105,0,283,2182,362,15,1012,713,604
cell_54-BPA-2-IR,0,555,496,16,9,629,708,23,0,436,5,403,677,251,0,1,801,1411,0,633,2193,0,34,99,19,864,0,464,1047,0,22,1,321,0,866,3,0,0,386,990,353,92,1035,432,0,0,963,0,316,0,254,0,802,276,1025,9,229,780,150
cell_55-BPA-2-IR,0,22,358,59,0,3829,2851,73,0,1263,1,0,2492,0,6,0,810,389,1,3817,3,0,0,0,1873,4,1,1351,2257,0,360,2,282,326,0,1,1,0,3616,0,902,0,0,1,6,0,1299,1228,416,30,390,1516,811,32,659,0,119,2449,509
cell_56-BPA-2-IR,0,821,154,10,10,0,71,9,0,19,0,319,51,745,0,0,194,0,0,0,453,0,0,2,528,696,0,369,1825,0,147,0,6,144,74,0,0,0,859,144,33,41,54,385,3,0,34,0,213,0,42,0,194,286,46,5,24,1332,311
cell_57-BPA-2-IR,5,3455,935,172,25,2396,4307,849,1,1081,6,664,6026,1501,1,2,1396,1206,1,2387,1102,0,253,102,2748,2417,1,1708,2813,0,929,0,398,461,763,6,2,0,5335,1514,1353,210,1783,349,5,0,1837,451,3231,136,511,964,1412,1729,2418,33,881,1332,2205
cell_58-BPA-2-IR,0,46,14,0,1,199,173,34,0,27,0,11,116,20,0,4,20,94,0,197,97,1,1,0,123,78,0,47,110,2,79,0,12,9,26,0,0,1,133,72,22,1,41,9,0,4,79,50,167,2,58,27,20,69,94,0,55,96,31
cell_59-BPA-2-IR,0,2350,30,10,4,197,1815,112,8,77,4,3,308,506,0,0,159,501,0,196,0,0,408,0,54,246,0,1906,63,0,4,0,25,80,1612,1,0,0,188,1520,360,118,2996,161,5,0,34,0,2166,0,735,1,159,43,287,13,26,585,2
cell_6-BPA-2-IR,0,87,27,0,1,93,188,19,0,8,0,32,79,49,0,0,5,27,0,97,103,0,3,0,46,82,0,33,77,0,60,0,14,30,24,0,0,0,45,90,4,8,75,12,0,3,43,0,128,1,18,0,5,138,57,0,18,75,17
cell_60-BPA-2-IR,3,57,6,0,0,169,141,18,3,22,0,7,96,12,8,0,7,53,0,170,42,0,15,0,57,110,0,40,22,0,67,0,24,8,30,4,0,0,106,57,30,0,15,2,0,0,61,44,149,1,40,24,7,91,109,0,66,73,26
cell_61-BPA-2-IR,0,464,26,0,13,734,1333,20,0,78,0,13,167,150,0,0,4,0,0,730,173,0,58,0,596,988,0,7,10,0,703,0,61,0,134,1,0,0,131,871,47,82,52,261,0,0,596,0,156,10,121,0,4,279,36,2,63,22,685
cell_62-BPA-2-IR,0,15,0,3,0,1388,0,6,0,228,0,0,927,0,0,0,36,563,0,1385,0,0,0,0,408,6,0,0,568,0,742,0,117,0,0,0,0,0,858,0,244,0,0,0,0,0,1331,103,2993,1,51,82,38,313,83,0,237,1125,105
cell_63-BPA-2-IR,5,64,6,0,2,174,167,40,0,19,0,6,94,16,0,0,3,72,1,171,54,0,20,2,48,74,0,27,73,0,62,0,39,16,21,0,0,0,97,34,18,0,27,4,0,0,86,23,170,2,31,11,3,120,93,0,40,73,30
cell_64-BPA-2-IR,0,1227,644,6,15,753,3969,494,2,529,0,834,1438,796,0,0,164,1613,0,752,2100,0,0,9,100,3208,0,2501,184,0,156,0,479,346,199,2,1,0,1498,1015,3,275,2263,435,3,0,701,2,1200,10,605,0,165,585,844,26,485,2174,410
cell_65-BPA-2-IR,0,0,33,11,0,280,1376,0,0,30,2,0,1022,0,0,0,627,104,0,277,0,0,0,0,105,0,0,19,180,0,584,0,8,25,0,0,0,0,85,0,314,0,0,0,2,0,414,783,1074,3,69,195,624,596,252,0,27,427,459
cell_66-BPA-2-IR,0,196,79,15,16,553,791,0,0,328,0,35,1296,247,0,0,343,0,0,547,198,0,22,0,115,125,0,88,335,0,13,0,62,157,57,0,0,0,722,482,75,42,386,9,0,0,292,0,1184,0,41,0,343,1099,728,0,9,760,0
cell_67-BPA-2-IR,0,75,50,2,9,132,341,2,0,40,0,26,340,46,0,0,208,3,1,132,304,0,17,0,45,105,0,53,347,0,1,0,37,132,9,0,0,0,315,79,66,11,93,4,0,0,7,0,138,0,38,0,208,659,176,0,1,89,0
cell_68-BPA-2-IR,2,319,325,4,0,249,1305,258,0,349,0,16,243,944,0,0,85,927,0,249,2249,9,4,35,67,469,0,1077,694,0,183,0,49,1,741,2,0,0,2628,1301,107,135,1233,51,0,0,277,0,0,18,125,0,85,128,1075,4,894,111,654
cell_69-BPA-2-IR,1,158,161,22,4,956,1295,219,0,108,1,53,603,145,0,0,196,1288,0,941,2672,0,8,0,0,1180,0,426,433,0,10,0,74,61,279,1,2,0,567,591,115,49,3344,865,3,0,115,0,389,17,220,0,196,246,1072,13,70,358,598
cell_7-BPA-2-IR,0,0,89,51,0,263,243,69,0,135,1,0,448,0,1,0,147,616,0,263,1,0,0,0,119,0,0,164,696,0,12,0,216,134,0,0,0,0,481,0,178,0,0,0,0,0,226,158,1902,5,162,19,149,383,1173,0,17,75,167
cell_70-BPA-2-IR,1,4,0,8,0,2388,714,311,0,563,0,0,499,0,0,0,272,482,0,2392,2,0,0,0,1523,2,3,1,1864,6,42,0,91,2232,0,0,0,0,2301,0,1560,0,0,0,10,0,1916,1724,1893,3,469,1408,272,272,2623,0,9,2751,1025
cell_71-BPA-2-IR,0,5,131,0,0,323,257,607,12,640,1,1,1106,0,10,4,949,500,0,325,3,0,0,0,25,9,0,1362,2341,0,138,0,66,156,1,0,0,0,519,0,166,0,0,0,0,0,26,617,1109,0,210,943,949,300,56,0,107,197,183
cell_72-BPA-2-IR,1,5,491,114,0,805,5781,210,0,758,26,0,3454,0,2,0,1688,314,0,812,38,0,0,0,1748,9,0,2024,507,0,561,1,219,1911,0,2,0,0,3741,0,1101,0,0,0,0,1,2828,2362,1751,13,1142,1234,1686,1226,2043,0,394,3210,991
cell_73-BPA-2-IR,0,435,43,6,20,226,751,437,0,0,1,46,638,18,0,0,195,460,0,226,494,0,166,43,531,1213,0,31,532,0,85,0,55,0,9,0,0,0,96,29,81,136,32,111,0,0,67,0,231,0,191,0,195,813,69,3,63,558,404
cell_74-BPA-2-IR,5,4575,1271,63,55,5314,6448,2058,2,2635,12,1767,4279,2389,2,2,2762,2746,0,5329,2728,1,455,92,2706,3192,0,1425,4336,0,2022,10,2817,1440,1807,7,19,0,7623,2280,3231,377,2148,228,14,4,3484,3497,1371,80,2758,1620,2769,472,5001,52,4827,4916,2730
cell_75-BPA-2-IR,0,1234,110,10,1,879,2463,8,0,368,0,53,347,570,0,0,28,93,0,877,750,0,317,0,436,744,0,528,13,0,836,0,142,0,673,0,0,0,1792,85,115,12,0,89,0,0,451,0,350,0,193,0,28,5,581,22,103,95,93
cell_76-BPA-2-IR,0,1,71,33,0,1600,1271,22,0,178,1,0,644,0,1,0,846,444,0,1600,0,0,0,0,142,0,0,55,229,0,885,0,58,90,0,0,0,0,800,0,390,0,0,0,0,0,667,660,3444,2,356,181,852,1386,12,0,264,491,222
cell_77-BPA-2-IR,0,72,18,4,3,224,204,45,0,39,0,13,146,13,2,0,18,107,0,225,76,0,8,0,132,125,0,35,85,0,77,0,42,14,38,0,0,0,121,44,46,6,38,17,0,0,121,61,302,0,56,34,18,164,122,0,66,79,34
cell_78-BPA-2-IR,0,187,22,19,0,444,372,18,12,115,0,136,569,196,0,0,203,476,0,445,412,0,9,0,93,389,0,74,305,0,54,0,53,70,100,0,0,0,547,135,351,14,147,41,0,0,140,459,2290,1,257,102,203,338,1480,1,658,509,15
cell_79-BPA-2-IR,2,312,105,0,10,535,989,29,1,44,2,28,674,199,2,0,69,489,0,530,362,0,2,0,81,19,0,188,17,0,8,0,20,0,139,0,0,0,7,1522,270,99,318,8,0,0,47,0,1748,0,347,0,69,13,115,12,68,68,257
cell_8-BPA-2-IR,0,2,56,13,0,250,431,22,0,15,0,0,217,0,0,0,28,737,0,250,0,0,0,0,4,2,0,44,133,0,39,0,23,23,0,0,0,0,71,0,287,0,1,0,0,0,0,564,759,1,39,23,23,181,22,0,659,164,55
cell_80-BPA-2-IR,0,471,156,9,35,302,961,951,0,428,1,1,677,468,0,1,32,28,0,299,1116,1,761,0,437,70,0,192,28,0,239,0,3,126,326,0,0,0,672,268,44,29,909,7,0,0,591,0,219,14,284,0,32,170,80,2,646,125,989
cell_81-BPA-2-IR,0,85,26,0,0,207,295,50,0,18,0,12,153,42,0,0,14,81,0,207,74,1,7,0,83,81,0,55,88,0,100,0,34,31,14,0,0,0,136,78,25,7,43,9,0,0,126,60,300,0,25,29,14,164,132,0,73,143,70
cell_82-BPA-2-IR,0,59,8,7,0,185,77,30,0,17,0,24,91,23,2,0,13,42,0,185,79,1,21,0,57,59,0,23,85,0,67,0,8,22,34,3,0,0,82,48,24,1,43,10,0,0,50,60,150,5,28,14,13,87,79,0,44,58,33
cell_83-BPA-2-IR,0,0,23,0,0,533,363,0,0,117,0,0,0,0,3,0,317,75,0,533,0,0,0,0,80,0,0,112,6,0,11,0,177,0,0,0,0,0,64,0,528,0,0,0,0,0,6,360,723,0,83,19,317,215,32,0,0,0,43
cell_84-BPA-2-IR,0,74,12,0,2,282,257,63,0,50,1,4,150,44,0,5,28,123,0,279,142,0,30,0,134,137,0,32,97,0,143,0,44,26,49,0,6,0,140,59,33,8,42,8,0,0,160,51,224,1,50,11,28,129,237,0,97,126,41
cell_85-BPA-2-IR,1,9,19,5,0,693,2484,29,0,275,0,0,928,0,1,0,309,246,0,688,1,0,0,0,705,0,0,1217,230,0,256,0,83,3,0,0,0,0,63,0,562,0,0,0,0,0,218,168,25,31,478,224,311,313,532,0,855,716,794
cell_86-BPA-2-IR,0,3245,192,10,21,1129,1728,40,0,218,4,113,1440,481,1,0,232,800,0,1130,2223,0,13,1,60,2183,0,24,814,0,1203,0,118,37,29,0,0,0,2143,328,802,197,204,116,2,1,222,0,1937,0,456,6,232,1060,1466,59,64,1279,166
cell_87-BPA-2-IR,0,8,47,27,0,628,2080,493,0,516,5,0,327,0,0,1,924,334,0,631,0,0,0,0,475,2,0,189,20,0,90,1,87,17,0,0,0,0,1456,5,332,0,0,0,3,0,555,816,51,0,309,812,925,167,412,0,429,2252,2825
cell_88-BPA-2-IR,3,1160,244,103,55,665,663,13,0,183,1,20,917,975,0,0,0,445,2,667,621,1,5,17,128,527,0,565,17,0,410,0,33,124,923,0,6,0,754,506,96,7,438,50,0,0,796,0,803,0,148,0,0,251,79,3,163,280,820
cell_89-BPA-2-IR,0,60,19,0,0,195,233,20,0,26,0,8,113,32,0,0,14,109,3,188,59,0,9,0,89,80,0,50,80,0,75,0,43,1,27,0,0,0,82,42,19,0,60,18,0,3,91,26,230,0,30,29,14,100,82,2,46,106,35
cell_9-BPA-2-IR,8,1117,286,7,3,224,2681,2,1,130,3,52,1807,196,0,0,439,0,0,224,1166,0,15,0,24,115,0,116,584,0,27,2,3,0,970,0,0,0,604,1081,880,379,89,133,1,0,765,0,2809,1,47,1,441,207,9,2,452,379,117
cell_90-BPA-2-IR,0,718,306,18,18,897,1968,332,0,242,2,299,5288,431,1,0,139,1758,0,898,1989,0,6,6,388,706,0,698,1395,0,21,0,70,120,11,0,0,0,1410,2177,527,50,1115,78,0,0,927,0,2944,2,630,1,141,2588,401,5,253,1821,237
cell_91-BPA-2-IR,0,2,146,10,0,1280,247,3,0,72,0,0,716,0,0,0,269,446,0,1278,0,0,0,0,51,24,0,0,162,0,158,0,273,61,0,0,0,0,2646,1,376,0,0,0,0,0,781,459,147,0,316,317,269,38,561,0,66,287,304
cell_92-BPA-2-IR,0,2,373,31,0,1849,5199,1021,6,931,3,0,6135,0,0,0,1017,561,0,1850,3,0,0,0,1319,1,6,345,3351,0,1285,0,1288,435,0,6,3,0,2934,0,1411,0,0,0,4,1,256,2146,4519,18,661,854,1016,255,1887,0,564,3547,693
cell_93-BPA-2-IR,0,271,74,56,0,17,452,139,0,29,0,54,524,353,0,0,0,258,0,16,133,0,0,8,76,110,0,61,15,0,5,0,0,0,0,0,0,0,940,702,57,17,21,11,0,0,75,0,1,3,0,0,0,8,661,4,153,3,20
cell_94-BPA-2-IR,1,10,269,68,0,1491,3461,105,0,2333,1,0,5001,0,0,1,2652,942,0,1490,6,1,0,0,868,6,0,867,1552,0,298,19,282,587,0,1,0,0,2103,0,2259,0,0,0,3,0,1081,1962,1080,98,2467,1269,2653,764,190,0,138,3902,331
cell_95-BPA-2-IR,1,852,162,9,15,566,128,105,0,410,1,109,2302,612,0,0,7,76,0,573,1186,0,15,67,0,2050,0,561,1098,0,6,0,81,35,440,0,0,0,2084,315,407,62,830,123,0,3,508,0,395,0,174,0,7,298,287,0,14,1048,75
cell_96-BPA-2-IR,0,48,14,0,1,208,183,27,0,17,0,19,150,38,0,5,12,65,0,207,57,0,9,0,115,117,0,16,54,0,81,0,30,11,9,0,0,1,148,35,25,0,34,7,0,0,99,48,229,0,30,6,12,67,150,1,84,83,62
cell_97-BPA-2-IR,0,21,489,0,0,999,2209,542,0,963,0,0,2758,0,2,0,2197,565,0,988,0,0,0,0,2,0,0,834,4346,0,777,0,162,188,0,6,8,0,2,0,1559,0,0,0,0,0,631,2011,1797,20,372,2343,2194,229,866,0,36,990,1804
cell_98-BPA-2-IR,0,56,15,0,4,124,127,13,7,32,0,7,71,29,0,0,6,61,1,125,51,5,4,0,55,58,0,34,89,0,74,0,14,29,24,0,0,0,51,48,27,0,37,0,0,0,69,20,150,3,29,21,6,42,114,0,33,83,14
cell_99-BPA-2-IR,0,459,164,0,17,239,763,68,0,193,1,107,0,245,0,0,133,376,0,238,1086,0,585,0,509,372,0,65,91,0,5,0,94,0,511,0,0,0,491,396,53,0,47,195,0,0,53,0,2852,12,0,0,136,305,462,1,30,157,143
