,chr20:31387954:C/G,chr12:25398284:C/T,chr20:46279860:GCAGCAA/G,chr17:7576651:T/C,chr17:7578115:T/C,chr15:59322829:A/G,chr1:27099479:G/A,chr20:62303794:G/A,chr3:30713126:T/A,chr17:41246481:T/C,chr9:101908915:G/A,chr12:49434074:C/A,chr12:49440207:C/A,chr19:11096851:A/G,chr10:131506192:C/T,chr19:1220321:T/C,chr14:20818602:C/G,chr3:30686414:A/G,chr1:226578099:T/C,chr16:347257:G/T,chr5:112175240:G/C,chr17:7579472:G/C,chr17:7578231:CA/C,chr13:28883061:G/A,chr1:46521517:G/A,chr13:25052420:T/A,chr20:9520142:G/A,chr20:46279857:GCAGCAGCAA/G,chr19:40741694:C/T,chr15:67457698:A/G,chr15:89858602:T/C,chr2:25457242:C/T,chr11:94170484:TTC/T,chr19:5219803:T/C,chr16:3634746:C/A,chr19:5219829:T/G,chr22:29130300:C/T,chr1:158612236:A/G,chr17:37879588:A/G,chr1:46521559:A/T,chr10:131506283:C/T
0,1,3,1,2,3,2,3,1,3,1,1,1,1,1,1,2,1,3,1,2,1,3,3,3,2,3,1,0,1,3,3,0,1,1,3,1,1,1,1,2,1
1,1,3,1,2,3,1,3,1,3,1,1,1,1,1,1,1,1,3,1,2,1,3,3,3,2,3,1,0,1,1,1,0,1,1,3,1,1,1,1,2,1
2,1,3,1,2,3,1,3,1,3,1,1,1,1,1,1,1,1,3,1,2,1,3,3,3,2,3,1,0,1,1,1,0,3,1,3,1,1,1,1,2,1
3,1,0,1,2,2,1,0,1,2,2,3,3,0,3,2,1,1,1,3,3,1,2,2,2,2,2,1,0,2,1,1,0,1,2,1,2,1,1,2,2,2
4,1,0,1,2,1,1,0,1,1,1,1,1,0,1,1,1,1,1,1,1,1,1,1,1,1,1,1,0,1,2,1,0,1,1,1,1,1,1,1,1,1
5,1,0,1,0,1,1,0,1,1,1,1,1,0,1,1,1,1,1,1,1,1,1,0,1,1,1,1,0,1,1,1,0,1,1,1,1,1,1,1,1,1
6,1,3,1,2,3,1,3,1,3,1,1,1,1,1,1,2,1,3,1,2,1,3,3,3,2,3,1,0,1,1,1,0,1,1,3,1,1,1,1,2,1
7,1,3,1,2,3,1,3,1,1,1,1,1,1,1,1,1,1,1,1,2,1,3,3,3,2,3,1,0,1,1,1,0,1,1,3,1,1,1,1,2,1
8,1,0,1,0,1,1,0,1,1,1,1,1,0,1,1,1,1,1,1,1,1,1,0,1,1,1,1,0,1,1,1,0,1,1,1,1,1,1,1,1,1
