,chr13:25052420:T/A,chr6:80751780:G/A,chr12:49424230:G/A,chr1:27100341:C/T,chr17:56448297:C/T,chr15:59322829:A/G,chr1:11205058:C/T,chr4:55980456:C/T,chr12:25398284:C/T,chr19:5219899:G/A,chr12:49424234:G/A,chr16:347257:G/T,chr2:48028098:A/G,chr20:54959296:G/C,chr16:3634746:C/A,chr1:16474839:AC/A,chr9:21971349:C/G,chr1:158612236:A/G,chr6:7229346:T/C,chr1:11288758:G/A,chr17:41245466:G/A,chr9:8470930:AG/A,chr9:8470974:G/A,chr17:56435453:A/G,chr18:48575152:C/T,chr6:31860118:G/A,chr16:68857289:T/C,chr1:120458924:G/A,chr13:32914437:GT/G,chr3:189604149:T/G,chr13:25052261:C/T,chr4:187538942:T/A,chr15:89858602:T/C,chr8:128752924:C/G,chr6:111628597:C/G,chr6:111628626:C/T,chr2:203384788:T/TC
cell_1-BPA-5-RSX,243,45,0,243,114,7,4,67,0,62,0,1198,0,31,266,18,1,78,149,506,202,491,472,0,0,270,136,30,50,10,244,531,369,0,0,0,0
cell_10-BPA-5-RSX,0,1,0,205,56,87,19,85,0,4,0,152,0,0,286,57,0,4,47,54,28,823,797,57,0,212,107,46,7,101,0,281,154,0,218,217,34
cell_100-BPA-5-RSX,40,33,0,0,0,21,225,112,11,0,0,113,0,54,37,58,1,293,24,34,475,56,55,0,80,0,80,31,14,717,40,219,174,0,450,450,0
cell_101-BPA-5-RSX,23,0,0,78,1,148,35,1,0,29,0,82,0,4,316,81,0,23,0,44,36,18,20,0,0,67,49,12,0,30,23,296,129,4,50,50,0
cell_102-BPA-5-RSX,0,54,13,2,51,613,155,87,438,113,9,835,0,533,852,1096,0,616,150,255,434,322,348,0,777,2,1709,124,10,337,0,2805,383,0,1009,1017,27
cell_103-BPA-5-RSX,0,2,0,50,13,38,120,2,0,31,0,109,0,6,52,58,0,26,46,73,48,120,121,0,49,22,10,13,13,41,0,213,29,0,8,8,0
cell_104-BPA-5-RSX,135,165,0,502,113,51,37,731,0,41,0,432,0,61,323,432,1,24,0,372,31,582,578,0,0,346,507,317,0,2960,135,467,170,0,549,546,0
cell_105-BPA-5-RSX,0,22,0,62,0,111,40,59,0,190,0,155,0,40,555,89,1,0,4,150,515,158,158,0,0,46,931,44,14,194,0,487,88,0,41,41,4
cell_106-BPA-5-RSX,104,7,0,0,4,21,14,36,48,0,0,57,0,28,142,55,12,3,6,98,6,97,98,0,13,0,10,10,0,18,104,103,0,0,299,297,1
cell_107-BPA-5-RSX,19,55,0,303,0,385,52,481,0,15,0,622,0,0,175,208,0,0,47,247,88,402,397,0,0,5,55,0,391,10,19,3,40,0,28,28,11
cell_108-BPA-5-RSX,216,84,0,413,52,152,215,64,0,2,0,313,6,566,429,28,0,8,94,28,21,132,118,0,0,184,138,126,20,88,220,264,35,0,225,226,3
cell_109-BPA-5-RSX,15,135,0,271,10,154,36,62,0,17,0,1,0,2,226,81,0,2,26,144,32,101,97,0,1,192,203,26,0,195,15,137,67,0,156,156,7
cell_11-BPA-5-RSX,42,8,0,48,16,87,3,0,0,65,0,72,0,118,287,333,0,12,22,138,47,366,367,0,1,285,555,21,10,395,132,0,483,0,32,32,0
cell_110-BPA-5-RSX,122,58,0,1866,91,208,45,62,0,3,0,0,0,120,83,169,1,127,17,127,284,561,554,0,0,704,21,2,0,21,142,254,454,0,518,518,3
cell_111-BPA-5-RSX,461,138,0,226,0,10,91,15,0,0,0,289,0,0,1946,549,0,166,74,195,88,385,373,0,0,83,21,0,62,450,462,75,18,0,182,182,2
cell_112-BPA-5-RSX,270,258,1,752,158,854,7,307,152,28,0,245,0,106,227,196,1,78,250,381,131,716,729,0,27,80,588,64,198,566,273,15,206,0,417,418,10
cell_113-BPA-5-RSX,6,250,0,1,0,248,34,126,32,10,3,17,0,609,70,78,9,91,47,115,289,67,67,0,17,0,483,131,0,146,6,263,137,0,379,379,7
cell_114-BPA-5-RSX,102,168,0,0,12,146,25,68,11,12,0,212,0,131,157,32,0,34,112,137,310,327,321,0,146,0,249,49,0,605,107,380,129,0,507,507,12
cell_115-BPA-5-RSX,0,5,0,513,22,13,0,74,0,0,0,24,0,74,135,30,0,1,68,16,188,435,409,0,0,179,950,12,2,3,0,51,8,0,96,96,2
cell_116-BPA-5-RSX,21,1,0,7,21,400,367,0,0,18,0,400,0,105,990,36,1,16,22,299,224,83,80,0,0,210,131,77,53,228,21,556,170,0,1033,1034,37
cell_117-BPA-5-RSX,9,28,0,81,0,7,11,21,0,1,0,37,0,102,41,0,0,0,19,7,10,65,62,0,0,12,18,30,50,0,9,54,100,0,87,88,0
cell_118-BPA-5-RSX,4,88,4,398,4,15,138,79,0,31,0,226,4,249,474,8,0,32,131,76,41,237,229,0,0,15,322,273,21,52,4,310,223,0,391,391,4
cell_119-BPA-5-RSX,30,37,0,384,28,136,6,11,0,35,0,114,0,0,306,0,2,14,0,0,43,0,0,0,0,43,138,0,0,48,30,147,61,0,156,158,9
cell_12-BPA-5-RSX,9,76,0,614,7,42,33,16,0,101,0,364,0,25,97,16,0,13,67,23,54,130,128,0,0,176,29,16,35,114,9,91,21,0,210,208,0
cell_120-BPA-5-RSX,374,18,0,21,41,188,668,135,0,82,0,222,0,17,4,360,0,16,13,496,186,150,150,0,0,54,415,20,78,176,375,1456,334,0,2474,2477,0
cell_121-BPA-5-RSX,0,42,0,747,77,110,84,0,0,0,0,0,0,135,0,299,0,33,187,632,121,3,3,0,0,1261,529,17,0,0,1,1381,59,0,0,0,0
cell_122-BPA-5-RSX,12,20,0,0,1,313,18,2,2,0,0,513,0,93,69,10,0,63,10,104,140,123,121,0,37,0,139,47,5,74,12,46,33,0,93,92,2
cell_123-BPA-5-RSX,139,18,0,823,2,825,265,82,0,72,0,378,0,168,908,75,1,44,55,99,305,0,4,0,0,28,129,203,0,57,140,128,107,6,868,867,0
cell_124-BPA-5-RSX,344,28,0,0,144,536,85,15,195,116,12,771,0,193,961,381,0,278,85,709,544,722,720,0,546,0,551,294,242,1525,345,1043,431,3,438,437,7
cell_125-BPA-5-RSX,72,36,0,0,0,271,0,36,0,0,0,827,0,14,619,0,0,0,26,1,32,0,0,0,11,247,42,1,0,105,71,38,26,0,22,25,0
cell_126-BPA-5-RSX,109,833,0,38,20,1498,0,0,0,0,0,109,0,128,333,0,2,42,1,76,262,51,51,0,0,45,12,47,0,135,109,258,313,0,1421,1414,0
cell_127-BPA-5-RSX,89,183,0,256,29,729,19,18,0,4,0,962,0,48,114,8,2,0,32,149,49,397,381,0,1,1,0,1,32,445,110,54,307,0,248,248,0
cell_128-BPA-5-RSX,3,29,0,1522,1,354,333,38,0,0,2,1039,0,132,374,23,1,37,150,140,142,30,30,0,0,62,683,10,10,27,3,636,138,0,822,821,0
cell_129-BPA-5-RSX,12,84,0,2,81,0,145,0,0,472,0,138,0,0,464,286,0,0,0,132,48,59,58,0,1,161,220,198,0,504,12,391,1,0,0,0,0
cell_13-BPA-5-RSX,65,112,0,0,58,339,111,91,18,91,0,82,0,258,242,222,1,153,14,217,133,84,82,0,43,0,96,27,155,64,65,66,299,0,91,91,0
cell_130-BPA-5-RSX,0,24,0,85,31,282,26,0,0,6,0,486,2,10,81,6,0,5,47,35,274,0,4,0,0,35,75,0,3,195,0,2,39,0,63,65,0
cell_131-BPA-5-RSX,226,0,0,168,159,3,47,273,0,359,0,175,0,165,182,163,0,59,6,76,520,394,395,0,0,28,898,343,30,94,225,48,345,0,253,252,0
cell_132-BPA-5-RSX,0,168,0,1200,6,25,0,74,0,10,0,158,0,5,548,11,1,60,75,29,277,0,0,0,0,527,115,0,0,1301,0,10,123,0,51,51,9
cell_133-BPA-5-RSX,55,70,0,897,126,55,17,122,36,142,0,39,1,382,2128,358,0,166,70,1581,348,2630,2580,0,1515,369,690,569,106,2715,61,1280,216,1,2936,2949,160
cell_134-BPA-5-RSX,21,33,0,0,37,222,58,148,43,9,0,109,0,40,242,47,0,72,27,25,117,16,16,0,36,34,86,51,0,69,21,109,43,0,189,189,11
cell_135-BPA-5-RSX,19,8,0,124,13,110,84,60,0,38,0,91,0,44,218,27,2,11,10,193,160,71,43,0,0,295,241,165,50,218,19,336,152,0,120,120,30
cell_136-BPA-5-RSX,73,493,0,173,73,415,274,0,0,0,0,57,0,86,226,392,0,3,53,1002,478,867,829,0,0,840,218,0,47,253,76,490,156,0,65,65,6
cell_137-BPA-5-RSX,10,0,0,537,125,232,16,36,0,75,3,316,0,3,828,119,1,1,30,236,284,75,73,0,0,28,94,21,17,1227,10,138,26,0,580,581,3
cell_138-BPA-5-RSX,306,25,5,326,6,26,0,92,58,2,0,26,0,26,336,214,0,76,18,1,517,691,670,0,60,41,173,82,216,454,308,290,293,0,430,430,0
cell_139-BPA-5-RSX,0,0,0,487,48,468,23,51,0,197,0,0,0,0,573,247,0,2,11,116,26,204,203,0,0,755,134,27,3,84,0,96,154,0,124,124,0
cell_14-BPA-5-RSX,10,216,0,1223,99,285,14,135,0,0,5,205,0,906,0,398,0,0,123,34,72,508,507,0,0,127,40,26,0,450,10,519,332,0,0,0,0
cell_140-BPA-5-RSX,62,40,0,617,52,6,0,42,0,141,0,35,0,20,331,41,0,4,1,43,80,383,386,0,0,177,185,69,50,166,62,103,8,0,102,102,5
cell_141-BPA-5-RSX,92,8,0,332,18,291,28,9,0,7,0,44,0,116,143,17,0,1,139,117,390,0,0,0,0,7,29,37,0,440,93,122,36,0,110,110,0
cell_142-BPA-5-RSX,21,5,0,531,0,316,35,520,0,45,0,9,0,8,631,35,3,57,41,371,316,552,558,0,0,217,245,8,0,125,36,436,232,0,368,368,45
cell_143-BPA-5-RSX,154,49,0,300,147,43,128,46,1,0,0,2,1,175,692,19,0,45,93,24,123,962,942,0,0,666,159,39,50,29,154,245,27,0,85,85,0
cell_144-BPA-5-RSX,14,8,0,66,17,50,59,25,5,0,0,27,0,28,64,11,0,50,8,48,108,44,43,0,30,77,32,24,45,95,14,75,34,0,40,40,2
cell_145-BPA-5-RSX,240,136,0,14,70,335,26,75,67,45,2,36,0,191,440,121,2,109,98,247,409,496,491,0,61,129,199,178,133,56,244,357,150,0,671,669,19
cell_146-BPA-5-RSX,4,0,0,1008,18,21,9,1,101,2,0,20,0,29,13,0,0,13,64,66,42,326,312,0,0,126,445,0,0,0,4,97,0,0,423,423,0
cell_147-BPA-5-RSX,15,177,0,410,288,824,259,476,0,38,3,306,0,43,109,79,1,59,94,504,238,138,139,0,0,297,507,10,0,184,16,286,60,0,545,547,32
cell_148-BPA-5-RSX,33,9,0,0,1,61,0,4,6,3,0,250,0,196,197,205,2,53,225,208,509,0,0,0,30,0,406,3,22,1,33,348,4,2,303,302,0
cell_149-BPA-5-RSX,0,299,4,921,65,58,0,0,0,0,0,0,0,22,891,0,0,0,31,109,0,147,149,0,0,24,0,5,8,145,0,0,29,0,0,0,3
cell_15-BPA-5-RSX,163,102,0,65,61,508,0,0,0,0,0,0,0,2,103,6,1,6,0,574,173,0,0,0,0,230,0,39,0,24,163,23,184,0,500,502,0
cell_150-BPA-5-RSX,79,144,0,929,404,66,204,4,0,103,1,588,0,2182,724,181,1,295,0,400,221,157,156,0,0,2019,170,50,64,57,79,1606,1,3,2214,2225,1
cell_151-BPA-5-RSX,42,5,0,353,5,146,13,102,0,0,0,149,0,42,246,14,0,11,22,97,142,20,20,0,0,36,0,6,0,286,42,22,53,0,103,103,4
cell_152-BPA-5-RSX,19,4,0,659,0,37,0,7,0,0,1,35,0,22,55,0,0,0,54,91,36,126,125,0,0,64,62,70,88,106,19,68,12,0,10,10,0
cell_153-BPA-5-RSX,97,195,0,237,13,62,583,26,48,180,1,245,0,51,552,60,2,53,37,149,162,64,64,0,0,260,279,148,15,0,188,328,5,0,733,742,4
cell_154-BPA-5-RSX,47,30,0,732,83,211,0,50,0,20,0,15,0,151,377,60,7,28,17,509,343,163,152,0,0,135,6,116,35,0,47,773,21,0,90,90,2
cell_155-BPA-5-RSX,79,122,0,48,96,219,0,2,0,31,0,5,0,0,5,29,0,0,102,76,89,0,0,0,0,0,0,56,0,64,79,0,13,3,0,0,0
cell_156-BPA-5-RSX,10,66,0,1596,75,1684,198,487,0,9,0,5,1,0,647,14,4,24,24,365,359,581,581,0,1,620,149,142,22,1579,10,190,217,0,533,530,0
cell_157-BPA-5-RSX,466,266,0,0,194,35,55,8,118,40,0,828,0,56,1329,121,1,221,63,1320,883,0,0,0,405,1,639,240,29,906,467,1470,744,0,180,180,73
cell_158-BPA-5-RSX,35,244,0,779,45,127,104,24,0,130,0,497,0,243,361,379,7,70,15,742,478,473,454,0,1,436,801,134,61,253,36,639,99,0,268,267,12
cell_159-BPA-5-RSX,174,0,15,171,105,37,9,105,0,2,0,271,0,240,1220,71,1,75,125,95,22,704,686,0,0,12,136,136,25,606,174,148,111,0,246,246,0
cell_16-BPA-5-RSX,260,3,0,162,70,181,132,20,0,3,0,330,0,235,1011,3,0,0,11,168,333,747,740,0,0,0,79,105,111,1,265,160,155,0,318,311,17
cell_160-BPA-5-RSX,140,494,0,93,6,0,195,51,0,0,0,25,0,193,1054,0,0,23,302,498,284,493,478,0,0,221,643,139,0,866,141,96,0,0,481,487,0
cell_161-BPA-5-RSX,18,5,0,151,2,252,62,13,5,6,0,178,0,21,18,38,0,20,56,17,84,49,53,0,68,43,9,20,0,1,47,133,2,0,295,295,4
cell_162-BPA-5-RSX,49,193,0,150,29,27,1,231,0,5,0,250,0,0,55,8,0,17,142,38,70,72,72,0,1,3,155,227,21,297,49,25,104,0,438,439,35
cell_163-BPA-5-RSX,48,5,0,224,19,185,0,12,0,0,0,5,0,0,111,27,0,10,5,90,166,188,180,0,0,56,89,0,30,92,48,43,26,0,49,46,0
cell_164-BPA-5-RSX,20,34,0,204,5,103,141,0,0,26,0,0,0,168,0,113,1,102,33,49,335,50,50,0,1,584,381,62,0,31,20,462,28,0,214,214,6
cell_165-BPA-5-RSX,31,45,3,1,52,19,18,2,9,0,0,12,0,87,538,56,0,202,5,68,359,0,0,0,562,1,226,28,0,3,31,945,213,0,24,24,0
cell_166-BPA-5-RSX,48,0,0,39,0,48,0,7,0,0,16,28,0,0,72,0,0,0,51,5,12,0,0,0,0,208,0,140,31,33,48,0,82,0,86,86,2
cell_167-BPA-5-RSX,59,0,0,241,6,43,3,39,0,25,0,76,0,16,170,26,5,18,39,34,92,70,71,0,0,167,16,38,45,9,65,58,34,0,33,33,6
cell_168-BPA-5-RSX,0,292,0,536,28,898,482,833,0,78,0,0,1,236,48,43,0,0,0,420,715,0,0,0,1,336,0,84,107,195,0,1246,83,0,1749,1751,35
cell_169-BPA-5-RSX,323,46,0,89,411,35,14,1,0,0,0,242,0,0,843,0,0,0,19,264,581,291,291,0,0,51,299,53,6,127,323,186,77,0,0,0,0
cell_17-BPA-5-RSX,226,0,0,0,0,0,40,100,0,0,0,236,0,28,442,94,2,0,233,35,98,595,595,0,0,375,137,118,33,12,226,64,200,0,0,0,0
cell_170-BPA-5-RSX,7,11,0,32,1,171,229,2,39,0,0,154,0,51,927,50,0,120,146,88,192,575,566,0,138,13,8,38,31,85,7,838,84,0,875,882,41
cell_171-BPA-5-RSX,9,19,0,55,21,86,3,25,0,10,0,52,0,52,111,19,19,28,19,35,93,41,40,0,17,24,25,14,0,61,44,71,12,0,84,84,0
cell_172-BPA-5-RSX,0,157,0,283,0,1301,169,61,0,116,3,1275,0,117,126,0,2,343,94,720,338,1226,1215,0,12,1009,2338,42,0,16,0,0,21,0,0,0,0
cell_173-BPA-5-RSX,9,11,0,0,17,14,71,14,31,3,0,63,0,33,68,22,0,119,15,83,113,155,154,0,89,0,42,65,8,106,9,30,69,0,200,199,8
cell_174-BPA-5-RSX,5,20,0,0,11,111,12,67,0,13,8,231,0,126,60,5,1,0,5,3,52,99,99,0,0,0,0,91,0,221,5,93,34,0,57,57,0
cell_175-BPA-5-RSX,31,6,0,231,25,395,6,47,0,7,0,9,0,22,188,71,0,13,15,176,68,109,109,0,0,39,117,19,4,69,31,120,55,0,70,70,2
cell_176-BPA-5-RSX,67,23,0,7,0,109,24,30,0,0,0,15,0,12,31,100,0,24,0,0,45,33,33,0,0,10,3,25,0,89,67,333,44,0,58,57,4
cell_177-BPA-5-RSX,53,10,0,167,3,223,79,57,48,4,0,32,0,104,282,151,0,35,28,259,70,123,123,0,18,206,29,95,27,567,50,91,118,0,76,76,5
cell_178-BPA-5-RSX,95,20,0,460,0,46,61,31,0,0,6,67,0,0,102,7,0,49,0,0,92,23,23,0,0,21,0,20,122,342,95,0,0,0,36,36,11
cell_179-BPA-5-RSX,28,28,0,198,3,229,35,3,0,23,0,13,0,0,76,0,0,3,7,63,76,0,0,0,0,18,19,22,23,94,28,69,63,0,200,200,2
cell_18-BPA-5-RSX,194,0,3,1055,70,638,106,96,0,33,4,175,0,127,0,48,3,60,14,70,592,123,124,0,0,206,19,15,0,1690,203,727,146,1,219,223,0
cell_180-BPA-5-RSX,256,0,0,101,41,138,113,732,0,3,0,1061,0,1246,185,211,1,165,93,262,755,1298,1288,0,0,1273,163,121,67,0,257,142,403,0,670,671,10
cell_181-BPA-5-RSX,3,0,0,0,43,200,86,0,20,98,2,35,0,15,146,4,1,31,33,91,12,60,62,0,57,0,78,5,20,134,3,535,5,0,11,11,6
cell_182-BPA-5-RSX,100,10,0,17,4,259,143,98,8,12,3,325,1,645,549,78,7,51,56,356,284,142,134,0,300,0,63,45,97,49,103,223,139,0,410,410,0
cell_183-BPA-5-RSX,5,57,0,1,89,434,37,3,45,145,0,38,10,219,202,3,0,153,0,313,438,125,64,0,524,0,623,46,19,328,5,46,0,1,254,257,0
cell_184-BPA-5-RSX,152,18,0,242,12,67,13,45,0,3,0,41,0,8,354,17,9,164,37,208,87,114,98,0,4,230,306,9,0,31,153,247,207,0,100,100,0
cell_185-BPA-5-RSX,55,11,0,140,31,80,70,45,8,5,0,197,0,31,158,72,0,70,3,55,90,210,212,0,50,27,32,33,16,111,55,19,43,0,52,53,0
cell_186-BPA-5-RSX,64,22,0,51,1,200,96,25,0,32,0,0,0,143,135,36,6,0,7,13,264,116,127,0,0,395,112,17,81,0,64,222,195,0,342,342,5
cell_187-BPA-5-RSX,50,35,0,1208,7,81,0,5,0,16,0,117,0,9,678,30,1,5,21,385,489,39,39,0,0,204,36,0,0,1372,50,362,7,0,926,926,4
cell_188-BPA-5-RSX,715,117,0,2,117,394,365,356,53,345,0,47,0,2220,2539,185,0,437,71,851,1002,995,993,0,193,1,609,98,30,1085,712,2087,602,0,940,941,24
cell_189-BPA-5-RSX,69,39,0,145,2,11,23,156,0,12,0,14,0,0,230,17,0,7,37,54,72,110,110,0,0,79,13,10,0,23,75,168,51,0,38,38,0
cell_19-BPA-5-RSX,701,50,0,622,92,673,396,3,0,178,0,265,0,916,313,333,0,5,90,209,364,961,949,0,1,206,240,235,47,68,701,1165,84,0,621,624,2
cell_190-BPA-5-RSX,228,82,0,0,119,130,2,6,37,65,6,482,0,278,676,93,4,153,42,211,385,191,192,0,147,0,71,270,112,70,228,466,183,2,82,76,2
cell_191-BPA-5-RSX,63,23,0,0,12,15,0,145,108,25,0,104,0,78,236,117,1,44,72,15,137,0,0,0,219,0,116,279,31,2,63,381,110,0,127,127,0
cell_192-BPA-5-RSX,475,80,0,0,21,822,88,10,85,147,0,903,0,174,808,879,3,287,169,1047,470,2351,2349,0,301,3,217,83,0,868,480,556,512,0,411,411,5
cell_193-BPA-5-RSX,89,12,0,695,43,1212,87,78,0,42,0,37,0,86,59,216,4,0,68,331,256,29,29,0,1,87,1,129,0,346,89,16,0,0,163,163,0
cell_194-BPA-5-RSX,118,146,0,3,4,945,167,73,2,163,3,1366,0,0,337,348,0,120,61,830,382,0,0,0,304,0,170,49,82,142,119,830,68,5,1619,1620,56
cell_195-BPA-5-RSX,185,11,0,650,19,67,252,12,0,69,5,897,0,0,1045,789,0,111,35,143,1,405,408,0,0,163,344,180,101,36,185,469,228,0,1117,1120,17
cell_196-BPA-5-RSX,157,0,0,119,8,617,11,24,0,0,6,228,0,7,613,230,18,3,163,62,232,0,0,0,0,418,182,12,0,0,160,273,44,0,27,27,0
cell_197-BPA-5-RSX,1742,889,0,4,343,2165,1013,589,1011,749,8,273,0,1809,3326,356,0,334,342,1001,1342,0,0,0,413,1,1102,164,89,1782,1765,3628,1594,4,1726,1728,31
cell_198-BPA-5-RSX,134,417,0,384,54,99,25,197,0,12,5,903,0,21,873,496,2,41,145,1017,537,283,280,0,8,1236,633,0,50,63,134,167,153,0,774,772,55
cell_199-BPA-5-RSX,160,8,0,439,2,12,62,0,0,0,0,19,0,0,500,104,2,134,31,147,125,380,379,0,0,92,62,6,16,16,166,420,149,0,261,261,10
cell_2-BPA-5-RSX,18,420,0,920,40,133,213,200,0,327,11,319,0,167,2133,199,1,34,0,17,780,1143,1183,0,0,370,553,0,8,659,18,1875,90,0,899,890,8
cell_20-BPA-5-RSX,26,4,0,451,21,47,33,42,8,13,0,84,0,44,22,8,17,17,26,2,128,64,67,0,0,12,45,0,0,94,26,87,28,0,77,75,11
cell_200-BPA-5-RSX,0,0,0,1073,18,27,0,52,0,26,0,267,0,153,1149,0,0,0,0,0,139,348,316,0,0,755,214,0,74,228,0,0,263,5,427,426,16
cell_201-BPA-5-RSX,67,44,0,406,15,395,143,255,0,83,0,281,0,12,433,141,2,24,106,135,443,190,180,0,0,22,251,3,0,631,71,73,129,0,205,235,0
cell_202-BPA-5-RSX,132,0,0,0,2,67,21,3,0,0,0,34,0,0,148,0,0,144,18,19,231,0,0,0,0,261,6,0,62,6,134,36,246,0,214,214,0
cell_203-BPA-5-RSX,8,45,0,166,3,97,41,89,28,3,0,61,0,51,136,6,1,30,39,30,139,192,199,0,19,1,170,32,224,82,8,220,132,0,53,53,20
cell_204-BPA-5-RSX,0,0,0,318,17,16,31,40,0,24,0,496,0,202,545,106,0,4,8,76,322,0,5,0,1,79,13,12,116,517,0,193,62,0,82,82,18
cell_205-BPA-5-RSX,8,18,0,272,72,22,146,99,16,8,0,108,1,283,348,115,0,148,27,186,288,148,147,0,5,281,168,29,103,221,8,489,14,0,220,222,7
cell_206-BPA-5-RSX,102,53,0,156,39,125,10,0,0,3,0,162,0,6,166,87,0,9,13,0,243,190,190,0,0,104,58,39,99,49,102,172,84,0,140,140,2
cell_207-BPA-5-RSX,521,0,6,405,13,0,2,0,0,232,9,338,0,223,852,98,0,39,56,159,47,235,222,0,0,142,33,6,51,10,512,650,618,2,131,131,0
cell_208-BPA-5-RSX,33,72,0,1,7,321,18,244,56,15,0,140,0,302,439,119,1,67,122,165,130,360,362,4,192,0,112,59,0,342,35,631,43,3,310,309,3
cell_209-BPA-5-RSX,468,214,0,0,25,177,40,903,199,153,0,8,0,6,152,29,0,361,250,497,199,417,397,0,388,0,592,0,41,61,473,2658,379,0,117,117,20
cell_21-BPA-5-RSX,59,45,0,849,201,108,22,37,0,268,0,334,0,19,39,36,2,4,19,13,0,483,504,1,0,509,0,41,4,464,60,87,124,0,130,130,23
cell_210-BPA-5-RSX,53,23,0,139,29,79,15,118,0,39,2,0,0,0,45,157,0,0,3,401,55,35,35,0,0,187,15,4,5,105,53,67,49,0,45,45,0
cell_211-BPA-5-RSX,227,81,0,1118,187,272,155,287,0,340,0,49,0,0,596,683,1,0,30,1117,325,635,631,0,0,953,113,78,0,2159,228,429,365,0,1111,1107,0
cell_212-BPA-5-RSX,41,84,0,0,3,115,20,18,21,20,1,2,0,64,154,72,0,0,7,153,234,0,0,1,167,0,83,130,0,532,41,131,231,0,257,257,6
cell_213-BPA-5-RSX,13,57,0,225,76,269,10,64,0,217,0,41,0,137,490,389,0,49,24,123,86,96,95,0,0,267,62,39,0,531,13,235,357,0,1893,1896,8
cell_214-BPA-5-RSX,39,5,0,889,1,10,0,0,0,0,0,56,0,41,112,4,3,38,0,46,0,54,53,0,0,158,41,15,0,0,39,83,88,0,102,102,5
cell_215-BPA-5-RSX,586,80,0,41,29,877,117,63,0,129,2,826,0,57,292,299,2,3,0,461,959,54,46,0,1,149,153,128,50,262,556,50,70,0,754,754,15
cell_216-BPA-5-RSX,309,94,0,0,198,485,126,624,268,52,0,454,0,12,689,487,0,412,22,156,533,602,591,0,772,6,46,9,38,2021,314,438,566,0,1273,1273,7
cell_217-BPA-5-RSX,23,10,0,148,0,288,22,20,0,75,0,88,0,75,359,99,0,145,10,33,173,45,46,0,0,214,0,55,73,3,23,200,0,6,137,136,4
cell_218-BPA-5-RSX,13,6,0,223,26,263,159,10,0,7,4,0,0,2,898,133,0,71,152,135,92,0,8,0,0,28,484,10,21,16,13,63,55,0,215,215,0
cell_219-BPA-5-RSX,60,75,0,96,70,81,10,171,0,95,0,99,0,566,155,31,2,14,84,95,118,0,0,0,0,440,434,10,0,31,60,134,122,7,198,198,2
cell_22-BPA-5-RSX,444,8,0,633,29,1447,84,6,0,68,0,36,0,11,897,23,0,1,11,11,75,249,240,0,0,205,35,82,2,2,444,0,96,0,225,225,0
cell_220-BPA-5-RSX,0,69,0,0,5,153,4,128,0,14,0,16,0,23,27,170,1,1,0,27,206,403,402,0,13,0,203,11,22,323,0,2,41,0,401,400,0
cell_221-BPA-5-RSX,108,11,0,1,35,248,29,88,33,65,0,20,0,104,288,172,1,20,95,210,219,381,374,0,256,2,88,61,19,151,105,174,219,1,349,353,5
cell_222-BPA-5-RSX,19,0,0,89,16,216,20,0,0,67,2,11,0,8,796,0,0,63,30,49,304,239,241,0,0,223,91,12,15,324,19,118,285,0,738,740,0
cell_223-BPA-5-RSX,40,67,0,655,0,3,42,7,0,71,0,192,1,574,585,56,0,133,0,107,33,32,32,0,0,250,0,116,0,2354,40,326,78,0,201,200,0
cell_224-BPA-5-RSX,116,14,0,0,8,175,22,11,0,0,0,1190,0,0,37,0,0,0,64,113,0,0,9,0,6,0,101,0,36,5,119,1104,505,0,428,428,14
cell_225-BPA-5-RSX,51,13,0,1,3,193,0,46,0,5,0,5,1,45,313,9,1,42,0,58,142,0,0,0,78,0,139,20,3,286,51,181,72,0,26,26,0
cell_226-BPA-5-RSX,36,16,0,116,6,6,0,13,0,0,0,19,0,184,588,13,0,39,69,51,296,168,175,0,8,36,133,0,0,123,37,229,32,0,232,228,0
cell_227-BPA-5-RSX,104,1165,0,1039,26,892,0,247,0,94,1,66,0,0,2997,571,0,163,181,529,312,365,26,0,1,63,350,356,12,827,104,538,457,5,283,289,35
cell_228-BPA-5-RSX,152,95,0,338,101,154,2,57,5,28,1,303,0,137,658,350,3,188,32,192,180,223,214,0,22,196,149,159,127,79,157,141,446,0,576,582,41
cell_229-BPA-5-RSX,217,137,0,86,107,311,15,91,0,13,0,243,0,390,123,22,3,14,38,196,336,195,192,0,1,53,5,68,0,88,216,406,16,0,553,550,2
cell_23-BPA-5-RSX,11,4,0,228,14,0,296,1,0,16,0,45,0,26,171,86,0,7,82,142,4,0,3,0,1,0,10,0,27,1270,11,74,26,0,470,594,0
cell_230-BPA-5-RSX,117,172,0,166,45,196,18,63,4,40,3,98,2,197,255,102,0,84,25,188,261,333,327,0,61,10,57,36,33,267,119,310,87,0,167,167,21
cell_231-BPA-5-RSX,106,247,0,121,181,0,3,0,0,101,0,0,0,8,17,271,1,2,69,116,2,290,288,0,0,48,354,117,0,267,106,29,0,0,161,161,2
cell_232-BPA-5-RSX,41,179,0,362,74,168,63,156,11,97,0,275,0,68,603,47,3,76,44,266,279,400,398,0,103,29,55,98,54,49,41,486,161,4,342,345,8
cell_233-BPA-5-RSX,186,23,0,40,27,18,12,0,0,16,0,363,0,900,776,0,0,0,120,702,42,29,29,0,0,148,215,84,77,52,178,1046,209,0,18,18,15
cell_234-BPA-5-RSX,33,27,0,741,35,463,140,10,0,35,1,1125,0,19,893,321,2,240,42,563,478,2132,2139,0,0,70,101,102,96,597,34,2057,451,0,85,85,19
cell_235-BPA-5-RSX,26,94,0,863,26,85,35,14,0,0,1,0,14,55,464,59,1,13,148,32,348,214,218,0,0,0,173,19,0,1,26,95,51,0,81,81,0
cell_236-BPA-5-RSX,869,9,0,0,635,1747,804,49,489,1613,0,2,0,1141,1455,673,0,551,202,902,724,1490,1480,0,1165,0,1216,484,148,1836,877,462,1720,0,702,696,215
cell_237-BPA-5-RSX,18,18,0,1,38,180,6,308,24,1,106,74,0,134,334,5,1,16,41,52,56,41,40,0,234,1,65,1,0,681,18,189,70,0,144,140,3
cell_238-BPA-5-RSX,15,70,0,540,12,0,59,38,0,129,1,147,0,420,1155,153,0,81,20,221,468,1190,1179,0,0,323,90,41,30,36,15,305,57,0,597,598,5
cell_239-BPA-5-RSX,170,8,0,571,18,1,12,30,0,0,0,766,0,9,48,3,0,0,5,0,33,45,45,0,0,87,79,9,6,1325,170,0,88,0,321,321,3
cell_24-BPA-5-RSX,129,8,0,398,49,6,30,0,0,170,6,44,3,4,11,115,1,0,78,98,597,1279,1202,0,0,510,767,79,18,22,135,282,148,3,444,444,11
cell_240-BPA-5-RSX,2,4,0,2,17,313,80,3,11,210,0,166,0,754,648,40,0,106,25,415,18,0,0,0,45,1,125,30,41,19,2,463,253,1,331,330,0
cell_241-BPA-5-RSX,80,100,0,758,0,495,14,254,0,21,0,386,0,141,288,147,5,7,13,9,80,491,483,0,0,376,97,65,5,336,80,93,14,0,536,535,0
cell_242-BPA-5-RSX,150,5,0,1,19,78,57,2,68,0,0,109,0,165,515,7,1,67,11,7,122,180,180,0,88,5,111,28,6,412,150,322,121,0,165,165,0
cell_243-BPA-5-RSX,276,100,0,0,12,249,53,6,97,9,0,1244,0,316,246,245,0,230,82,139,142,0,0,0,238,2,239,30,87,2257,282,635,218,0,568,568,2
cell_244-BPA-5-RSX,1289,310,0,0,56,681,220,273,113,0,0,215,0,381,107,14,1,11,114,532,956,589,588,0,680,4,675,120,8,6,1303,1792,1015,0,0,0,0
cell_245-BPA-5-RSX,10,25,0,0,19,89,36,164,35,37,0,80,0,131,69,152,4,37,82,57,32,189,186,0,131,0,115,67,0,4,10,182,11,0,73,73,16
cell_246-BPA-5-RSX,343,247,0,339,0,259,0,623,0,62,0,496,1,72,1326,533,5,0,19,306,261,1634,1613,0,0,229,1382,51,0,527,338,163,314,0,203,203,112
cell_247-BPA-5-RSX,0,206,0,196,24,116,102,6,0,71,0,28,0,0,405,111,2,193,12,79,77,153,150,0,0,208,143,108,6,0,0,440,20,0,204,205,12
cell_248-BPA-5-RSX,224,8,0,2,153,0,546,245,28,247,0,0,0,527,1034,85,7,0,90,261,568,0,0,0,0,1,30,71,22,0,224,248,960,0,43,43,0
cell_249-BPA-5-RSX,697,187,0,10,104,2921,219,244,63,214,6,1620,0,522,1305,554,0,106,182,329,793,215,212,0,547,4,421,222,266,26,698,720,674,0,1787,1785,66
cell_25-BPA-5-RSX,38,351,0,218,11,331,282,92,0,14,0,1168,0,5,1470,67,0,220,76,52,110,172,170,0,0,241,493,39,86,805,40,836,178,0,349,349,7
cell_250-BPA-5-RSX,28,8,0,1,19,22,22,1,0,41,0,86,0,13,119,35,0,19,8,48,34,90,92,0,55,1,2,58,0,76,28,96,87,0,102,102,2
cell_251-BPA-5-RSX,56,0,0,181,73,118,67,5,0,0,0,185,0,0,223,0,0,42,21,9,107,71,66,0,0,312,14,27,4,130,57,572,64,0,285,284,0
cell_252-BPA-5-RSX,17,122,0,1,41,92,12,0,67,94,4,327,5,15,546,678,6,0,62,143,255,191,199,0,847,1,42,47,0,157,17,1671,122,0,0,0,7
cell_253-BPA-5-RSX,8,105,0,266,294,78,0,0,0,81,0,347,0,0,969,583,0,5,0,0,189,144,136,0,0,720,67,6,10,4,8,0,731,0,0,0,0
cell_254-BPA-5-RSX,36,31,0,4,29,107,43,118,11,21,0,25,0,39,220,63,0,255,30,131,380,164,165,0,129,0,37,134,4,82,36,241,85,0,203,200,0
cell_255-BPA-5-RSX,63,85,0,0,4,169,75,2,55,21,0,93,0,366,363,103,0,82,8,165,177,331,333,0,243,0,254,35,4,0,63,441,199,0,307,312,4
cell_256-BPA-5-RSX,132,71,5,780,397,700,578,7,0,578,0,753,0,106,537,165,0,19,12,40,944,1021,998,0,8,634,1641,0,225,1430,135,461,824,0,710,709,81
cell_257-BPA-5-RSX,11,73,0,80,35,76,0,108,85,55,0,161,4,0,250,139,0,43,9,222,175,363,335,0,11,4,198,34,38,34,11,168,66,0,139,140,3
cell_258-BPA-5-RSX,12,4,0,265,16,12,56,17,0,62,0,269,0,145,180,24,0,32,54,65,295,257,253,0,0,125,153,76,31,9,12,269,21,0,173,173,6
cell_259-BPA-5-RSX,61,2,0,0,96,326,57,1,28,138,0,31,0,120,361,104,0,126,52,387,110,30,30,0,276,1,217,41,33,532,61,210,25,0,271,269,3
cell_26-BPA-5-RSX,16,8,0,631,6,32,10,3,0,35,0,133,0,15,51,5,2,54,31,141,128,157,159,0,0,158,280,21,52,286,16,70,37,0,43,43,11
cell_260-BPA-5-RSX,513,105,0,1,11,1484,822,0,0,4,0,68,0,178,81,645,0,313,137,264,153,161,159,0,2,685,157,98,80,315,506,570,0,0,0,1,0
cell_261-BPA-5-RSX,50,7,0,163,39,235,8,92,7,0,0,88,0,143,104,8,19,28,7,19,84,69,58,0,0,65,35,3,3,310,51,65,46,2,104,104,4
cell_262-BPA-5-RSX,428,143,0,16,149,0,0,75,0,99,4,0,0,158,0,582,1,43,40,682,8,142,142,0,0,132,350,0,127,869,429,2759,0,0,314,314,0
cell_263-BPA-5-RSX,170,156,0,0,27,426,256,127,86,249,0,744,0,607,2219,537,0,194,192,406,1057,1314,1307,0,262,0,845,420,149,405,170,911,151,0,1409,1402,45
cell_264-BPA-5-RSX,67,0,0,0,112,144,0,6,70,0,0,819,0,55,32,234,0,16,26,146,210,0,0,0,75,0,337,39,67,234,66,790,51,0,548,549,9
cell_265-BPA-5-RSX,138,212,0,12,14,10,0,65,0,17,0,663,0,12,532,190,19,109,6,73,652,75,76,0,1,781,440,9,0,1048,138,56,158,0,144,142,36
cell_266-BPA-5-RSX,225,31,0,1,0,117,0,1,39,0,0,60,0,1614,1173,27,1,181,34,273,649,0,0,0,14,1,239,201,57,1241,226,591,54,0,937,940,0
cell_267-BPA-5-RSX,14,47,0,20,4,11,14,9,5,21,0,85,0,90,265,8,0,17,16,34,265,18,18,0,7,5,109,22,39,57,14,193,23,0,20,20,25
cell_268-BPA-5-RSX,25,20,0,386,7,54,6,0,0,4,0,48,0,17,281,105,1,15,45,26,136,256,263,0,0,183,27,63,0,0,25,20,19,0,151,151,0
cell_269-BPA-5-RSX,5,64,0,0,5,79,41,2,5,10,0,73,0,87,89,106,0,15,18,51,50,105,98,0,57,1,86,1,0,36,5,204,4,0,119,122,0
cell_27-BPA-5-RSX,48,38,0,304,61,19,10,0,0,0,0,328,0,10,191,0,0,5,70,72,152,25,25,0,0,119,60,98,0,27,48,103,171,0,260,260,5
cell_270-BPA-5-RSX,39,0,0,241,2,0,0,2,0,47,10,10,0,131,20,12,3,0,0,98,43,93,93,0,16,162,49,20,17,175,39,186,24,0,250,251,26
cell_271-BPA-5-RSX,192,10,0,434,0,11,1,17,0,22,3,12,0,74,337,40,0,9,32,86,149,19,19,0,1,66,95,82,0,37,192,28,28,0,463,467,4
cell_272-BPA-5-RSX,358,9,0,84,36,0,45,22,0,235,3,144,0,24,122,88,2,1,144,193,14,140,136,0,0,137,26,86,130,34,359,188,27,0,227,227,0
cell_273-BPA-5-RSX,4,12,0,1394,26,0,0,13,0,0,0,731,0,465,501,127,2,7,0,150,209,1176,1168,0,0,63,550,57,5,9,4,197,0,0,531,541,14
cell_274-BPA-5-RSX,49,33,0,3,75,64,84,42,4,39,0,5,0,57,261,43,5,84,43,102,198,303,294,0,80,0,67,29,19,428,46,184,79,4,119,119,3
cell_275-BPA-5-RSX,273,283,0,1,359,470,636,454,758,549,34,63,0,1251,1357,234,0,128,17,711,883,610,612,0,557,3,492,335,73,1782,275,632,145,0,818,815,66
cell_276-BPA-5-RSX,293,105,0,2,17,149,193,486,56,46,0,165,1,1217,628,210,0,71,115,187,515,0,0,10,263,0,41,104,105,410,293,451,213,0,462,471,11
cell_277-BPA-5-RSX,208,7,0,57,115,256,199,485,0,43,0,125,0,0,36,24,0,21,15,173,41,450,419,0,0,119,60,78,0,375,208,132,0,0,0,4,0
cell_278-BPA-5-RSX,71,63,0,1503,42,272,26,15,0,304,2,285,0,67,660,127,0,11,9,122,422,160,159,0,0,117,757,27,156,248,72,511,10,0,425,425,4
cell_279-BPA-5-RSX,31,124,0,1,0,0,0,106,0,0,0,1,0,0,0,101,3,114,20,151,171,0,0,0,0,0,2,70,43,159,31,0,105,0,12,12,0
cell_28-BPA-5-RSX,62,203,0,0,34,265,25,28,60,33,0,48,0,320,298,11,0,168,68,264,390,549,530,0,320,0,271,36,109,220,61,365,165,0,511,516,25
cell_280-BPA-5-RSX,248,72,0,548,3,59,18,42,0,9,0,233,0,122,111,30,0,19,10,326,116,755,759,0,0,478,9,4,24,1249,215,154,67,0,483,300,10
cell_281-BPA-5-RSX,86,26,0,140,86,63,11,0,0,0,0,74,0,13,11,95,0,27,4,145,125,31,31,0,0,29,109,10,0,51,86,29,0,0,138,138,0
cell_282-BPA-5-RSX,209,17,0,106,110,8,25,3,0,8,0,278,0,27,85,4,1,1,4,43,82,175,170,0,1,16,177,121,43,0,206,186,35,0,94,94,9
cell_283-BPA-5-RSX,0,3,0,164,90,40,80,113,0,25,0,275,0,33,1294,73,0,24,7,145,291,0,0,0,0,125,52,271,0,33,1,0,150,0,339,339,0
cell_284-BPA-5-RSX,16,0,0,792,153,373,169,97,0,20,0,174,0,135,512,0,0,15,52,51,437,0,0,0,0,433,171,189,0,19,16,0,0,0,0,0,0
cell_285-BPA-5-RSX,13,53,0,118,0,9,0,1,0,0,0,0,0,0,231,0,0,13,25,7,34,0,0,0,0,98,738,45,3,3,13,387,136,0,0,0,0
cell_286-BPA-5-RSX,391,62,0,1074,191,480,706,318,63,116,7,365,0,1096,1522,619,1,130,349,554,1139,3228,3129,0,322,284,486,64,140,299,393,1275,1184,4,1717,1715,3
cell_287-BPA-5-RSX,91,179,0,238,0,189,36,65,0,12,0,73,0,129,66,14,2,49,21,56,7,111,106,0,0,138,342,0,10,25,84,164,139,0,25,25,2
cell_288-BPA-5-RSX,0,185,0,0,70,1,28,130,11,117,1,71,0,360,278,9,1,92,0,96,189,315,308,0,105,0,13,34,3,243,0,92,19,0,31,31,10
cell_289-BPA-5-RSX,114,92,0,196,0,265,197,45,0,158,0,107,0,184,405,36,0,56,73,112,33,432,433,0,0,235,29,29,22,15,114,469,95,0,239,240,0
cell_29-BPA-5-RSX,209,530,0,0,531,25,0,245,79,0,0,10,0,237,1742,174,0,11,19,342,37,1279,1261,0,130,7,8,2,0,105,209,115,98,0,1404,1405,2
cell_290-BPA-5-RSX,864,114,0,0,119,754,265,308,4,199,0,41,0,1935,1606,151,0,117,84,497,939,0,0,0,160,0,1078,266,36,265,873,221,62,0,309,310,11
cell_291-BPA-5-RSX,35,9,0,150,48,152,125,9,0,33,0,32,0,0,48,5,0,37,2,13,82,68,68,0,0,75,265,17,66,0,35,113,88,0,372,367,0
cell_292-BPA-5-RSX,400,179,0,41,103,76,178,284,0,256,0,25,0,29,436,170,0,18,188,262,530,355,353,0,0,218,508,158,14,119,400,159,506,0,1211,1212,0
cell_293-BPA-5-RSX,0,234,0,176,0,141,15,126,0,11,0,591,0,525,225,83,2,24,114,12,98,320,313,0,0,416,162,23,17,550,0,71,52,1,41,41,0
cell_294-BPA-5-RSX,7,134,0,150,117,46,89,33,0,23,0,7,0,27,38,12,1,29,11,18,262,272,278,0,0,83,0,97,2,49,7,86,35,0,288,268,5
cell_295-BPA-5-RSX,0,56,0,294,5,188,67,27,0,2,2,335,0,141,432,38,0,39,61,64,71,206,210,0,0,227,109,9,112,325,0,158,54,0,80,80,0
cell_296-BPA-5-RSX,144,34,0,562,251,571,491,0,0,75,0,349,0,23,1,192,0,6,138,148,189,614,615,0,0,2,0,80,20,205,144,947,61,0,1540,1541,11
cell_297-BPA-5-RSX,0,3,0,140,11,6,0,31,0,0,0,110,0,8,59,71,1,75,29,40,48,11,11,0,0,119,13,13,84,8,0,30,140,0,58,58,0
cell_298-BPA-5-RSX,26,62,0,180,87,98,0,50,0,5,0,15,0,3,374,10,1,6,11,68,43,50,49,0,0,25,201,0,0,0,26,72,99,0,99,99,12
cell_299-BPA-5-RSX,14,84,0,161,45,126,8,103,0,6,0,141,0,19,238,53,0,12,6,84,78,382,378,0,0,13,61,17,55,229,14,544,26,0,479,470,0
cell_3-BPA-5-RSX,0,20,0,137,8,28,40,0,0,0,0,41,0,0,35,25,0,7,11,69,7,152,147,0,0,246,52,0,18,24,0,285,5,0,134,134,0
cell_30-BPA-5-RSX,0,89,0,0,0,101,63,6,12,38,0,198,0,18,260,21,2,27,38,13,31,0,0,0,0,0,312,45,0,141,0,160,0,0,79,79,0
cell_300-BPA-5-RSX,143,258,0,40,244,1199,191,51,30,445,4,436,2,1650,1263,392,0,214,223,1340,496,371,364,0,135,165,487,161,131,384,144,1050,424,0,1093,1092,0
cell_301-BPA-5-RSX,38,15,0,270,5,70,0,0,0,34,0,50,0,15,125,141,0,0,207,110,0,0,0,0,0,464,0,249,71,4,38,12,22,0,578,579,29
cell_302-BPA-5-RSX,0,0,0,414,2,244,26,1,0,12,0,542,0,18,163,0,0,9,37,31,0,138,130,0,0,31,7,28,18,2,0,81,55,0,43,43,5
cell_303-BPA-5-RSX,0,34,0,4,71,110,20,0,0,129,0,25,0,35,329,30,6,0,0,124,148,0,0,0,0,73,197,60,0,0,0,87,0,0,0,0,8
cell_304-BPA-5-RSX,18,60,0,237,0,47,18,106,0,2,0,39,0,837,628,376,0,208,44,545,458,41,40,0,0,1852,158,89,3,17,18,346,290,0,671,676,25
cell_305-BPA-5-RSX,0,12,0,581,0,169,26,37,0,65,0,16,0,10,204,44,0,161,38,86,351,253,261,0,0,52,159,3,2,41,0,205,387,0,256,256,0
cell_306-BPA-5-RSX,0,4,0,117,22,14,14,2,0,144,0,3,0,0,571,4,0,0,43,130,31,288,288,0,0,18,416,17,41,468,0,178,100,0,113,113,0
cell_307-BPA-5-RSX,165,1,0,0,16,611,0,17,90,114,0,1926,0,1774,109,99,2,11,18,35,1294,0,0,0,628,1,111,296,27,143,170,1012,510,0,1091,1091,12
cell_308-BPA-5-RSX,15,0,0,0,6,292,64,23,32,14,0,309,0,35,436,11,2,6,22,460,121,727,719,1,4,0,207,87,0,3,15,1164,54,0,397,397,1
cell_309-BPA-5-RSX,7,3,0,0,23,303,89,59,14,223,0,992,0,415,656,12,0,87,25,431,380,149,147,0,301,1,55,164,91,1649,11,401,144,0,390,390,0
cell_31-BPA-5-RSX,2,324,2,345,51,28,688,21,0,181,0,378,0,287,1180,181,2,8,69,305,133,41,38,0,2,134,105,18,2,464,2,0,62,0,532,531,18
cell_310-BPA-5-RSX,8,34,0,66,70,53,176,0,0,17,0,138,0,156,222,46,0,47,62,136,384,148,149,0,0,272,0,45,10,0,8,41,137,0,9,9,0
cell_311-BPA-5-RSX,22,2,0,0,20,101,5,0,34,31,0,41,13,9,116,77,0,59,102,90,69,4,4,0,54,0,18,40,0,534,23,341,102,0,32,32,0
cell_312-BPA-5-RSX,495,94,0,804,81,572,82,0,0,81,0,1082,0,29,613,36,0,4,246,212,413,0,0,0,0,1133,7,275,90,378,500,1775,32,0,27,27,0
cell_313-BPA-5-RSX,14,5,0,0,10,291,0,24,6,0,2,1,0,51,155,9,0,55,12,44,35,0,0,0,60,2,30,15,57,38,14,154,80,0,32,32,4
cell_314-BPA-5-RSX,691,64,0,0,171,2225,246,132,7,944,0,4,0,1010,1114,1093,5,481,217,2252,628,0,0,0,402,3,1755,104,16,2713,694,1503,483,0,995,996,147
cell_315-BPA-5-RSX,124,4,0,95,4,14,5,13,0,17,0,170,0,114,0,44,0,24,17,59,70,188,186,1,0,284,56,7,11,266,123,0,122,0,93,93,21
cell_316-BPA-5-RSX,152,105,0,3,154,130,61,173,65,54,0,27,4,261,263,214,4,70,42,464,277,148,149,0,104,0,555,56,0,74,153,451,298,0,174,174,8
cell_317-BPA-5-RSX,59,68,0,162,3,128,8,143,0,68,1,134,0,237,588,68,0,8,49,221,351,528,529,0,128,75,91,13,52,59,59,185,98,0,229,229,2
cell_318-BPA-5-RSX,121,111,0,3,31,59,93,68,25,138,0,455,2,170,186,340,0,121,80,283,108,77,77,0,95,0,293,28,0,866,119,344,160,2,609,609,2
cell_319-BPA-5-RSX,242,50,0,247,60,15,52,95,0,18,0,185,0,479,197,0,6,89,15,289,96,0,9,0,0,212,144,19,29,127,242,232,11,0,0,0,0
cell_32-BPA-5-RSX,44,0,0,253,44,244,0,31,0,80,0,275,0,2,95,14,0,21,82,234,119,37,37,0,5,266,66,25,2,163,44,215,100,0,254,254,0
cell_320-BPA-5-RSX,11,39,0,0,19,15,55,48,28,6,0,260,0,95,185,31,0,79,38,42,44,150,151,0,32,1,31,46,85,2,16,55,26,0,246,246,2
cell_321-BPA-5-RSX,61,11,0,53,170,0,0,0,0,0,0,23,0,3,470,0,0,4,123,6,219,652,653,0,0,0,0,0,0,508,61,0,6,0,0,0,7
cell_322-BPA-5-RSX,112,0,0,0,0,0,0,505,0,110,3,0,0,0,584,0,0,2,210,268,0,829,829,0,122,0,1,46,6,0,113,2051,91,0,679,670,0
cell_323-BPA-5-RSX,78,1,0,10,49,30,3,0,0,24,0,128,0,47,64,5,1,2,27,245,54,50,51,0,0,106,274,4,0,79,78,609,63,0,70,70,0
cell_324-BPA-5-RSX,1,40,0,0,0,93,52,0,0,15,5,0,0,76,30,0,0,54,28,128,153,169,168,0,72,0,203,27,13,148,1,42,9,0,331,333,7
cell_325-BPA-5-RSX,347,5,0,1090,28,165,36,22,0,258,2,149,0,795,353,309,0,278,115,434,813,1393,1380,0,0,358,44,407,126,409,347,305,528,0,455,455,0
cell_326-BPA-5-RSX,22,87,0,312,0,48,0,6,0,0,0,610,0,5,565,82,0,0,8,103,0,95,96,0,3,4,466,0,23,376,22,165,14,0,116,116,0
cell_327-BPA-5-RSX,56,0,0,1,0,72,22,0,17,6,0,188,0,53,44,60,1,16,52,58,201,35,35,0,90,0,30,18,104,0,56,0,60,0,72,74,0
cell_328-BPA-5-RSX,93,103,0,293,30,0,9,0,0,11,0,199,0,16,17,20,0,11,58,72,76,155,147,0,0,272,36,38,54,0,93,62,45,0,497,497,6
cell_329-BPA-5-RSX,80,26,0,1817,8,1107,49,72,0,8,13,194,0,278,132,189,6,31,76,251,446,66,59,0,0,185,71,9,0,30,95,476,9,0,87,87,8
cell_33-BPA-5-RSX,26,109,0,569,22,284,5,28,0,131,0,340,0,24,74,37,0,15,79,191,156,193,186,0,0,216,48,28,6,167,26,190,38,0,369,368,0
cell_330-BPA-5-RSX,327,34,0,152,195,34,82,22,0,4,0,10,0,248,69,121,0,52,240,728,101,47,48,0,1,145,264,346,0,5,335,1136,151,0,4,4,5
cell_331-BPA-5-RSX,114,33,0,196,21,199,228,12,0,19,0,78,0,7,770,94,1,14,66,378,149,17,17,0,0,295,0,29,39,530,170,535,17,0,163,163,0
cell_332-BPA-5-RSX,8,18,0,49,10,188,9,16,0,75,0,150,0,4,297,65,0,40,25,46,32,146,146,0,0,44,1,5,66,85,8,119,21,0,167,167,0
cell_333-BPA-5-RSX,0,33,0,81,7,2,0,142,0,44,0,1,0,141,174,30,0,12,26,12,400,306,299,0,0,100,186,30,0,1169,0,150,109,0,47,48,5
cell_334-BPA-5-RSX,0,20,0,194,0,40,0,11,0,19,5,6,0,9,175,31,0,5,12,2,93,156,155,0,0,58,293,8,12,0,0,117,17,0,0,0,14
cell_335-BPA-5-RSX,400,98,0,721,0,593,12,327,0,251,0,565,0,265,273,0,1,28,0,53,430,106,105,0,0,159,67,179,79,23,397,202,166,0,251,251,0
cell_336-BPA-5-RSX,0,144,0,1,3,421,69,76,14,20,0,23,0,14,126,25,2,55,0,55,0,32,32,0,0,9,120,59,0,366,0,245,49,0,157,141,0
cell_337-BPA-5-RSX,172,226,0,144,0,0,0,0,0,98,0,487,0,436,929,0,0,162,289,0,5,0,0,0,0,0,47,0,5,1667,172,0,619,0,697,697,34
cell_338-BPA-5-RSX,0,255,0,0,90,683,225,2,45,225,0,0,0,14,364,371,0,39,181,361,0,819,810,0,66,1,18,0,20,0,0,140,167,0,110,112,2
cell_339-BPA-5-RSX,542,181,0,91,237,1572,977,16,229,139,1,643,0,1510,1548,396,0,65,145,128,995,127,120,0,539,707,1323,85,127,359,543,1345,333,0,1845,1828,15
cell_34-BPA-5-RSX,663,146,0,424,50,34,48,92,0,154,0,1509,0,0,724,58,0,7,172,150,201,0,5,0,0,46,85,32,4,9,676,793,21,0,522,521,10
cell_340-BPA-5-RSX,165,347,0,4,38,679,136,66,68,32,1,743,0,199,453,326,0,455,123,504,213,0,0,0,5,0,15,264,8,43,165,158,126,0,984,981,23
cell_341-BPA-5-RSX,29,103,0,0,1,314,12,36,0,33,0,550,0,59,163,47,2,27,27,30,104,254,242,0,30,0,16,16,49,272,35,196,63,2,172,171,0
cell_342-BPA-5-RSX,31,35,0,0,38,68,20,57,3,15,0,75,0,200,409,37,0,109,26,76,90,137,131,0,151,0,25,63,43,47,31,158,79,0,158,156,5
cell_343-BPA-5-RSX,35,128,0,354,31,164,43,145,0,9,0,118,0,241,642,105,4,0,10,337,155,222,212,0,0,455,131,11,60,85,35,101,110,0,193,193,7
cell_344-BPA-5-RSX,166,21,0,0,0,60,110,6,11,70,0,886,0,650,453,501,0,67,71,528,83,0,0,0,82,1,612,43,0,19,166,1332,105,0,620,621,0
cell_345-BPA-5-RSX,342,15,0,0,264,1512,0,80,0,34,0,772,0,170,267,0,2,286,170,705,236,257,259,0,729,1,921,50,0,297,343,524,656,1,743,743,0
cell_346-BPA-5-RSX,27,46,0,33,27,176,26,19,24,22,0,227,0,432,686,261,0,20,57,17,144,637,626,0,136,9,375,5,25,71,27,329,255,0,490,490,14
cell_347-BPA-5-RSX,46,109,0,702,0,33,6,0,0,43,0,634,0,71,679,26,1,10,25,571,10,1276,1275,0,0,547,876,50,3,2031,46,135,65,0,862,862,0
cell_348-BPA-5-RSX,615,249,0,760,100,742,21,107,0,4,0,153,0,161,175,517,5,11,34,1194,264,1234,1232,0,1,233,0,160,19,0,613,396,300,0,91,91,0
cell_349-BPA-5-RSX,19,3,0,5,1,301,56,157,1,20,0,576,0,8,148,0,1,82,147,331,260,0,0,1,319,1,459,35,0,1981,20,1135,14,0,1156,1157,14
cell_35-BPA-5-RSX,22,87,0,92,0,0,4,0,0,290,0,87,0,113,410,98,0,0,2,27,141,201,199,0,0,218,54,80,0,41,22,525,137,0,380,380,0
cell_350-BPA-5-RSX,112,42,0,6,142,717,47,285,0,9,4,5,1,1175,581,10,0,314,227,438,746,1381,1368,0,403,2,195,52,37,73,112,1117,569,0,525,518,42
cell_351-BPA-5-RSX,5,43,0,338,4,55,100,0,0,20,0,538,0,545,445,0,0,150,34,183,125,100,100,0,0,95,52,0,0,0,5,67,38,0,884,885,37
cell_352-BPA-5-RSX,455,24,0,1441,269,1921,747,324,0,134,16,1337,0,978,1636,463,0,20,189,1185,995,810,799,0,1,2230,813,418,169,1247,444,1432,418,0,1070,1063,7
cell_353-BPA-5-RSX,23,0,0,484,0,15,2,5,0,15,0,240,0,0,0,22,0,21,31,40,354,261,259,0,0,61,315,4,0,873,23,392,0,0,30,30,0
cell_354-BPA-5-RSX,30,51,0,93,0,50,153,188,0,44,0,25,0,27,209,307,0,42,37,105,165,173,174,0,0,442,169,6,0,580,31,247,43,0,248,248,11
cell_355-BPA-5-RSX,72,76,0,84,8,141,84,0,0,12,0,32,0,145,308,34,0,31,28,69,116,85,87,0,4,67,60,63,0,55,80,99,90,0,254,254,7
cell_356-BPA-5-RSX,8,9,0,358,0,73,0,34,0,5,0,39,0,6,61,40,0,8,1,45,22,0,0,1,0,8,55,1,70,223,8,105,12,0,61,61,9
cell_357-BPA-5-RSX,5,108,0,248,0,11,103,4,0,61,0,70,0,5,612,179,0,100,6,222,219,41,31,0,0,126,53,213,22,102,5,180,53,0,611,609,52
cell_358-BPA-5-RSX,318,0,0,1032,32,256,48,12,0,138,0,821,0,37,350,470,0,48,36,155,107,233,227,0,0,8,41,86,23,21,318,818,499,0,433,433,4
cell_359-BPA-5-RSX,12,96,0,269,11,0,159,0,0,221,4,0,1,13,117,0,0,0,0,58,202,32,31,0,0,161,24,0,0,151,12,28,10,0,622,623,4
cell_36-BPA-5-RSX,874,147,0,1194,54,896,0,325,59,43,0,1807,0,242,1142,175,3,333,282,3,858,1720,1701,0,0,760,0,0,129,1423,881,327,1241,7,43,43,20
cell_360-BPA-5-RSX,51,23,0,0,18,190,5,7,2,37,0,215,0,171,211,134,0,13,84,3,55,0,0,1,54,0,181,38,0,18,51,15,135,0,250,250,3
cell_361-BPA-5-RSX,26,73,0,1042,47,105,164,31,0,162,0,398,0,24,282,0,0,7,90,3,89,0,4,0,0,328,0,0,16,1520,122,361,6,0,351,349,0
cell_362-BPA-5-RSX,98,57,0,7,161,116,58,38,2,182,0,498,0,543,177,227,0,84,110,279,200,94,94,1,166,2,261,95,37,1009,99,1111,173,0,454,455,1
cell_363-BPA-5-RSX,41,33,0,0,20,229,19,33,13,12,0,127,0,49,31,76,2,34,32,66,118,0,0,0,142,0,166,57,2,498,41,134,73,0,184,184,4
cell_364-BPA-5-RSX,11,482,0,1079,262,378,13,152,0,34,0,388,0,50,260,22,0,23,34,188,486,2057,2030,0,4,332,72,45,0,20,25,1279,39,0,0,0,5
cell_365-BPA-5-RSX,25,205,0,0,57,272,394,577,0,202,0,1029,0,439,0,939,0,11,0,359,1099,109,108,0,0,8,0,31,157,70,27,0,0,1,245,246,125
cell_366-BPA-5-RSX,577,104,0,145,130,79,84,48,0,10,0,343,0,0,275,72,2,25,60,90,400,44,44,0,0,190,19,32,61,37,577,22,234,0,255,244,20
cell_367-BPA-5-RSX,20,113,0,372,36,266,447,61,0,146,0,80,13,71,96,220,0,25,86,157,205,114,112,0,54,165,75,89,92,573,20,467,83,0,143,143,19
cell_368-BPA-5-RSX,869,76,0,168,537,0,370,78,0,178,0,0,0,0,1,274,3,0,537,630,1066,73,73,0,1,375,14,25,18,118,863,0,0,0,0,0,121
cell_369-BPA-5-RSX,5,9,0,194,35,94,23,1,0,41,0,87,0,11,444,54,0,118,21,302,138,5,0,0,0,66,274,8,10,64,5,6,0,0,170,169,11
cell_37-BPA-5-RSX,242,6,0,34,173,82,12,23,0,11,0,40,0,102,415,127,1,4,23,124,183,530,509,0,0,174,30,36,24,354,247,83,75,0,526,528,23
cell_370-BPA-5-RSX,158,511,0,156,39,725,450,230,0,470,3,571,0,323,1244,238,0,14,256,774,541,1857,1823,0,0,1017,168,121,100,388,158,295,456,0,1168,1167,21
cell_371-BPA-5-RSX,47,33,0,0,0,94,88,9,2,20,3,62,0,74,208,20,1,73,4,37,15,0,0,0,69,0,0,70,102,278,47,57,32,0,71,72,0
cell_372-BPA-5-RSX,98,40,0,0,50,251,188,245,34,366,8,317,1,317,1133,87,0,55,59,63,425,352,331,0,559,3,148,60,29,249,98,579,525,1,1448,1451,4
cell_373-BPA-5-RSX,3,72,0,576,34,239,22,185,3,7,0,253,0,426,120,75,0,27,6,149,638,206,203,0,19,43,39,32,0,254,3,176,257,0,318,314,0
cell_374-BPA-5-RSX,32,15,0,683,142,1,0,0,0,0,8,1218,0,384,1474,274,0,0,49,346,737,269,258,0,0,165,2,182,11,162,33,544,193,0,16,16,0
cell_375-BPA-5-RSX,107,45,0,200,27,106,5,59,0,119,0,56,0,0,48,30,0,4,57,191,91,0,5,0,0,0,89,40,0,9,107,519,15,0,457,456,0
cell_376-BPA-5-RSX,47,2,0,1087,47,448,0,35,0,0,0,660,0,5,1132,11,0,87,43,144,0,122,123,0,0,1,0,103,50,558,47,98,352,0,66,66,12
cell_377-BPA-5-RSX,73,76,0,0,105,217,40,40,14,6,0,58,0,353,498,193,0,78,65,86,71,406,397,0,56,0,30,160,0,81,73,109,169,0,93,93,4
cell_378-BPA-5-RSX,8,0,0,236,4,124,0,54,0,0,0,48,0,0,129,179,0,11,23,277,35,48,47,0,0,241,78,7,73,10,8,222,93,0,64,64,9
cell_379-BPA-5-RSX,39,38,0,60,13,71,0,7,0,0,0,134,0,153,470,12,0,10,2,48,224,0,0,0,0,67,15,3,0,7,40,377,54,0,54,54,7
cell_38-BPA-5-RSX,48,0,0,0,68,53,58,22,0,0,0,1,0,22,0,28,1,40,74,72,195,84,84,0,0,0,76,27,136,87,49,126,0,0,9,9,11
cell_380-BPA-5-RSX,189,203,0,4,3,228,145,264,0,18,0,22,0,62,599,2,14,101,23,0,673,0,0,0,275,0,9,46,37,262,190,33,53,0,340,339,13
cell_381-BPA-5-RSX,24,5,2,411,70,204,97,99,0,194,0,750,0,119,520,335,0,20,7,60,407,151,152,0,1,334,120,24,4,256,24,158,117,0,762,765,0
cell_382-BPA-5-RSX,0,7,1,103,14,34,10,0,0,43,0,774,0,13,214,15,0,28,28,10,35,17,17,0,15,1,14,17,0,234,0,54,34,0,60,50,0
cell_383-BPA-5-RSX,231,55,0,273,78,52,0,3,0,234,0,5,0,153,551,109,0,308,42,0,69,247,240,0,0,350,36,7,12,78,232,0,207,0,189,189,6
cell_384-BPA-5-RSX,1009,504,3,2,77,1237,56,30,197,54,0,203,1,720,2315,663,1,348,190,211,1383,325,322,0,573,0,10,175,85,1079,1020,426,781,0,1881,1884,123
cell_385-BPA-5-RSX,14,21,0,398,84,84,21,150,0,43,0,71,0,44,299,160,0,62,44,76,255,260,267,0,0,124,207,118,0,116,14,353,58,0,185,185,0
cell_386-BPA-5-RSX,18,21,0,197,5,88,3,39,0,0,0,25,0,50,30,25,52,55,9,35,112,53,54,0,20,68,11,18,0,122,20,38,26,0,98,99,5
cell_387-BPA-5-RSX,326,27,0,693,180,1232,58,293,0,34,5,391,0,3,410,40,0,36,86,543,226,823,841,0,0,600,122,36,126,1078,325,871,277,0,268,268,38
cell_388-BPA-5-RSX,116,47,0,130,33,254,15,27,0,56,0,29,0,169,484,136,0,68,19,48,316,230,226,0,0,237,235,43,29,101,116,299,74,0,327,327,14
cell_389-BPA-5-RSX,16,28,0,47,0,238,8,14,14,0,0,5,0,21,81,16,3,9,13,57,92,0,3,0,0,14,70,29,0,0,12,75,2,0,113,113,0
cell_39-BPA-5-RSX,0,7,0,152,29,129,4,0,0,150,0,0,0,1,419,77,1,6,27,7,125,53,52,0,0,7,258,25,0,1680,0,33,179,0,109,119,0
cell_390-BPA-5-RSX,9,66,0,278,6,53,0,722,0,14,0,85,0,188,206,41,3,15,0,198,248,164,163,0,0,155,30,15,0,71,9,49,28,2,233,234,7
cell_391-BPA-5-RSX,17,25,0,668,18,171,36,4,0,2,0,37,0,35,403,32,1,57,12,109,141,372,369,1,0,124,266,15,0,320,23,170,92,0,487,427,3
cell_392-BPA-5-RSX,86,28,0,5,6,115,64,256,35,16,0,189,0,161,289,114,0,274,40,48,88,87,88,0,102,0,72,25,85,7,102,415,116,0,35,35,0
cell_393-BPA-5-RSX,12,11,0,918,13,0,2,0,0,4,0,23,0,0,85,201,1,13,42,266,99,81,75,0,0,56,28,45,11,0,12,29,21,0,37,37,0
cell_394-BPA-5-RSX,12,8,0,0,12,94,215,61,6,129,0,68,0,83,201,101,0,2,16,2,214,68,69,0,46,0,4,2,39,23,12,3,8,0,83,83,0
cell_395-BPA-5-RSX,57,7,0,323,0,372,149,6,0,35,0,35,0,13,615,46,3,49,66,45,31,434,465,0,0,423,103,272,0,1,56,89,130,0,123,124,0
cell_396-BPA-5-RSX,4,0,0,69,107,996,42,0,0,20,0,223,0,97,438,39,0,146,0,317,239,19,0,0,1,365,52,8,5,1217,4,1079,211,0,0,0,0
cell_397-BPA-5-RSX,3,6,0,438,56,11,131,345,0,5,0,41,0,0,405,11,0,2,27,45,67,0,0,0,0,10,272,8,127,472,3,75,37,0,93,93,8
cell_398-BPA-5-RSX,53,2,0,456,24,45,0,0,0,19,0,161,0,180,229,19,0,21,5,76,40,41,42,0,0,37,292,55,43,342,53,68,157,0,652,651,8
cell_399-BPA-5-RSX,26,8,0,366,7,73,7,12,0,28,0,75,0,48,39,56,0,15,26,31,51,150,148,0,0,37,39,80,39,271,26,151,20,0,87,87,0
cell_4-BPA-5-RSX,83,127,0,1143,48,324,0,3,0,361,0,850,0,308,915,173,0,7,119,588,323,532,518,0,0,366,56,138,45,177,83,638,290,0,487,488,15
cell_40-BPA-5-RSX,0,71,0,259,0,21,21,94,0,26,0,7,0,1,381,38,10,4,30,127,546,59,58,1,0,0,117,0,5,44,0,639,12,0,0,0,0
cell_400-BPA-5-RSX,0,10,0,252,0,40,4,23,0,77,2,51,0,35,97,242,2,15,39,68,340,326,315,0,0,226,15,97,0,92,0,148,123,0,602,602,0
cell_401-BPA-5-RSX,15,7,0,259,0,362,62,0,0,39,0,0,0,0,131,122,2,2,4,248,21,279,270,0,0,21,62,11,39,13,15,172,8,0,171,271,0
cell_402-BPA-5-RSX,35,0,0,388,25,591,59,57,0,7,0,70,0,3,386,209,1,79,60,18,168,199,195,0,4,252,158,0,19,13,38,295,228,0,165,164,0
cell_403-BPA-5-RSX,13,131,0,108,20,160,14,18,32,11,0,338,0,295,1109,54,7,1,51,139,412,385,314,0,161,174,191,38,5,374,9,236,139,0,127,127,0
cell_404-BPA-5-RSX,23,23,0,0,44,11,40,0,9,26,0,0,0,113,158,93,5,54,45,187,83,21,21,0,22,1,48,0,0,66,23,391,0,0,160,151,5
cell_405-BPA-5-RSX,94,20,0,0,53,320,225,46,43,24,0,593,0,655,339,3,0,77,71,89,168,0,0,1,268,3,84,89,0,0,94,101,50,2,45,45,6
cell_406-BPA-5-RSX,1062,218,0,5,237,237,985,352,368,487,0,494,0,558,1788,340,1,98,127,1562,2062,0,0,0,1071,0,2049,342,39,572,1054,596,1506,0,320,320,97
cell_407-BPA-5-RSX,18,33,0,34,30,143,7,72,0,36,0,1,0,50,73,74,0,162,3,166,18,461,445,0,0,121,64,47,0,71,21,44,63,0,194,189,7
cell_408-BPA-5-RSX,0,22,0,152,18,67,128,84,0,47,0,29,0,3,1,26,2,80,82,80,0,476,474,0,0,258,0,0,58,139,0,594,302,0,108,108,8
cell_409-BPA-5-RSX,82,108,0,0,0,103,94,29,0,47,0,1,0,0,807,87,0,16,6,27,176,248,258,0,7,0,7,87,19,19,89,260,118,0,154,148,0
cell_41-BPA-5-RSX,24,114,0,538,13,233,29,48,0,66,0,271,0,631,1425,0,0,419,27,338,105,996,989,0,0,207,224,27,22,685,24,317,64,0,571,570,6
cell_410-BPA-5-RSX,89,20,0,10,34,88,19,0,0,1,0,30,0,92,146,33,0,1,38,188,39,271,271,0,5,26,5,0,66,26,89,149,131,0,152,152,15
cell_411-BPA-5-RSX,345,256,0,1124,200,636,1131,250,0,120,2,924,0,547,1092,801,0,40,171,693,340,1377,1380,0,0,546,1569,302,102,43,345,718,951,0,2084,2089,8
cell_412-BPA-5-RSX,698,265,0,0,85,160,149,45,0,0,0,308,0,0,1745,0,0,150,0,71,121,23,19,0,0,654,312,0,11,43,700,0,1,0,145,145,5
cell_413-BPA-5-RSX,0,202,0,0,306,213,0,148,0,0,0,0,0,0,0,0,0,0,0,0,0,0,0,0,0,0,0,216,16,20,0,2556,9,0,603,600,65
cell_414-BPA-5-RSX,186,115,0,129,82,759,43,0,0,92,0,172,0,852,1397,496,0,13,514,1323,309,1374,1360,0,0,156,210,257,0,101,186,1164,808,0,549,550,48
cell_415-BPA-5-RSX,24,32,0,0,3,88,26,70,0,2,0,18,0,4,177,61,1,43,2,196,26,224,227,0,7,130,33,0,0,5,24,108,95,0,86,86,12
cell_416-BPA-5-RSX,243,59,0,119,12,934,256,59,0,0,0,375,0,9,359,93,0,2,152,116,471,23,39,0,0,14,783,172,57,6,236,10,1005,0,287,227,0
cell_417-BPA-5-RSX,15,0,0,20,0,26,64,0,0,1,0,70,0,5,88,17,0,29,44,52,3,10,10,0,0,27,0,25,0,11,15,112,10,0,50,50,7
cell_418-BPA-5-RSX,33,37,0,1,64,781,267,216,4,45,0,117,0,306,307,9,1,93,27,81,417,260,285,0,264,0,230,61,49,212,33,132,142,2,511,514,30
cell_419-BPA-5-RSX,0,40,0,217,1,14,0,126,0,0,0,443,0,138,350,10,2,15,88,236,247,0,0,0,121,111,8,25,4,0,0,0,97,0,270,270,0
cell_42-BPA-5-RSX,23,6,0,160,15,22,5,55,0,81,0,27,0,111,179,50,4,11,19,166,110,319,310,0,0,1,36,29,17,160,23,97,85,0,116,116,7
cell_420-BPA-5-RSX,85,4,0,279,3,69,37,5,0,13,0,38,0,77,52,74,0,1,0,15,104,202,192,0,0,90,40,14,12,101,85,189,76,0,99,99,0
cell_421-BPA-5-RSX,267,16,3,404,31,89,162,0,0,154,0,287,0,172,1029,873,0,95,119,717,127,273,274,0,4,203,614,271,0,281,269,588,92,0,375,376,0
cell_422-BPA-5-RSX,466,111,0,2,213,59,523,87,0,202,1,1,0,1964,1,94,2,4,135,660,259,0,0,0,1,784,16,281,49,102,472,0,616,0,568,567,0
cell_423-BPA-5-RSX,0,0,0,105,74,324,198,1,1,9,0,240,0,22,1058,538,3,33,54,0,188,1134,1081,0,0,158,893,1,0,349,0,863,229,0,30,30,0
cell_424-BPA-5-RSX,565,240,0,345,178,1152,24,78,0,29,0,1044,7,150,1386,213,5,23,121,238,645,1182,1178,0,0,615,423,88,0,289,593,0,149,0,502,503,33
cell_425-BPA-5-RSX,57,4,0,12,39,40,0,50,0,52,0,655,0,85,612,4,10,1,1,10,199,24,23,0,0,277,6,58,81,75,57,0,39,0,21,21,0
cell_426-BPA-5-RSX,6,61,0,1025,71,712,233,0,0,17,0,8,0,0,942,249,2,1,67,293,39,339,372,1,0,88,11,0,2,24,6,79,27,0,324,324,2
cell_427-BPA-5-RSX,631,68,0,90,44,132,8,189,0,148,0,486,0,16,173,107,0,79,34,120,419,224,223,0,1,633,29,24,38,203,626,731,183,0,1396,1385,11
cell_428-BPA-5-RSX,14,31,0,337,18,127,39,39,0,26,0,154,0,119,143,36,5,107,18,24,42,40,41,0,0,31,55,22,0,5,14,169,58,0,109,109,0
cell_429-BPA-5-RSX,15,13,0,0,44,67,53,7,25,19,0,184,0,357,236,66,0,73,77,145,53,0,0,0,17,0,3,125,302,160,15,132,49,0,172,172,2
cell_43-BPA-5-RSX,239,123,0,180,21,0,0,0,0,96,0,73,0,840,340,63,0,91,125,0,199,929,924,0,0,139,614,46,0,700,239,13,6,0,713,712,3
cell_430-BPA-5-RSX,130,39,0,22,11,413,125,53,13,38,0,145,0,333,685,97,0,267,39,349,443,337,338,0,223,50,434,100,41,2691,136,735,239,0,351,351,5
cell_431-BPA-5-RSX,56,19,0,51,1,14,21,44,0,17,0,75,0,77,65,21,6,5,29,32,49,154,154,0,0,188,299,37,38,10,56,70,77,0,56,56,0
cell_432-BPA-5-RSX,130,135,8,1100,60,122,3,44,0,14,0,42,0,0,589,49,2,23,39,74,335,369,363,1,0,61,20,93,34,1097,180,78,42,0,392,385,2
cell_433-BPA-5-RSX,193,2,0,1036,115,335,28,49,0,24,0,0,0,2,549,0,7,15,45,84,252,15,13,0,0,246,131,7,32,6,200,692,8,0,630,632,0
cell_434-BPA-5-RSX,224,25,0,678,37,1081,605,20,0,23,0,2152,0,28,583,839,0,32,109,423,466,938,918,0,0,603,126,842,14,313,224,1408,1318,0,1713,1718,104
cell_435-BPA-5-RSX,11,28,0,113,111,82,18,22,0,2,0,11,0,8,394,729,0,0,109,606,108,218,218,0,0,663,0,9,69,132,11,76,116,0,466,467,0
cell_436-BPA-5-RSX,696,243,0,1055,707,639,1569,16,69,1093,28,113,0,304,2016,168,0,516,248,2164,899,1299,1294,6,367,5,1306,70,88,646,688,3594,1669,0,549,549,137
cell_437-BPA-5-RSX,46,212,0,6,283,288,15,12,0,135,9,0,2,6,152,206,0,109,121,636,231,697,679,0,0,317,43,177,98,6,46,0,126,0,0,0,11
cell_438-BPA-5-RSX,0,61,0,1063,21,1215,0,142,0,84,0,745,0,0,355,100,3,63,35,389,0,347,351,0,0,390,0,68,2,1,0,279,111,0,205,205,6
cell_439-BPA-5-RSX,4,27,0,300,27,0,118,41,0,30,0,183,0,61,185,63,0,8,0,26,144,134,129,0,0,94,73,38,4,0,4,191,79,0,184,183,8
cell_44-BPA-5-RSX,337,159,0,1005,24,159,60,33,0,0,0,110,0,13,1601,96,0,30,15,20,47,299,299,0,0,47,340,214,13,3,341,2,164,0,1133,1131,4
cell_440-BPA-5-RSX,359,322,2,421,212,88,14,2,0,310,0,286,0,248,494,178,0,95,79,149,149,144,140,0,0,320,48,279,48,3,360,125,378,3,198,198,0
cell_441-BPA-5-RSX,451,270,0,509,163,105,18,0,0,244,0,166,0,0,969,317,1,14,13,317,16,173,173,0,2,287,1,133,45,11,451,1792,98,0,72,78,10
cell_442-BPA-5-RSX,122,69,0,30,20,51,148,1,0,113,0,20,1,25,58,53,0,33,4,158,7,0,5,0,0,295,55,51,42,297,122,270,0,0,167,167,0
cell_443-BPA-5-RSX,0,0,0,565,48,0,0,475,0,40,0,49,0,38,753,0,5,125,0,0,1272,214,210,0,0,663,253,0,0,204,0,381,185,0,0,0,0
cell_444-BPA-5-RSX,239,69,0,87,91,61,367,390,22,6,0,1021,0,563,1421,54,0,0,38,354,402,0,0,0,26,87,134,104,13,183,240,799,217,0,770,770,7
cell_445-BPA-5-RSX,373,377,0,636,54,1012,234,116,0,39,0,160,0,30,193,126,1,160,30,16,355,1297,1300,0,0,479,223,214,40,663,368,448,11,10,204,204,17
cell_446-BPA-5-RSX,0,142,0,776,20,93,30,257,0,87,0,255,0,0,638,28,1,17,32,100,60,0,18,0,0,74,40,5,0,0,0,97,0,0,0,0,0
cell_447-BPA-5-RSX,132,73,0,11,6,79,1,21,32,12,0,423,0,231,366,30,0,68,30,38,102,130,125,0,70,6,454,130,4,554,132,125,109,0,751,723,0
cell_448-BPA-5-RSX,14,0,0,172,149,15,0,28,0,144,0,880,0,23,132,45,0,71,0,0,33,76,77,0,0,0,0,49,0,172,14,314,189,0,0,0,4
cell_449-BPA-5-RSX,399,267,0,914,67,491,44,3,0,102,0,460,0,314,1194,6,0,24,196,555,555,185,190,0,1,360,393,325,298,0,402,630,248,0,333,275,177
cell_45-BPA-5-RSX,104,28,0,1122,49,389,230,257,57,33,7,565,1,221,1485,166,0,74,167,568,421,915,916,0,209,142,292,118,293,1566,104,1247,493,0,964,950,47
cell_450-BPA-5-RSX,20,34,0,172,0,600,53,153,0,108,0,2,0,0,116,0,0,12,24,32,5,242,243,0,0,71,25,1,0,283,20,260,116,0,18,18,0
cell_451-BPA-5-RSX,231,255,0,1133,260,361,819,639,0,0,4,15,0,93,143,1166,1,129,25,1,472,2144,2131,0,1,874,51,113,113,992,235,1028,156,14,696,692,0
cell_452-BPA-5-RSX,17,199,0,2,7,0,34,30,13,0,0,821,1,150,339,19,1,96,68,242,318,0,0,0,48,1,121,2,0,268,17,41,59,0,1120,1129,0
cell_453-BPA-5-RSX,143,106,0,1686,6,777,22,44,0,89,0,1344,0,166,977,519,1,25,321,428,805,824,822,0,0,1054,254,56,21,2278,144,248,0,1,168,172,11
cell_454-BPA-5-RSX,51,28,0,0,32,109,88,247,3,0,0,21,0,63,81,0,0,7,23,113,185,146,145,0,46,0,0,27,35,221,51,72,29,0,38,38,6
cell_455-BPA-5-RSX,38,12,0,29,13,6,2,0,0,8,0,40,0,13,74,0,0,6,8,26,91,40,41,0,0,115,25,45,9,46,38,51,0,0,165,165,0
cell_456-BPA-5-RSX,36,16,0,162,123,34,24,0,0,16,0,99,0,54,78,0,0,91,22,76,225,169,171,0,0,96,8,206,68,1,36,71,127,0,38,37,6
cell_457-BPA-5-RSX,65,30,0,1,15,18,13,103,22,9,0,137,0,136,52,11,0,33,12,50,192,38,38,0,76,0,0,12,50,50,65,63,44,0,214,214,2
cell_458-BPA-5-RSX,667,877,0,1484,103,508,1376,17,0,245,1,1,0,0,0,146,0,104,7,0,399,285,285,0,2,661,1770,27,0,962,666,921,46,2,1129,1125,0
cell_459-BPA-5-RSX,13,12,0,0,15,127,96,4,2,16,0,13,0,103,74,10,0,105,9,76,95,39,39,0,62,0,21,29,12,71,13,63,76,0,74,74,7
cell_46-BPA-5-RSX,138,118,0,0,21,183,0,19,0,34,0,0,0,340,717,503,0,2,32,179,345,0,0,0,0,71,5,8,0,263,138,0,785,0,127,127,15
cell_460-BPA-5-RSX,71,37,0,21,13,243,62,0,7,32,4,97,0,15,158,41,0,41,17,67,210,191,190,0,4,22,68,47,85,112,71,262,73,0,133,133,0
cell_461-BPA-5-RSX,47,27,0,145,11,149,80,70,0,32,0,240,0,159,302,68,0,67,28,125,108,171,158,0,0,139,24,46,19,91,48,235,100,0,299,295,0
cell_462-BPA-5-RSX,137,218,0,234,37,165,10,0,0,168,1,27,0,42,269,228,0,15,12,324,256,623,601,2,0,0,7,26,6,149,140,1461,87,0,240,240,0
cell_463-BPA-5-RSX,0,13,0,146,9,62,8,5,0,25,0,22,0,42,222,51,0,26,5,46,115,22,22,0,0,119,164,5,19,97,0,0,0,0,47,47,21
cell_464-BPA-5-RSX,42,46,0,254,4,80,78,55,0,21,0,93,0,9,222,67,0,17,35,186,114,154,157,0,0,252,224,58,9,96,42,98,62,0,209,208,14
cell_465-BPA-5-RSX,4,0,0,511,6,232,117,3,0,0,0,70,0,96,745,16,0,13,0,40,0,62,62,0,0,463,3,17,57,1056,4,223,135,0,171,171,4
cell_466-BPA-5-RSX,0,404,0,616,7,123,223,112,0,0,0,465,0,0,636,117,1,91,26,97,0,0,0,0,0,188,97,69,8,1863,0,0,339,0,780,778,7
cell_467-BPA-5-RSX,0,15,0,989,7,7,0,7,0,258,0,734,0,810,116,223,0,33,63,13,0,0,1,16,0,172,638,7,75,0,0,0,145,0,389,389,27
cell_468-BPA-5-RSX,6,18,0,4,5,40,10,29,7,4,0,66,0,57,87,0,1,33,10,46,101,73,70,0,99,1,37,21,61,53,6,19,6,0,217,218,1
cell_469-BPA-5-RSX,67,8,0,206,18,512,21,47,0,2,0,27,0,53,468,459,2,2,45,269,81,211,202,0,0,145,315,34,44,72,67,0,56,7,677,677,37
cell_47-BPA-5-RSX,60,7,0,5,25,98,0,2,0,29,5,1019,0,17,434,0,4,42,13,142,85,65,63,0,1,193,0,149,20,203,60,149,108,0,0,0,0
cell_470-BPA-5-RSX,630,67,0,187,11,478,456,0,0,103,0,383,0,1113,175,138,2,9,176,31,505,1064,1065,0,0,897,1690,58,57,105,629,227,7,0,20,20,0
cell_471-BPA-5-RSX,15,11,0,0,9,30,33,0,9,12,0,19,0,21,99,16,0,89,10,30,152,0,0,0,44,6,51,41,30,106,15,94,11,0,4,4,3
cell_472-BPA-5-RSX,12,64,0,4,5,21,25,110,2,0,0,137,0,139,53,16,1,34,51,206,104,0,0,0,42,0,41,101,13,8,12,274,94,0,268,267,22
cell_473-BPA-5-RSX,331,173,0,0,62,304,267,249,13,0,3,204,0,36,408,45,1,114,205,380,496,397,402,0,257,413,439,40,19,1341,331,187,128,0,445,445,5
cell_474-BPA-5-RSX,100,9,0,74,9,717,17,0,0,153,0,7,0,209,1119,214,1,14,15,55,51,470,475,0,0,51,0,0,44,220,111,502,247,0,54,54,5
cell_475-BPA-5-RSX,13,0,0,95,2,1,201,136,0,33,0,306,0,13,195,200,0,34,85,113,21,277,269,0,0,198,502,35,18,16,13,227,101,0,324,319,0
cell_476-BPA-5-RSX,24,16,0,126,43,0,11,130,0,44,0,36,0,3,84,42,0,0,13,19,25,78,77,0,0,53,19,3,23,295,26,104,150,0,144,144,5
cell_477-BPA-5-RSX,0,21,0,302,59,172,7,0,0,1,5,77,0,363,926,0,0,91,29,403,222,121,120,0,2,488,210,30,13,21,2,234,167,0,700,703,11
cell_478-BPA-5-RSX,88,2,0,1,335,216,119,58,174,0,0,778,0,29,262,932,3,27,27,611,660,142,126,1,105,0,319,2,76,77,88,2739,287,0,2247,2284,1
cell_479-BPA-5-RSX,28,183,0,142,43,296,79,6,22,169,0,294,0,98,411,11,0,44,7,323,148,267,270,0,114,0,106,5,41,349,28,53,31,0,259,259,0
cell_48-BPA-5-RSX,51,153,0,658,70,3,89,120,0,17,1,336,0,0,499,0,1,42,67,23,269,442,431,0,1,5,245,30,0,50,51,12,105,0,448,450,0
cell_480-BPA-5-RSX,100,0,0,2,128,189,13,221,0,8,0,83,0,111,0,36,0,6,1,293,39,202,201,0,0,39,18,5,22,0,97,65,131,0,157,157,24
cell_481-BPA-5-RSX,43,473,0,1319,28,118,6,175,0,0,0,919,0,69,765,527,2,54,5,142,205,354,352,0,1,762,182,119,24,8,43,511,52,0,30,30,7
cell_482-BPA-5-RSX,174,166,0,381,114,260,2,168,0,374,7,1354,0,1027,1113,109,0,39,12,1166,23,1477,1365,0,0,24,87,44,14,43,171,516,188,0,0,0,3
cell_483-BPA-5-RSX,696,131,0,174,15,30,1,930,0,213,1,57,0,20,19,256,1,16,18,37,441,1457,1386,0,0,1,4,108,26,1378,704,131,241,0,227,227,11
cell_484-BPA-5-RSX,62,13,0,1,49,90,54,52,64,15,0,106,0,47,304,31,0,92,10,125,137,33,33,0,75,0,43,86,34,115,59,294,176,0,318,319,13
cell_485-BPA-5-RSX,3,16,0,131,4,44,6,94,0,4,0,92,0,31,99,48,0,5,32,5,93,36,34,0,0,107,70,5,0,172,3,148,7,0,4,4,0
cell_486-BPA-5-RSX,421,137,0,1263,65,1539,58,262,0,94,11,719,11,68,1419,417,1,64,379,1086,155,1748,1726,0,0,705,642,116,32,1899,421,1550,629,0,1168,1142,9
cell_487-BPA-5-RSX,70,29,0,370,0,71,127,31,0,117,0,488,0,52,1162,110,4,98,45,415,722,1546,1527,0,0,455,0,23,20,855,71,143,221,2,292,291,0
cell_488-BPA-5-RSX,219,237,0,700,141,53,77,620,0,0,0,122,0,185,2448,838,0,47,34,1016,808,1313,1303,0,0,419,307,38,12,24,225,1139,701,0,210,210,215
cell_489-BPA-5-RSX,389,3,0,313,20,278,0,0,0,59,0,0,0,190,1467,186,0,8,26,1067,442,353,351,0,0,274,717,28,19,0,389,28,165,0,522,522,8
cell_49-BPA-5-RSX,103,3,0,0,34,211,163,22,27,51,0,196,0,144,210,6,1,83,24,299,54,245,238,0,373,0,156,26,54,206,103,181,115,0,267,267,9
cell_490-BPA-5-RSX,57,15,0,1,17,85,13,56,10,41,0,34,0,86,243,14,0,48,34,69,93,100,98,0,32,0,51,19,4,69,68,119,52,0,284,281,6
cell_491-BPA-5-RSX,7,118,0,0,23,132,9,1,27,35,0,22,0,51,44,119,0,13,157,6,88,0,0,0,564,0,202,36,30,177,7,306,355,0,102,102,0
cell_492-BPA-5-RSX,57,4,0,128,44,91,70,0,0,47,29,1464,0,0,96,103,0,16,9,543,604,211,227,0,0,15,29,26,46,89,57,160,81,0,19,19,14
cell_493-BPA-5-RSX,303,46,0,1438,118,901,365,103,0,193,8,369,0,1323,706,295,0,121,40,1302,371,2111,1935,15,1,586,637,353,53,248,304,69,538,2,1227,1228,51
cell_494-BPA-5-RSX,292,15,0,1,335,627,22,103,197,322,4,320,6,98,1084,793,0,82,118,1188,517,864,867,0,266,1,164,22,99,13,296,344,459,0,17,17,34
cell_495-BPA-5-RSX,294,12,0,354,75,67,781,90,0,506,2,3,0,48,0,102,0,18,208,144,180,716,728,0,0,364,1291,8,12,1590,295,951,294,0,517,517,0
cell_496-BPA-5-RSX,1,11,0,174,0,767,391,79,0,6,0,101,0,0,574,178,0,47,34,238,0,1165,1151,0,0,761,359,60,0,259,1,185,1,0,830,827,0
cell_497-BPA-5-RSX,40,37,0,17,60,297,260,196,16,61,4,1791,1,208,773,91,0,220,47,160,569,508,509,0,112,101,358,42,45,695,41,135,256,4,1828,1829,22
cell_498-BPA-5-RSX,0,19,0,731,102,4,102,40,0,97,0,422,0,0,267,56,0,37,0,547,538,463,464,0,2,145,0,0,0,0,0,0,314,0,53,51,0
cell_499-BPA-5-RSX,703,98,0,1,104,50,12,1,0,244,0,1058,0,0,1028,112,3,8,134,69,368,92,91,0,0,454,12,206,0,1598,704,199,0,1,2547,2529,12
cell_5-BPA-5-RSX,0,4,0,102,83,120,160,26,0,34,0,179,0,40,243,241,2,40,359,79,189,167,167,0,0,138,334,0,0,495,0,232,8,0,2,2,5
cell_50-BPA-5-RSX,592,318,0,1,233,528,395,496,131,128,2,355,1,566,889,295,0,351,112,1012,434,2359,2341,0,959,1,573,757,108,1488,591,886,789,0,3593,3587,95
cell_500-BPA-5-RSX,43,60,0,14,56,821,0,29,30,22,0,270,4,291,877,101,5,255,126,160,742,0,0,0,165,0,359,215,34,978,43,296,5,1,861,860,9
cell_501-BPA-5-RSX,304,102,0,718,130,560,642,9,0,47,3,207,0,255,1163,67,0,95,197,343,49,720,704,0,0,184,278,160,36,332,304,432,88,0,515,519,15
cell_502-BPA-5-RSX,369,17,0,163,93,184,0,79,0,23,0,79,0,51,675,995,0,55,4,507,85,28,28,0,0,197,1072,106,27,45,368,19,87,0,61,61,0
cell_503-BPA-5-RSX,82,49,0,237,0,53,160,30,0,20,4,138,0,120,99,18,2,6,18,59,46,254,256,0,0,46,97,85,143,250,82,218,47,0,88,88,17
cell_504-BPA-5-RSX,25,4,0,29,8,0,77,0,0,15,0,16,0,5,93,179,6,41,54,0,189,29,30,0,0,126,75,0,0,3,25,0,34,0,109,109,0
cell_505-BPA-5-RSX,13,82,0,118,0,104,1,7,0,0,6,8,0,20,141,62,2,26,7,59,127,85,86,0,0,74,50,8,17,5,13,232,193,0,256,255,13
cell_506-BPA-5-RSX,217,379,0,869,80,0,299,563,0,215,3,342,0,168,1244,324,2,361,13,47,2,547,545,0,2,904,1243,383,61,192,222,1076,560,0,387,383,41
cell_507-BPA-5-RSX,35,258,0,356,12,305,420,212,0,95,2,353,0,72,1005,0,0,58,98,191,370,153,155,0,2,389,244,204,67,489,35,735,830,0,1128,1129,0
cell_508-BPA-5-RSX,154,18,0,35,126,17,21,0,1,55,0,132,0,65,313,248,0,33,24,71,138,0,3,0,0,75,70,13,13,31,154,299,342,0,186,187,8
cell_509-BPA-5-RSX,18,95,0,505,283,245,177,318,0,445,0,661,0,48,119,538,0,0,0,299,280,0,0,0,0,513,344,14,63,295,18,623,298,2,16,16,4
cell_51-BPA-5-RSX,6,3,0,0,2,12,5,11,1,20,0,110,0,26,56,15,0,47,11,39,69,43,42,0,42,4,47,48,0,394,6,108,42,0,40,40,0
cell_510-BPA-5-RSX,591,114,0,679,67,524,136,74,1,81,2,410,0,108,1568,535,0,11,20,547,281,459,459,0,0,541,266,31,45,34,593,926,82,0,2561,2554,90
cell_511-BPA-5-RSX,81,1,0,124,7,179,7,5,0,49,0,89,0,20,153,108,0,3,19,0,30,144,139,0,0,168,129,8,0,23,70,18,112,0,2,2,5
cell_512-BPA-5-RSX,0,216,0,0,129,1567,241,12,39,92,3,318,1,106,471,344,5,64,137,496,493,949,976,0,223,2,257,35,0,227,0,1041,176,7,704,704,20
cell_513-BPA-5-RSX,110,23,0,335,13,0,9,217,0,28,4,250,0,633,0,0,0,144,126,43,305,190,196,0,0,210,53,10,36,55,110,53,80,0,418,418,11
cell_514-BPA-5-RSX,100,9,0,79,32,324,36,29,9,15,0,553,0,112,329,27,0,101,86,146,204,381,390,0,39,10,123,38,18,374,100,167,119,0,372,370,6
cell_515-BPA-5-RSX,50,0,0,141,1,128,0,21,0,4,0,29,0,0,74,21,0,50,0,63,89,170,171,0,0,141,30,3,40,40,50,59,84,0,252,252,2
cell_516-BPA-5-RSX,0,61,0,0,0,299,56,375,100,0,0,0,0,756,993,657,0,150,0,483,662,697,691,0,279,1,0,1,74,93,0,517,0,0,0,0,0
cell_517-BPA-5-RSX,662,136,4,694,234,1706,249,328,0,199,4,116,1,21,672,97,13,12,15,911,49,1068,1030,0,0,375,963,81,0,0,674,164,150,3,1254,1253,22
cell_518-BPA-5-RSX,75,78,0,710,17,110,27,3,0,173,0,13,0,15,385,35,2,27,82,88,404,165,166,0,0,120,125,170,0,2009,76,62,0,0,505,512,9
cell_519-BPA-5-RSX,224,280,0,155,36,576,61,202,6,113,9,330,0,0,2,0,0,6,110,129,73,1154,1141,0,0,61,500,2,0,73,265,257,0,0,1322,1322,0
cell_52-BPA-5-RSX,38,206,0,932,59,988,103,39,0,21,0,203,0,208,885,169,3,28,61,277,478,302,300,0,0,312,275,76,54,792,38,590,186,0,58,58,21
cell_520-BPA-5-RSX,102,129,0,1,28,138,11,100,26,87,0,188,0,221,424,215,11,27,58,264,163,227,225,0,156,0,56,42,0,11,102,301,247,0,117,117,14
cell_521-BPA-5-RSX,127,29,0,557,28,130,27,46,0,26,0,139,0,52,61,53,2,3,11,46,242,90,89,0,0,44,84,13,47,64,127,185,54,2,203,199,3
cell_522-BPA-5-RSX,15,29,0,110,11,49,3,0,0,0,0,21,0,89,139,89,3,24,20,85,71,346,345,7,0,88,73,0,0,13,15,244,16,5,99,100,2
cell_523-BPA-5-RSX,213,113,0,325,93,228,75,158,49,3,0,93,0,269,467,188,0,98,14,584,265,264,260,0,29,447,1146,9,20,6,178,83,102,0,34,35,50
cell_524-BPA-5-RSX,1232,147,4,0,12,328,217,477,75,0,0,502,0,137,314,543,0,54,71,709,311,0,0,0,143,1,31,13,65,103,1232,1878,52,0,1193,1193,32
cell_525-BPA-5-RSX,113,53,0,1,3,194,121,4,17,37,0,28,0,84,231,34,0,57,2,176,19,177,176,0,7,0,16,112,59,42,113,57,180,0,406,407,11
cell_526-BPA-5-RSX,72,7,0,2,7,17,1,65,46,0,0,42,0,186,33,221,2,104,17,31,41,170,162,13,54,1,20,41,6,301,72,526,73,1,319,323,4
cell_527-BPA-5-RSX,31,62,0,239,52,434,8,11,0,113,0,24,0,357,439,426,0,40,2,163,400,0,14,0,0,464,21,99,0,390,31,80,207,0,917,917,0
cell_528-BPA-5-RSX,0,1,0,497,7,28,0,38,0,4,0,1,0,5,15,33,0,37,74,1,356,102,101,0,0,45,0,164,0,219,0,190,82,0,0,0,26
cell_529-BPA-5-RSX,2,0,0,12,2,35,5,0,0,28,0,150,0,45,308,0,0,25,9,130,186,188,187,0,0,96,39,7,165,40,2,36,39,0,240,239,7
cell_53-BPA-5-RSX,73,39,0,0,26,88,69,4,6,19,0,51,0,160,223,32,0,55,28,5,148,274,271,0,91,0,139,21,35,35,73,104,95,5,210,210,2
cell_530-BPA-5-RSX,82,39,0,473,24,266,28,95,0,34,2,177,0,48,201,166,10,83,10,140,70,218,214,0,0,224,200,44,52,0,82,171,92,0,144,144,4
cell_531-BPA-5-RSX,12,0,0,283,4,249,0,33,0,4,0,367,0,111,562,126,0,0,15,12,95,144,147,0,0,10,172,291,3,296,12,146,2,0,54,54,0
cell_532-BPA-5-RSX,4,33,0,1,22,0,8,9,98,0,1,40,0,84,89,50,0,89,28,68,186,7,7,0,211,1,183,6,0,138,4,324,0,0,246,245,8
cell_533-BPA-5-RSX,186,328,0,145,5,325,0,260,0,147,0,364,0,0,2119,0,0,90,83,35,646,267,261,0,0,1,638,25,0,0,146,74,801,0,682,681,117
cell_534-BPA-5-RSX,68,57,0,288,2,0,124,32,0,7,0,116,0,582,543,100,0,0,43,136,41,0,6,0,0,110,164,23,22,386,73,16,0,0,0,0,0
cell_535-BPA-5-RSX,10,2,0,1374,6,0,2,12,0,19,0,14,0,0,895,9,0,11,4,55,92,88,86,0,0,309,262,10,46,30,10,302,5,0,195,192,0
cell_536-BPA-5-RSX,41,78,0,0,36,120,96,24,44,44,0,51,0,200,242,35,0,100,35,232,271,278,277,0,82,0,97,62,33,242,36,321,194,0,337,340,3
cell_537-BPA-5-RSX,63,53,0,1,36,292,253,43,39,67,0,145,0,178,428,66,0,195,61,318,396,533,540,0,195,0,186,151,44,277,63,654,206,0,822,820,9
cell_538-BPA-5-RSX,0,73,0,572,5,110,27,43,0,26,0,396,0,106,64,289,0,75,39,284,61,330,333,15,0,132,119,41,27,601,0,527,217,0,793,792,8
cell_539-BPA-5-RSX,9,71,0,0,108,351,39,948,48,22,7,568,0,178,1452,320,0,84,58,538,268,1949,1915,0,280,0,727,35,29,188,9,358,418,0,2443,2443,58
cell_54-BPA-5-RSX,6,183,0,618,11,0,8,18,8,47,0,32,0,23,111,6,0,2,32,73,135,97,65,0,0,812,34,5,28,32,7,53,250,0,5,5,8
cell_540-BPA-5-RSX,93,57,0,0,150,303,35,20,36,7,0,93,0,179,75,66,0,36,8,75,159,263,282,0,217,0,391,43,127,47,93,319,116,0,381,381,0
cell_541-BPA-5-RSX,554,284,4,316,88,647,139,340,50,747,8,2007,0,332,1210,0,0,10,255,112,421,264,256,0,369,538,669,644,28,927,553,423,601,0,730,731,0
cell_542-BPA-5-RSX,150,80,0,20,33,56,23,138,0,6,0,105,0,41,25,51,0,168,7,368,96,139,122,0,0,21,20,5,0,5,151,250,104,0,13,13,2
cell_543-BPA-5-RSX,75,4,0,461,25,656,17,29,0,171,0,278,0,4,286,366,0,19,0,72,605,0,4,0,0,359,61,43,6,46,75,24,41,0,14,14,5
cell_55-BPA-5-RSX,0,153,0,275,67,49,19,11,0,176,0,99,0,43,53,415,0,17,5,18,82,0,7,0,0,201,1694,83,270,156,0,1037,189,0,3,3,10
cell_56-BPA-5-RSX,35,57,0,361,2,0,31,93,0,9,0,260,0,4,0,3,0,5,4,22,386,61,58,0,1,180,54,0,0,13,35,12,25,0,106,106,3
cell_57-BPA-5-RSX,46,25,0,0,31,30,460,285,48,32,1,525,0,93,1619,112,1,258,62,306,240,0,0,0,646,0,750,193,439,380,46,566,340,0,392,386,78
cell_58-BPA-5-RSX,207,133,0,0,0,0,0,40,0,0,0,2,0,0,0,53,0,48,108,695,202,0,0,0,0,0,850,10,14,138,208,0,398,0,454,454,0
cell_59-BPA-5-RSX,62,76,0,245,15,66,0,171,0,85,0,1048,0,586,1285,75,1,7,192,124,196,179,174,0,0,197,3,50,8,117,41,760,340,0,574,572,0
cell_6-BPA-5-RSX,19,0,0,93,15,85,19,0,0,9,0,51,0,1,456,24,0,3,61,224,245,194,199,0,0,567,8,3,23,0,19,605,74,0,150,150,0
cell_60-BPA-5-RSX,26,30,0,0,13,53,0,23,12,15,0,80,1,181,230,57,0,108,24,7,98,105,104,0,47,0,22,56,0,32,26,95,52,0,230,230,5
cell_61-BPA-5-RSX,118,2,0,319,30,889,373,640,0,84,0,1736,0,266,1398,172,0,107,16,140,334,113,107,0,0,275,317,11,0,31,118,58,230,0,230,232,0
cell_62-BPA-5-RSX,40,11,0,2,9,6,11,214,60,29,0,37,0,127,513,13,1,18,74,71,208,0,0,0,93,0,132,67,0,323,40,192,46,0,77,77,8
cell_63-BPA-5-RSX,26,23,0,323,58,0,0,0,0,9,0,829,0,5,399,31,0,3,47,546,268,283,282,0,0,602,11,20,5,0,26,1175,96,0,0,0,9
cell_64-BPA-5-RSX,1396,759,7,872,285,811,869,1234,389,323,3,783,0,727,2285,1250,1,447,111,2727,749,3159,3153,0,673,259,968,270,47,976,1279,2613,1419,0,2380,2358,21
cell_65-BPA-5-RSX,31,158,0,3,0,126,11,59,31,24,0,188,0,128,413,99,0,0,34,81,46,0,0,0,41,1,189,7,71,47,40,155,136,0,331,330,4
cell_66-BPA-5-RSX,65,1002,0,331,196,877,682,874,44,165,2,2251,0,969,1976,861,2,159,193,561,899,974,840,0,714,527,826,566,68,3256,65,2603,121,0,3556,3552,17
cell_67-BPA-5-RSX,115,36,0,0,109,158,229,87,85,34,0,416,0,217,1319,131,0,109,75,83,207,348,348,0,227,0,67,172,23,673,115,561,171,0,633,633,0
cell_68-BPA-5-RSX,12,78,0,1036,93,39,123,213,0,0,0,31,0,11,389,1600,0,166,55,1858,416,637,643,0,1,839,15,0,9,2,12,662,359,0,1606,1607,21
cell_69-BPA-5-RSX,78,222,0,1098,190,543,234,299,1,47,1,13,0,228,436,345,0,109,300,623,179,900,882,0,10,659,427,213,36,236,78,594,256,0,834,834,42
cell_7-BPA-5-RSX,128,45,0,144,129,191,49,64,0,49,0,15,0,192,282,22,0,137,44,85,34,96,96,0,0,174,78,113,69,48,129,387,169,0,138,139,0
cell_70-BPA-5-RSX,53,7,0,0,104,1,17,60,25,16,0,11,0,30,863,26,0,0,0,72,30,0,0,0,96,0,22,20,4,920,54,237,36,0,574,574,0
cell_71-BPA-5-RSX,1402,66,0,684,184,475,179,0,0,47,0,1,2,460,68,108,0,33,27,118,451,528,515,0,0,675,269,47,0,229,2042,596,286,0,78,78,6
cell_72-BPA-5-RSX,44,18,0,16,0,14,72,5,0,41,0,3,0,0,349,71,0,4,36,45,0,32,30,0,1,93,0,249,14,22,44,3,95,0,18,18,10
cell_73-BPA-5-RSX,210,197,0,636,122,949,217,126,0,112,0,9,0,366,1052,62,0,67,0,987,247,757,753,0,0,440,0,0,17,14,210,86,254,0,169,168,0
cell_74-BPA-5-RSX,28,10,0,190,0,132,16,37,0,0,0,182,0,52,259,22,1,8,0,82,32,64,69,0,0,91,40,28,10,0,28,165,1,0,57,57,0
cell_75-BPA-5-RSX,272,218,0,859,217,2053,155,492,2,172,0,502,0,644,4795,1207,0,451,42,1232,470,1699,1690,0,3,1259,2237,320,54,689,275,1897,385,0,523,524,238
cell_76-BPA-5-RSX,921,31,0,643,53,442,204,80,0,371,1,754,0,602,237,297,0,137,133,922,77,171,179,0,0,103,127,244,87,239,927,151,210,0,170,129,18
cell_77-BPA-5-RSX,179,351,0,572,253,267,324,45,0,115,0,248,0,59,666,674,2,161,44,322,210,433,425,0,0,36,512,38,70,0,181,319,15,0,106,106,83
cell_78-BPA-5-RSX,81,40,0,156,0,588,26,22,0,734,0,113,0,13,780,290,0,128,155,563,426,366,349,0,0,201,101,31,127,226,81,741,314,0,794,792,0
cell_79-BPA-5-RSX,4,0,0,592,39,281,4,98,0,311,0,187,0,12,448,25,1,136,56,276,554,359,357,0,0,96,429,25,142,116,4,1350,463,0,5,5,0
cell_8-BPA-5-RSX,19,338,0,343,19,372,117,56,0,89,0,345,0,120,0,305,2,46,8,96,78,0,0,0,0,256,421,83,0,285,19,247,61,0,68,67,0
cell_80-BPA-5-RSX,8,40,0,93,0,21,18,0,0,128,0,846,0,66,332,152,0,29,16,29,59,0,28,0,0,590,5,110,4,1580,8,28,41,0,88,88,17
cell_81-BPA-5-RSX,148,1,0,539,4,245,150,4,0,5,0,74,0,0,346,69,0,0,3,0,65,13,13,1,0,102,124,66,68,84,148,233,31,0,34,32,0
cell_82-BPA-5-RSX,89,7,0,0,20,43,160,0,18,64,0,0,0,75,264,75,0,41,20,92,96,107,109,0,29,0,148,39,13,108,91,510,96,0,553,553,6
cell_83-BPA-5-RSX,0,123,0,549,0,0,0,196,0,0,0,0,1,282,0,859,0,28,176,0,74,225,219,0,1,381,0,0,50,352,0,331,758,0,897,894,0
cell_84-BPA-5-RSX,7,26,0,776,0,397,218,525,0,92,0,5,0,22,182,70,1,167,18,10,88,42,42,0,0,553,435,11,40,273,7,1,37,0,1,1,0
cell_85-BPA-5-RSX,6,8,0,0,17,386,2,52,40,18,0,337,0,92,153,100,1,104,29,234,275,420,417,1,58,0,122,83,0,270,6,354,88,4,1011,1009,1
cell_86-BPA-5-RSX,0,71,0,100,0,62,36,7,0,0,2,121,0,0,0,127,0,5,101,511,289,62,62,0,0,10,470,34,0,9,0,317,500,0,0,0,8
cell_87-BPA-5-RSX,34,92,0,1335,9,49,0,0,0,0,0,383,0,84,341,193,1,166,5,224,133,0,10,0,0,66,177,14,19,121,34,369,23,0,174,174,0
cell_88-BPA-5-RSX,51,57,0,111,20,34,0,72,0,6,0,12,0,2,169,58,0,2,0,67,167,248,244,0,0,89,0,37,0,9,51,40,9,0,90,90,0
cell_89-BPA-5-RSX,107,0,0,515,0,62,37,364,0,153,0,1,0,0,0,0,1,0,0,53,250,0,0,0,1,393,132,0,145,9,107,296,267,0,57,57,0
cell_9-BPA-5-RSX,31,2,0,197,41,0,6,252,0,89,0,203,0,50,110,66,2,9,26,36,148,0,13,0,0,498,189,18,12,8,31,596,52,1,10,10,6
cell_90-BPA-5-RSX,14,69,0,0,9,899,0,30,33,0,0,127,0,85,332,48,1,52,0,18,68,16,16,1,106,0,120,71,0,470,14,85,111,0,115,115,4
cell_91-BPA-5-RSX,263,70,0,0,188,175,151,55,91,353,1,192,0,728,1274,183,0,94,98,374,425,0,0,0,142,0,268,211,51,268,263,634,168,0,873,872,4
cell_92-BPA-5-RSX,455,457,0,190,39,237,34,7,0,140,3,261,0,73,165,166,0,16,53,4,67,686,613,0,1,1301,79,11,0,125,455,170,3,0,514,516,0
cell_93-BPA-5-RSX,485,314,0,433,150,1632,85,0,0,322,0,273,0,0,538,0,0,65,143,119,360,94,88,0,0,1934,27,298,68,977,484,1329,40,0,686,686,6
cell_94-BPA-5-RSX,2130,1032,6,2,342,1648,1885,234,812,462,7,358,0,577,1471,985,0,484,406,2558,1375,1378,1345,0,125,7,3066,672,13,340,2117,541,2792,6,2119,2150,145
cell_95-BPA-5-RSX,7,180,0,764,65,430,86,0,0,57,0,484,0,89,1087,247,0,152,80,340,471,948,934,0,0,316,575,62,0,34,7,208,64,0,144,144,4
cell_96-BPA-5-RSX,3,0,0,789,31,12,0,0,0,30,0,27,0,46,201,86,1,115,20,308,202,570,548,0,0,256,21,17,0,72,3,88,12,0,507,509,0
cell_97-BPA-5-RSX,1047,367,1,1858,556,1004,0,794,0,162,1,0,0,342,0,870,1,88,189,1018,327,497,492,1,0,2645,399,48,60,615,1044,2645,2,7,2162,2160,135
cell_98-BPA-5-RSX,0,331,0,1117,0,3,23,1,0,114,0,540,0,13,797,0,1,104,96,130,0,832,829,0,0,109,2,0,56,458,0,718,0,0,110,110,0
cell_99-BPA-5-RSX,400,10,0,1889,154,1686,6,37,0,58,0,1112,0,961,1950,962,3,331,89,118,546,2347,2328,0,134,928,49,60,67,859,399,235,117,0,2554,2549,0
