,chr1:158612236:A/G,chr11:94170484:TTC/T,chr2:25457242:C/T,chr9:131394501:G/A,chr11:65631167:C/T,chr17:56436109:C/T,chr1:46521517:G/A,chr6:111628626:C/T,chr12:49434074:C/A,chr1:226578099:T/C,chr7:2962753:G/A,chr13:25052420:T/A,chr1:46521559:A/T,chr6:26271241:G/A,chr1:11288758:G/A,chr22:29130300:C/T,chr6:111628597:C/G,chr20:9560712:A/G,chr20:62303794:G/A,chr3:189604149:T/G,chr17:7579472:G/C,chr17:7577427:G/A,chr16:68857289:T/C,chr17:56492800:T/C,chr17:7577407:A/C,chr15:59322829:A/G,chr12:25398284:C/A
0,1,1,0,1,1,1,1,1,1,1,1,1,1,1,1,1,1,1,1,1,1,1,1,1,1,1,0
1,1,1,0,1,1,1,1,1,1,1,1,1,1,1,1,1,1,1,1,1,1,1,1,1,1,1,0
2,1,1,0,1,1,1,1,3,3,1,1,1,1,2,1,1,3,1,1,3,2,3,1,1,3,2,0
3,1,1,0,1,1,1,1,3,3,1,1,1,1,2,1,1,3,1,1,3,2,3,1,1,3,2,1
4,1,1,0,1,1,1,1,3,3,1,1,1,1,2,1,1,3,1,1,3,2,3,1,1,3,2,1
5,1,1,0,1,1,1,1,1,1,1,1,1,1,1,1,1,1,1,1,1,1,1,2,2,1,1,0
6,1,1,0,1,1,1,1,1,1,1,1,1,1,1,1,1,1,1,1,1,1,1,1,1,1,1,0
7,1,1,0,1,1,1,1,3,3,1,1,1,1,2,1,1,3,1,1,3,2,3,1,1,3,2,1
8,1,1,0,1,1,1,1,3,3,1,1,1,1,2,1,1,3,1,1,3,2,3,1,1,3,2,1
