,chr20:62303794:G/A,chr12:133252796:C/G,chr17:7572927:T/C,chr17:7801776:C/T,chr3:52637486:C/G,chr4:55980456:C/T,chr19:5219803:T/C,chr2:148657117:G/A,chr22:29130347:G/GT,chr1:163298548:T/C,chr16:68857289:T/C,chr9:21968199:C/G,chr11:57572122:G/A,chr17:41245466:G/A,chr6:101099555:A/C,chr17:7578115:T/C,chr18:46476196:C/T,chr14:75514610:T/C,chr17:41245471:C/T,chr3:52436820:T/C,chr3:9793343:T/G,chr12:25398284:C/T,chr10:88683122:T/C,chr20:31387954:C/G,chr6:7229346:T/C,chr13:32929232:A/G,chr6:7229619:G/A,chr4:2210065:C/A,chr18:19751450:C/T,chr17:56436109:C/T,chr15:41275014:T/G,chr1:120458924:G/A,chr17:7579472:G/C,chr19:5219829:T/G,chr8:30933859:C/T,chr1:226578099:T/C,chr12:49424235:G/A,chr17:7579801:G/C,chr11:118344655:C/T,chr17:56492800:T/C,chrX:70349824:T/C,chr13:32913061:T/A,chr12:49424235:G/T,chr10:88683209:T/G,chr22:29130458:T/C,chr4:187538942:T/G,chr19:36222924:C/T,chr20:57415609:C/T,chr13:32914437:GT/G,chr17:8051922:C/T,chr3:189604149:T/G,chr12:49434074:C/A,chr17:7573996:A/T,chr12:49424234:G/A,chr6:35425761:G/T,chr9:137293761:G/A,chr3:30686414:A/G,chr1:11288758:G/A,chr1:91859801:A/G,chr14:75514734:A/G
cell_1-BPA-2-IR,314,2,1,2,214,390,1204,1400,328,0,1784,296,0,472,67,675,0,0,472,0,832,77,254,705,399,1117,8,352,0,210,19,0,505,1202,406,123,4,225,0,543,0,0,1,0,13,58,1,1,5,438,0,5,0,5,2,50,5,188,51,1
cell_10-BPA-2-IR,1288,0,1,0,1378,572,408,137,287,1,4872,0,0,751,1111,14,0,0,748,0,0,451,1577,0,0,14,0,886,0,393,0,913,1,408,28,221,57,0,0,734,0,0,12,2504,0,663,0,1,26,1631,2259,1,2647,2,1,51,980,4956,239,0
cell_100-BPA-2-IR,527,25,0,5,1485,864,20,663,390,121,60,328,0,575,0,3131,0,0,576,0,1735,0,573,382,180,1053,1,681,0,235,339,416,309,20,54,532,27,91,1,38,14,0,8,886,203,2414,2,0,4,1,2351,830,3,1,0,0,29,1298,43,0
cell_101-BPA-2-IR,117,0,0,0,162,62,332,94,83,376,29,0,0,121,137,0,0,0,122,0,0,43,51,55,0,0,0,90,0,70,0,309,0,332,2,322,10,0,0,11,0,0,2,297,0,1224,1,0,6,289,353,0,373,0,0,0,138,258,9,0
cell_102-BPA-2-IR,390,0,1,0,899,257,261,172,2353,146,675,0,0,1501,42,2,0,1,1490,0,0,827,168,0,1,24,0,259,0,137,0,133,0,260,1397,27,2,0,0,103,0,0,6,823,1,0,0,1,46,518,856,35,815,13,1,8,224,2630,1451,0
cell_103-BPA-2-IR,373,21,0,40,166,153,593,762,213,127,923,176,0,1011,0,2191,1,1,1007,0,362,0,114,461,74,848,3,57,0,104,81,63,239,591,274,533,26,32,0,120,0,0,19,430,615,477,3,24,87,263,16,807,0,0,0,4,23,1018,13,0
cell_104-BPA-2-IR,958,0,0,0,720,884,337,753,495,98,222,0,0,324,321,9,0,0,323,0,0,306,958,0,1,7,0,82,0,192,0,1107,0,333,5,0,17,0,1,713,0,0,1,1040,0,0,1,0,78,1459,1224,0,813,1,3,10,206,1127,438,0
cell_105-BPA-2-IR,65,0,0,10,260,124,19,1118,12,24,71,294,0,515,0,129,0,0,517,0,371,0,96,0,75,66,0,57,0,100,10,133,56,19,151,307,7,19,0,8,0,0,2,790,12,46,0,0,0,358,108,357,0,0,1,0,134,107,5,0
cell_106-BPA-2-IR,277,0,0,0,664,1155,77,209,319,180,486,0,0,1904,145,9,0,0,1904,0,1,240,100,0,0,2,0,1031,0,238,0,599,0,77,48,1902,27,0,0,249,0,0,1,1064,0,1910,0,0,74,968,364,2,2029,0,1,0,381,1292,388,0
cell_107-BPA-2-IR,29,0,0,0,61,111,7,89,116,66,94,29,0,221,15,68,0,0,219,0,31,12,82,87,9,82,0,73,0,15,6,39,7,7,34,109,0,1,0,27,4,0,0,212,13,152,0,0,0,28,204,63,37,0,5,2,18,132,28,0
cell_108-BPA-2-IR,90,0,0,0,30,31,14,67,79,62,39,0,0,520,0,5,0,0,525,2,0,54,0,0,0,2,0,81,0,4,0,52,0,14,1,187,1,0,0,0,0,0,1,283,0,182,0,0,3,44,676,0,64,0,0,2,2,94,70,0
cell_109-BPA-2-IR,716,0,0,0,277,140,93,74,334,297,837,0,0,90,21,2,0,0,90,0,0,48,448,0,0,0,0,133,0,94,0,260,0,92,11,716,2,0,0,198,0,0,1,1174,0,70,0,0,13,290,1538,1,967,0,0,0,1,511,71,0
cell_11-BPA-2-IR,1085,0,0,0,1380,62,36,140,1807,893,483,2,0,409,177,1,1,0,411,0,0,509,1020,0,0,7,0,201,0,125,0,247,0,36,0,3,16,0,0,0,0,0,5,498,0,0,0,10,62,443,109,6,861,0,1,55,72,1138,240,24
cell_110-BPA-2-IR,133,16,0,9,390,51,128,101,0,284,0,404,0,676,7,709,0,0,680,0,0,0,0,1103,242,12,5,2,0,1,394,256,903,127,309,0,24,84,0,42,0,0,3,1572,518,8,0,0,0,89,288,338,0,0,1,25,71,5,1483,0
cell_111-BPA-2-IR,349,0,0,1,850,83,120,90,376,150,716,220,0,498,65,137,0,0,498,0,133,131,146,0,0,333,0,388,2,120,0,361,49,121,16,433,32,96,0,61,0,0,4,233,0,203,0,0,12,242,776,1,1914,2,1,55,116,488,50,0
cell_112-BPA-2-IR,65,3,0,0,5,139,35,387,95,31,145,184,0,156,0,327,0,0,154,0,352,0,183,452,26,12,5,55,0,99,3,82,123,35,86,196,0,102,0,44,0,0,0,457,0,283,0,0,0,136,570,369,0,0,0,0,0,146,0,0
cell_113-BPA-2-IR,730,0,0,0,1547,34,0,196,943,650,560,0,0,453,26,143,1,0,452,0,1,392,612,0,3,0,0,2522,0,362,11,628,0,0,28,234,12,0,0,1139,0,0,0,0,3,2462,0,0,44,461,1707,0,1967,0,6,0,667,1003,224,0
cell_114-BPA-2-IR,2930,0,0,0,1928,3420,48,82,1459,1287,0,0,0,2021,1473,14,0,0,2020,0,0,963,52,0,0,1464,0,614,0,1,0,1176,0,48,19,372,21,0,9,1,0,0,4,2286,0,0,0,1,52,364,3904,2,2670,1,4,67,2687,2444,645,0
cell_115-BPA-2-IR,1154,4,0,1,444,1206,961,485,245,317,80,425,0,1941,140,1122,0,0,1893,0,477,235,71,0,187,296,24,714,0,332,19,1254,42,956,913,1031,41,78,0,990,2,0,4,1335,18,700,1,2,38,1494,603,801,430,0,0,72,477,2532,70,0
cell_116-BPA-2-IR,166,28,0,4,48,91,705,162,41,881,1261,697,3,686,596,153,0,0,685,0,1069,1,144,3448,694,5916,30,57,0,164,44,642,1280,701,962,405,29,82,1,433,0,0,8,1748,77,553,1,0,17,8,385,1188,1,1,0,16,1006,176,518,0
cell_117-BPA-2-IR,31,0,0,0,43,70,9,106,50,56,117,30,0,150,0,54,0,0,150,0,53,12,102,16,10,82,0,56,0,11,5,39,12,9,12,67,0,12,6,49,0,8,0,157,14,83,0,0,2,31,187,54,42,0,3,0,21,92,43,0
cell_118-BPA-2-IR,257,63,0,14,651,4,130,90,254,503,49,127,0,792,0,711,0,0,795,3,542,0,541,208,4,263,0,0,0,156,28,34,72,130,76,81,3,8,0,18,0,0,0,482,105,497,0,0,26,58,575,137,0,0,0,0,342,335,31,0
cell_119-BPA-2-IR,1821,0,0,0,775,290,54,146,774,116,1768,0,1,534,338,2,0,0,536,0,2,1194,499,0,0,0,0,155,0,44,0,1024,0,50,237,0,33,0,0,737,8,0,5,140,3,0,0,0,374,932,894,0,925,0,2,26,1049,694,147,0
cell_12-BPA-2-IR,191,24,0,20,244,37,335,128,91,178,242,116,0,87,0,1160,0,0,86,0,877,0,791,573,16,179,0,107,0,12,172,122,211,333,282,1122,8,164,1,846,0,0,1,736,158,935,1,0,4,181,279,277,0,1,0,2,33,59,9,0
cell_120-BPA-2-IR,928,0,2,34,924,589,1593,757,436,979,818,1239,1,269,68,733,4,0,265,0,631,14,1290,947,1000,2513,125,930,0,1102,52,488,29,1595,167,1501,12,1086,0,555,1,0,0,4345,918,690,4,42,40,221,3005,873,0,3,7,59,177,595,365,1
cell_121-BPA-2-IR,132,0,0,0,1421,907,2226,1148,2043,546,910,0,0,1740,16,35,0,0,1743,1,0,1713,144,0,0,7,0,5,0,435,0,1844,0,2224,641,204,55,0,0,1966,0,0,7,808,0,0,0,1,100,1260,3201,0,4430,2,4,77,944,4014,2366,10
cell_122-BPA-2-IR,202,30,0,23,15,0,272,78,1767,0,653,128,0,979,24,399,0,0,979,0,92,0,31,472,348,98,4,444,1,11,201,68,5,272,2,6,6,96,5,408,0,0,1,617,496,129,0,1,3,20,13,123,0,0,2,0,65,560,153,0
cell_123-BPA-2-IR,202,12,0,10,224,129,473,841,506,284,140,1510,0,1434,142,1849,0,0,1433,0,1240,0,853,289,192,1853,1,431,2,206,73,264,590,474,6,0,15,241,0,1589,0,0,2,5074,919,472,3,1,2,47,48,2303,2,7,2,0,0,822,0,0
cell_124-BPA-2-IR,48,9,1,20,234,54,21,242,0,29,21,639,0,163,114,231,0,4,166,0,164,0,1442,1505,17,1124,0,298,0,4,8,172,436,16,196,530,5,65,0,99,0,0,2,862,78,2943,0,0,27,47,107,561,0,2,3,9,90,238,16,0
cell_125-BPA-2-IR,10,0,0,1,62,70,7,103,71,57,90,26,0,169,17,50,0,0,175,0,41,30,90,40,8,100,0,48,0,15,13,40,11,7,20,105,0,9,5,23,0,3,0,172,25,144,0,0,0,26,177,69,24,0,0,2,21,126,25,0
cell_126-BPA-2-IR,290,0,0,0,349,2,66,52,512,63,22,0,0,1145,3,4,0,0,1149,0,0,86,128,0,0,0,0,439,4,111,0,26,0,66,4,1555,4,0,0,86,0,0,1,82,0,846,0,0,14,141,91,0,59,0,1,0,21,148,221,0
cell_127-BPA-2-IR,238,0,0,102,377,24,30,24,10,1165,693,335,0,222,574,1219,0,0,223,0,688,0,43,1459,24,678,28,123,0,133,38,244,422,30,671,502,41,96,0,625,0,0,5,2629,9,2515,0,0,2,171,720,352,2,0,3,12,111,638,128,0
cell_128-BPA-2-IR,35,0,0,0,42,49,16,67,28,34,101,9,0,141,16,53,0,0,137,0,51,18,68,38,10,82,0,77,0,15,7,25,6,16,14,47,0,9,0,11,0,0,0,91,10,124,0,0,0,37,165,36,23,0,0,1,17,147,17,0
cell_129-BPA-2-IR,29,0,0,1,90,80,21,113,108,71,138,31,0,297,13,90,0,0,298,0,37,16,90,58,17,146,0,101,0,20,5,82,4,21,60,133,0,0,0,43,3,3,0,205,17,75,0,0,0,60,232,65,61,0,0,0,17,146,63,0
cell_13-BPA-2-IR,121,0,0,0,0,121,165,79,977,1119,0,0,12,104,6,0,0,0,114,0,813,0,105,1,266,148,36,1125,0,59,0,133,0,163,85,58,20,0,52,211,0,0,0,1109,3,171,1,0,8,0,722,0,0,6,0,36,78,1298,41,0
cell_130-BPA-2-IR,878,0,0,79,584,159,44,989,509,2575,524,1574,1,861,52,3692,0,0,866,0,1599,5,1433,2642,796,3815,18,633,0,474,115,72,2691,43,125,224,178,516,0,993,0,0,12,1571,1840,5702,2,6,60,2250,319,1948,0,18,3,182,1859,492,138,0
cell_131-BPA-2-IR,38,0,0,2,99,121,24,128,143,123,205,28,0,292,33,97,0,0,292,0,60,29,119,58,7,150,0,128,0,30,13,55,12,27,28,114,0,8,0,57,5,0,0,244,25,155,0,0,0,19,286,105,38,0,1,3,40,219,29,0
cell_132-BPA-2-IR,23,0,0,0,308,99,35,42,14,1904,271,314,0,315,0,2292,0,0,314,0,480,0,160,612,76,4767,0,1202,0,79,0,43,191,35,55,2799,7,70,0,0,0,0,1,25,22,3830,8,0,0,446,323,1266,0,0,0,0,76,53,0,0
cell_133-BPA-2-IR,1314,61,0,44,1719,1307,593,2027,1401,157,3070,384,1,1409,35,2022,1,0,1408,0,2710,269,908,835,81,2241,8,1124,0,280,11,636,255,592,420,300,20,94,0,415,0,0,14,6129,486,589,5,9,28,744,1553,491,279,0,6,42,524,4371,780,0
cell_134-BPA-2-IR,201,0,0,0,624,3,43,44,122,125,121,436,0,255,15,400,0,0,251,0,442,0,199,252,133,779,13,208,0,10,8,240,0,42,19,735,4,326,0,15,0,0,1,295,0,139,0,0,84,189,183,215,0,0,0,0,13,191,0,0
cell_135-BPA-2-IR,2045,0,0,0,366,189,437,194,516,195,1115,0,0,1694,24,0,0,0,1705,1,0,389,1728,0,0,3,0,1159,0,426,0,1331,0,434,93,253,104,0,0,598,0,0,8,787,0,0,0,1,133,606,4350,3,1757,9,0,2,533,4232,712,0
cell_136-BPA-2-IR,1618,20,1,9,481,834,1274,1650,860,995,1594,878,0,977,813,532,1,2,974,0,172,358,1173,428,179,900,0,472,2,342,130,597,222,1273,133,533,70,167,0,253,0,0,10,1057,716,1182,0,0,54,242,2154,305,1333,4,2,5,535,1807,179,0
cell_137-BPA-2-IR,544,0,0,0,2000,950,172,1340,615,203,866,0,1,2192,97,0,0,0,2179,0,0,97,1349,0,0,0,1,2119,0,595,0,615,2,171,0,746,6,0,0,152,0,0,0,223,0,2882,4,0,2,918,902,3,1267,1,1,3,585,494,1500,0
cell_138-BPA-2-IR,823,66,0,0,165,438,407,1801,28,1744,1914,395,0,6,0,1717,0,0,3,0,961,0,412,2268,425,1702,37,2,0,379,0,65,233,407,291,1536,15,110,0,997,1,0,0,0,0,1,2,0,4,571,330,1399,0,2,1,0,0,787,32,0
cell_139-BPA-2-IR,179,0,0,0,323,157,90,200,6,87,23,0,0,155,2,0,0,0,155,0,0,52,5,0,0,5,0,54,0,95,0,393,0,94,4,156,3,0,0,16,0,0,0,152,0,0,0,0,32,13,302,0,356,8,0,0,143,829,162,0
cell_14-BPA-2-IR,27,0,0,0,232,32,143,69,102,20,75,0,0,1237,71,1,0,0,1237,0,1,54,422,0,1,0,0,119,0,46,0,469,0,143,97,2244,7,0,0,0,0,0,1,517,0,0,0,1,5,113,499,1,1071,4,2,14,28,73,57,0
cell_140-BPA-2-IR,11,0,0,1,88,90,13,129,161,74,148,31,0,254,18,74,0,0,256,0,40,13,80,58,8,94,0,101,1,27,7,58,8,13,32,83,0,11,0,60,4,6,0,241,20,122,0,0,0,41,263,77,42,0,0,0,29,116,19,0
cell_141-BPA-2-IR,1158,38,0,0,1514,1635,1541,225,412,958,681,67,0,853,0,213,2,0,854,0,89,584,689,41,453,424,14,383,0,149,442,845,587,1540,49,724,106,89,0,268,0,0,3,3455,46,3492,3,0,169,170,1697,364,331,6,0,31,134,1557,486,0
cell_142-BPA-2-IR,7,0,0,0,165,6,15,61,336,10,77,0,0,1172,909,0,0,0,1176,0,0,119,477,0,0,1,0,375,0,53,0,76,0,15,56,129,0,0,0,28,0,0,0,199,0,1202,0,4,2,482,4542,0,145,0,0,0,57,367,52,0
cell_143-BPA-2-IR,668,16,0,2,429,369,211,1262,684,273,874,345,0,397,16,756,0,0,396,0,1483,0,444,542,404,817,15,490,0,13,18,684,16,210,0,70,84,265,14,358,0,0,6,1516,76,617,1,0,6,136,2311,256,0,10,2,0,653,1443,593,0
cell_144-BPA-2-IR,122,0,0,0,360,59,296,111,735,453,527,212,0,466,7,252,0,0,468,0,130,25,1349,47,140,645,10,1488,0,172,3,48,17,295,0,19,84,2,0,128,0,0,3,2205,115,1695,0,0,14,264,730,1040,345,16,0,18,38,743,174,0
cell_145-BPA-2-IR,133,0,0,8,267,176,3,61,0,18,57,227,0,306,149,145,0,0,305,0,439,0,305,322,25,424,2,22,0,40,0,185,10,3,0,29,17,54,0,91,0,0,6,737,514,168,0,0,8,174,473,389,0,19,3,0,34,72,242,0
cell_146-BPA-2-IR,2,55,0,0,15,148,563,75,394,566,144,101,0,180,0,872,0,0,178,0,255,0,42,29,208,290,3,515,0,31,36,24,597,563,7,21,18,23,0,111,0,0,1,261,0,51,0,6,38,16,506,1715,0,0,0,0,16,582,60,0
cell_147-BPA-2-IR,420,0,0,0,306,49,197,6,341,63,514,0,0,457,1,1,1,0,457,0,0,970,31,0,0,0,0,9,0,127,0,238,0,196,323,34,0,0,0,1074,0,0,4,806,0,1,0,0,73,53,397,0,786,0,2,0,321,647,142,0
cell_148-BPA-2-IR,185,0,0,18,237,21,115,394,6,29,857,91,0,263,0,440,0,0,263,0,434,0,2045,1036,396,2815,10,183,0,104,368,95,142,115,72,409,14,110,0,29,0,0,1,2056,39,407,0,0,0,125,3991,1323,0,0,2,12,1,3139,11,0
cell_149-BPA-2-IR,33,0,0,1,54,83,17,59,51,69,122,19,0,153,18,39,0,0,157,1,25,21,76,30,5,72,0,70,0,6,1,41,6,17,28,74,0,2,0,12,0,0,0,190,23,90,4,0,0,23,152,53,63,0,0,0,21,65,39,0
cell_15-BPA-2-IR,1068,0,0,0,1171,629,421,278,2500,803,1359,0,0,1302,46,12,0,0,1304,0,0,67,505,0,0,13,0,2332,0,588,0,437,0,421,133,325,15,0,0,633,4,0,1,1678,0,5421,3,0,9,771,1033,2,2124,4,1,1,1057,1467,205,0
cell_150-BPA-2-IR,399,6,4,20,1275,169,220,850,951,1655,867,607,0,1249,2,3828,1,0,1256,0,2120,0,1031,1087,272,4837,32,421,0,766,90,403,404,220,196,113,59,40,11,555,0,0,2,2240,410,3488,16,1,19,181,2414,1887,4,1,5,25,143,843,494,0
cell_151-BPA-2-IR,1693,0,0,2,1467,0,473,0,4214,150,469,0,0,5209,22,28,0,0,5212,0,0,0,0,1,0,718,0,139,1,2,1,1265,0,473,132,80,38,0,0,12,0,0,7,1815,0,0,0,8,13,733,3958,1,2763,0,2,88,1048,907,3040,0
cell_152-BPA-2-IR,0,0,0,16,145,38,526,99,0,0,48,0,0,328,0,671,0,0,328,2,0,0,192,612,0,104,0,229,0,0,13,0,10,526,326,328,0,30,0,0,0,0,0,0,40,1014,2,0,0,131,978,1533,0,0,0,0,70,19,163,0
cell_153-BPA-2-IR,0,0,0,17,709,498,562,0,0,0,353,1453,1,11,96,3312,0,0,1,0,311,0,218,606,446,5,39,336,0,13,2,286,237,562,0,432,52,146,0,199,0,0,11,1,310,2592,2,0,6,174,0,1525,0,18,0,0,0,235,0,0
cell_154-BPA-2-IR,239,4,0,1,164,36,2,2103,1424,40,383,116,0,776,0,695,0,0,783,0,505,0,0,135,259,1609,19,1,0,168,872,111,232,2,46,0,8,20,0,349,0,0,3,1772,8,0,1,2,7,10,487,655,0,0,0,0,292,1,77,0
cell_155-BPA-2-IR,1645,0,0,0,1106,311,524,678,1696,557,282,0,0,2974,423,6,2,0,2973,0,0,491,302,0,0,15,0,2307,0,336,0,689,0,524,43,0,25,0,0,787,0,0,3,1945,3,3726,4,0,36,332,641,1,1967,5,0,7,527,7061,1203,0
cell_156-BPA-2-IR,938,0,0,0,348,383,798,120,270,431,3003,0,0,704,13,16,1,0,704,0,0,326,699,0,0,2,0,36,0,268,0,759,0,812,953,1221,5,0,1,128,0,0,0,1032,0,2659,0,0,57,1014,139,5,1502,0,0,0,966,2527,425,0
cell_157-BPA-2-IR,648,0,0,0,1178,7,2,657,849,3563,895,0,0,2074,315,7,1,0,2066,0,2929,3153,672,0,1,7,0,723,0,241,0,1582,0,0,680,0,115,0,0,200,0,0,14,2,2349,3227,6,0,11,96,1473,4659,576,97,2,16,246,4190,737,0
cell_158-BPA-2-IR,185,7,1,4,761,902,55,466,329,1246,487,759,0,1119,0,1174,0,0,1114,0,1356,0,629,678,51,2271,28,396,0,0,2,185,444,55,11,120,10,109,0,81,1,0,1,1094,506,2321,5,0,0,132,687,1491,0,0,0,33,53,399,207,0
cell_159-BPA-2-IR,700,0,0,0,961,635,724,392,1781,833,27,0,0,1266,271,5,0,0,1269,0,0,560,69,0,2,0,0,77,0,195,0,920,0,723,824,1319,33,0,0,382,0,0,2,1558,0,0,2,0,116,1049,1786,1,1391,3,0,0,202,1141,497,0
cell_16-BPA-2-IR,281,37,0,24,665,505,198,2614,1398,10,1091,1890,0,1895,9,2498,1,0,1894,0,2241,0,272,373,29,252,64,1559,0,837,21,291,143,205,867,96,3,285,0,961,0,0,0,6666,901,1817,1,0,20,425,855,1845,0,0,0,6,1,731,1,0
cell_160-BPA-2-IR,12,24,0,19,2,4,0,0,51,63,124,105,0,957,0,308,0,0,952,0,334,0,39,111,210,22,23,138,0,95,144,61,12,0,0,259,1,18,0,11,0,0,0,3473,27,174,0,0,0,250,5484,747,0,0,0,8,131,262,10,1
cell_161-BPA-2-IR,687,0,0,0,569,186,208,389,383,40,259,0,0,424,69,4,1,0,423,0,0,115,80,0,0,4,0,950,0,149,0,364,0,208,278,300,26,0,0,0,0,0,0,234,0,161,2,0,17,306,423,2,246,0,0,1,113,1767,32,0
cell_162-BPA-2-IR,191,0,0,0,122,7,61,40,120,103,112,0,0,176,176,0,0,0,179,0,0,66,78,0,0,0,0,60,0,24,0,10,0,60,0,542,0,0,0,20,0,0,0,565,0,68,0,0,48,81,632,1,303,0,0,0,156,400,104,0
cell_163-BPA-2-IR,219,0,0,0,307,3,92,397,126,126,67,0,0,456,21,2,0,0,455,0,0,41,591,0,0,0,0,0,0,20,0,112,0,92,19,171,7,0,0,102,0,0,0,149,0,0,0,0,0,98,241,0,663,20,0,5,51,141,69,0
cell_164-BPA-2-IR,26,0,0,7,64,83,30,96,85,63,142,31,0,183,16,65,0,0,187,0,18,3,70,46,14,77,0,69,0,19,19,21,14,30,57,117,0,0,0,26,0,0,0,174,27,96,0,0,0,19,220,61,26,0,0,0,26,125,26,0
cell_165-BPA-2-IR,966,0,0,0,876,0,278,508,430,73,373,0,0,923,688,0,0,0,922,0,0,429,155,1,0,0,0,1290,0,123,0,340,0,279,702,1257,30,0,0,85,0,0,1,988,0,1551,0,0,5,322,639,2,1652,0,0,74,152,184,134,0
cell_166-BPA-2-IR,0,0,0,3,1416,339,143,342,1366,2,0,544,0,869,0,442,0,5,869,0,118,0,488,517,199,875,0,0,0,0,152,210,671,142,0,707,6,78,0,0,0,0,0,872,152,1229,0,0,3,0,0,5,0,1,0,0,1,396,814,0
cell_167-BPA-2-IR,382,13,0,17,704,279,319,1066,155,1514,1272,913,0,2328,215,4139,0,0,2335,0,553,0,466,1160,135,567,3,1379,0,79,75,263,348,319,2296,4,21,494,0,520,0,0,5,5553,577,1089,7,1,0,1007,503,4166,0,7,2,10,743,1236,160,0
cell_168-BPA-2-IR,294,1,0,18,2157,544,1016,1892,1681,1911,521,422,0,401,543,1229,2,33,422,0,1519,0,326,1506,263,828,5,989,1,122,7,238,160,1010,184,354,35,134,0,852,3,0,3,1570,180,640,24,0,16,386,990,3398,0,0,0,39,5,690,409,0
cell_169-BPA-2-IR,1413,0,0,0,2680,993,235,115,206,24,565,0,0,2189,1,0,0,0,2187,0,0,194,9,0,0,2,0,1220,0,148,0,269,0,236,480,1638,11,0,2,742,0,0,0,4837,0,0,0,1,32,348,355,0,566,1,0,44,212,1827,2729,0
cell_17-BPA-2-IR,1000,0,0,0,1255,2024,1126,1527,1789,544,2174,0,0,2488,731,1,0,4,2445,0,1,906,736,0,0,30,0,1914,0,217,0,581,0,1123,435,588,161,0,0,2681,4,0,16,2601,6,2538,1,1,117,2682,1426,7,1765,28,2,4,420,3851,1705,3
cell_170-BPA-2-IR,289,78,0,1,669,326,811,1105,1986,89,663,769,0,437,34,4214,0,0,423,0,651,0,100,2544,387,265,28,81,0,269,98,354,661,812,126,713,14,132,0,371,0,0,1,2474,1060,1700,0,0,9,26,202,2669,3,0,0,3,115,412,583,8
cell_171-BPA-2-IR,201,0,0,0,453,772,120,43,282,38,33,0,0,564,11,3,0,0,567,0,0,149,172,0,0,4,0,496,0,60,0,77,0,120,224,254,48,0,0,211,0,0,0,383,0,1294,0,0,3,324,1934,0,613,11,0,8,76,717,64,0
cell_172-BPA-2-IR,760,0,0,70,1195,0,790,0,314,1538,0,1340,1,0,128,2512,0,0,0,0,2485,0,215,0,47,545,12,701,0,354,119,942,128,789,11,1,15,499,0,675,1,0,0,833,69,4330,0,0,0,301,257,2,0,0,1,37,431,1301,1777,0
cell_173-BPA-2-IR,187,3,0,10,0,396,156,1316,201,260,455,357,0,291,0,819,0,0,291,0,70,0,436,593,20,747,4,429,0,212,128,116,207,156,206,324,0,26,0,540,0,0,0,1142,534,41,0,0,2,21,139,476,0,0,0,8,0,252,2,0
cell_174-BPA-2-IR,189,0,0,14,15,78,60,907,0,0,4,107,1,726,197,911,0,0,725,0,4,0,865,103,166,384,12,7,0,29,27,138,10,60,28,232,4,16,0,157,0,0,1,332,34,374,1,0,0,13,514,356,0,5,0,0,3,596,26,0
cell_175-BPA-2-IR,607,0,0,0,506,1762,927,864,1597,1723,5,0,0,1452,199,1,0,0,1453,0,0,941,783,0,0,3,0,1150,0,87,0,763,0,923,43,441,14,0,0,22,1,0,0,981,0,353,1,1,46,387,2462,1,869,0,2,28,129,925,586,2
cell_176-BPA-2-IR,122,0,0,0,0,9,3,96,18,0,0,272,0,34,0,534,0,0,34,0,672,0,887,39,14,330,15,15,0,67,6,61,37,3,7,78,0,0,0,9,0,0,3,49,154,820,0,0,9,647,140,137,0,3,3,0,59,420,113,0
cell_177-BPA-2-IR,832,0,0,0,2005,11,1547,0,867,104,2101,0,0,2121,171,10,0,0,2119,0,0,754,1339,1,0,9,0,2619,0,395,0,1159,0,1545,23,544,29,0,0,1785,0,0,10,0,0,1999,3,1,135,1488,1566,0,3096,5,3,12,341,3078,970,0
cell_178-BPA-2-IR,946,67,1,102,2101,1502,2861,2107,2199,753,853,2611,2,2492,289,8887,0,24,2489,0,6673,0,1283,2214,106,1588,23,2575,3,1522,143,1470,1159,2837,153,296,77,1201,2,2179,0,0,0,6041,340,4717,1,4,109,1305,632,1287,2,3,10,64,217,8928,572,0
cell_179-BPA-2-IR,302,0,0,0,264,751,0,455,942,0,16,0,0,1004,3,0,0,0,1004,0,0,0,0,0,0,0,0,0,0,0,0,211,0,0,685,0,9,0,0,31,1,0,2,0,0,0,0,0,0,73,1383,0,774,0,0,0,0,3364,114,0
cell_18-BPA-2-IR,371,0,0,0,239,905,44,161,498,132,184,0,0,1375,1019,0,0,0,1376,0,0,22,15,0,0,2,0,262,0,49,1,139,0,42,41,34,40,0,0,360,0,0,2,1615,0,325,1,4,5,72,172,1,353,2,0,11,64,204,121,0
cell_180-BPA-2-IR,365,0,0,0,160,137,102,913,330,19,277,0,0,542,144,19,0,0,544,0,0,254,73,0,0,7,0,572,0,82,0,316,0,102,415,255,63,0,0,95,0,0,6,591,1,0,0,8,19,54,1788,6,644,5,0,2,103,1136,220,0
cell_181-BPA-2-IR,30,0,0,1,99,73,23,105,67,65,118,22,0,108,17,33,0,0,112,1,26,14,51,29,5,85,0,45,3,13,3,18,3,23,40,97,0,0,0,9,0,0,0,157,41,87,0,0,0,26,176,42,45,0,0,0,25,92,10,0
cell_182-BPA-2-IR,11,25,0,5,275,8,8,54,3,543,120,918,0,743,0,1496,0,0,740,0,161,0,466,532,112,528,5,708,0,238,185,680,739,7,2834,210,4,262,0,38,0,0,3,173,7,1218,0,0,0,691,0,122,0,0,0,29,57,1587,1,0
cell_183-BPA-2-IR,449,0,0,55,691,849,494,1033,100,1479,4013,385,0,281,9,943,0,0,281,4,839,0,3014,317,261,1685,0,1441,0,313,57,70,864,495,19,94,45,43,0,663,0,0,10,930,724,1363,0,0,0,100,194,1725,0,6,2,0,112,1771,112,0
cell_184-BPA-2-IR,16,0,0,0,77,78,11,96,94,83,133,24,0,180,12,55,0,0,180,0,44,16,66,51,2,105,0,114,0,19,4,40,4,11,51,87,1,2,2,40,0,0,0,117,31,101,0,0,0,16,149,78,19,0,0,1,13,94,33,0
cell_185-BPA-2-IR,69,25,0,16,57,10,175,204,0,157,339,410,0,852,44,2064,3,0,849,0,289,0,81,350,55,98,0,83,0,14,133,308,3,175,751,1610,11,184,0,101,0,0,3,965,474,385,19,0,4,32,4,292,0,0,1,0,17,272,84,0
cell_186-BPA-2-IR,435,2,0,29,455,761,335,497,544,245,612,662,0,452,27,1800,2,0,452,0,246,0,445,672,311,2163,3,240,0,446,82,592,326,335,417,1141,30,235,0,216,0,0,1,1731,224,469,2,0,294,611,844,708,0,0,5,58,34,1852,83,0
cell_187-BPA-2-IR,1459,0,0,0,2058,379,1358,2385,1538,1020,1682,0,0,2094,1302,7,1,0,2099,0,1,542,1424,0,3,6,0,1305,0,620,0,1724,0,1359,292,676,65,0,0,697,0,2,23,5599,1,8,0,0,19,718,748,5,1084,15,2,35,929,6006,1917,0
cell_188-BPA-2-IR,190,0,0,5,16,27,0,1471,503,418,1600,434,0,1421,0,1426,0,0,1422,0,512,1,123,727,231,501,3,283,0,34,118,197,20,0,27,287,33,162,1,987,0,0,1,153,92,789,1,13,55,90,56,362,0,33,0,1,0,194,21,0
cell_189-BPA-2-IR,115,0,0,0,28,62,105,432,222,6,21,0,0,277,0,0,0,0,277,0,0,113,57,0,0,1,0,163,0,39,0,154,0,104,0,1143,6,0,0,0,0,0,0,411,0,0,0,0,0,172,750,0,624,0,1,5,35,196,273,0
cell_19-BPA-2-IR,55,0,0,39,41,63,125,1365,19,855,1225,215,1,902,26,1673,0,0,899,0,980,0,624,718,316,3598,4,181,0,67,14,81,613,126,49,85,15,251,3,994,0,0,0,3138,78,2931,0,1,111,114,295,570,0,1,0,0,0,1037,380,0
cell_190-BPA-2-IR,1051,0,0,55,447,33,2203,1718,672,128,2330,0,0,1006,15,0,0,0,1018,0,1,2056,762,0,0,0,0,296,0,230,0,650,0,2198,2568,677,7,0,0,6,0,0,3,5101,0,0,1,4,438,416,1755,7,2976,0,4,3,154,509,269,0
cell_191-BPA-2-IR,23,0,0,0,64,104,4,70,89,33,121,22,0,189,17,70,0,0,185,0,55,15,89,49,17,108,0,66,0,8,3,24,2,4,40,96,0,0,0,35,0,4,0,215,37,110,0,0,0,53,204,67,45,0,0,0,9,106,29,0
cell_192-BPA-2-IR,251,105,0,25,78,1075,732,65,78,772,1185,544,0,283,7,847,1,0,288,4,602,0,1037,1909,284,1259,4,1595,0,186,225,184,193,723,8,369,99,3,0,1351,0,0,9,1307,7,1855,22,1,19,625,2623,1935,0,12,2,0,39,500,85,0
cell_193-BPA-2-IR,45,0,0,5,86,67,4,82,72,51,82,15,0,117,14,66,1,0,116,0,52,5,63,43,0,109,0,70,0,6,3,31,15,4,20,104,0,4,0,10,0,0,0,89,22,97,0,0,0,32,169,47,32,0,0,2,27,90,46,0
cell_194-BPA-2-IR,162,0,0,0,36,11,329,1327,948,33,1437,0,0,507,271,2,0,0,507,0,1,1110,187,0,0,0,0,210,0,233,0,436,0,329,365,184,14,0,2,26,0,0,1,208,0,42,0,0,4,482,66,1,1202,0,0,13,68,811,31,0
cell_195-BPA-2-IR,1069,33,1,20,480,803,1291,641,950,348,1972,455,0,1270,228,1692,0,0,1269,0,1863,380,1057,877,305,1379,9,347,0,566,126,814,214,1303,651,485,29,176,0,494,1,0,2,2323,204,967,1,1,110,432,1581,892,699,11,1,14,349,2657,1041,0
cell_196-BPA-2-IR,35,1,0,1,70,55,12,47,55,31,102,16,0,106,8,32,0,0,106,0,38,10,65,17,10,83,0,71,0,14,6,33,2,12,12,93,0,0,0,38,0,0,0,118,9,44,0,0,0,29,142,34,46,0,0,1,18,69,16,0
cell_197-BPA-2-IR,1612,50,0,124,690,1876,2913,3814,471,1288,1110,2540,0,1628,481,3597,0,0,1632,0,2806,1,1487,2278,490,1035,30,2751,0,653,115,614,899,2897,817,822,74,395,0,1223,0,0,4,6640,1243,5191,3,0,36,625,1364,2197,1,8,2,17,53,2706,871,0
cell_198-BPA-2-IR,1201,0,0,0,882,1551,1546,726,2035,572,9,0,0,2521,35,11,1,0,2507,0,0,1995,936,1,0,6,0,1643,0,575,0,1636,0,1540,1321,649,28,0,0,929,0,0,0,2833,5,2,1,4,130,1750,960,0,3789,0,5,5,1149,3627,830,0
cell_199-BPA-2-IR,35,0,0,0,74,87,21,101,105,53,109,24,0,244,61,88,0,0,244,0,34,26,94,85,19,156,2,83,0,6,13,39,13,21,62,173,0,11,0,35,0,4,0,207,26,190,2,0,0,32,252,88,68,0,2,1,39,152,68,0
cell_2-BPA-2-IR,208,5,0,11,176,544,25,337,545,158,707,772,1,115,41,430,1,0,115,0,429,0,278,548,131,579,7,393,0,152,302,197,69,7,152,356,27,26,0,154,0,0,3,1150,0,1029,1,0,5,116,2916,663,0,0,0,3,7,2129,626,0
cell_20-BPA-2-IR,82,0,0,16,588,6,147,255,148,7,1021,154,0,316,1060,261,0,0,311,0,861,0,628,370,16,141,35,129,0,41,50,108,14,147,311,76,7,64,0,275,0,0,1,921,59,25,0,0,0,17,2413,496,0,0,1,0,242,2126,7,0
cell_200-BPA-2-IR,234,0,0,9,12,81,0,483,82,406,284,378,0,275,0,932,0,0,275,0,159,0,1787,759,82,181,25,174,0,183,75,292,141,0,185,124,9,118,0,333,0,0,1,3,122,1116,0,0,0,267,170,349,0,0,0,12,87,411,0,0
cell_201-BPA-2-IR,9,0,0,1,31,78,10,73,67,63,118,25,0,113,27,28,0,0,114,0,35,28,87,50,15,89,0,98,4,20,18,42,2,10,26,82,0,3,5,21,0,0,0,129,23,70,0,0,0,13,153,39,39,0,0,0,18,95,19,0
cell_202-BPA-2-IR,37,0,0,1,79,88,6,62,109,53,113,36,0,128,13,39,0,0,132,0,17,12,80,45,8,89,2,96,0,17,9,21,4,6,23,71,0,2,1,28,0,0,1,127,22,90,1,0,2,20,165,42,20,0,1,0,24,94,25,0
cell_203-BPA-2-IR,39,0,0,0,85,65,19,144,99,80,164,26,0,206,17,83,0,0,205,0,10,20,74,57,26,111,0,86,0,24,26,37,12,19,22,117,1,9,0,35,0,0,0,222,36,100,0,4,0,33,177,95,50,0,5,0,41,126,27,0
cell_204-BPA-2-IR,90,0,0,4,37,132,0,327,87,153,265,262,0,172,0,1315,10,1,172,0,12,0,61,459,276,748,0,714,0,40,254,222,10,0,55,590,0,77,0,32,0,0,0,149,55,404,0,0,0,31,1,151,0,2,0,3,19,278,27,0
cell_205-BPA-2-IR,292,0,11,0,33,45,114,279,355,109,1677,180,0,444,231,691,0,0,446,0,603,0,0,382,30,545,39,818,0,127,345,270,86,114,541,966,0,28,2,442,0,0,0,449,2,950,2,2,0,8,740,749,1,0,0,0,103,340,116,0
cell_206-BPA-2-IR,1679,0,0,0,1885,1637,1374,2449,1145,0,1,0,0,1491,232,3,0,0,1492,0,0,630,867,1,0,0,0,1111,0,90,0,0,0,1423,59,1143,16,0,0,0,0,0,1,0,0,0,0,0,7,124,1107,3,1810,0,0,43,4,319,1653,0
cell_207-BPA-2-IR,27,0,0,0,65,59,19,100,76,74,108,31,0,163,18,57,0,0,165,0,52,21,90,31,9,100,3,66,0,25,5,44,6,19,43,120,0,3,0,54,0,7,0,183,16,109,0,0,0,14,209,52,53,0,0,3,30,99,40,6
cell_208-BPA-2-IR,260,0,3,0,182,564,174,476,612,908,468,0,0,1539,223,7,3,0,1544,0,0,335,71,0,0,3,0,1607,1,92,0,190,0,174,792,57,8,0,0,231,0,0,0,1785,0,0,2,4,16,332,306,1,325,1,0,7,433,409,357,0
cell_209-BPA-2-IR,337,0,0,3,60,12,0,7,210,33,136,191,0,1523,144,47,0,0,1513,0,112,0,645,824,176,61,1,138,0,15,92,110,229,0,26,991,14,31,0,799,0,0,0,201,31,828,0,1,0,535,785,281,0,0,0,0,11,464,53,0
cell_21-BPA-2-IR,365,9,0,5,106,107,189,307,382,52,1428,572,0,679,15,1183,0,0,681,0,94,0,608,1321,263,1436,24,3376,0,149,0,911,189,189,10,841,35,206,0,219,0,0,0,1930,52,2610,2,2,24,267,2355,1490,0,3,0,0,23,998,44,1
cell_210-BPA-2-IR,30,0,0,0,21,305,8,6,120,5,41,212,0,20,19,165,0,0,20,0,12,0,3,149,61,182,0,53,0,38,11,38,0,8,0,431,0,2,0,93,0,0,0,118,6,942,1,0,37,78,46,75,0,0,0,0,0,135,120,0
cell_211-BPA-2-IR,460,0,0,102,208,708,444,813,2497,75,450,1499,0,1303,0,2040,1,0,1301,0,345,0,114,668,3,1105,0,195,0,612,137,277,90,449,357,768,2,68,5,954,0,0,0,1297,772,4724,1,0,41,134,215,207,2,0,0,0,309,2888,420,0
cell_212-BPA-2-IR,695,6,0,1,347,67,222,882,442,165,1014,456,1,883,30,295,1,0,883,0,181,77,670,1940,180,322,0,192,1,99,1354,684,445,222,53,593,9,44,0,177,0,0,1,538,609,2122,2,6,63,0,1508,508,244,0,0,0,66,774,63,0
cell_213-BPA-2-IR,517,0,0,0,236,1981,165,1590,293,153,6,0,0,1220,30,2,0,0,1229,0,0,1660,141,0,0,0,0,1196,0,306,0,195,0,175,0,1624,0,0,0,425,0,0,0,1142,0,0,1,3,2,612,1536,5,1341,4,2,0,527,3778,868,0
cell_214-BPA-2-IR,22,2,0,57,45,109,234,143,157,61,2367,466,0,276,0,1140,11,0,274,0,530,0,102,1580,15,980,0,1432,0,85,173,308,67,234,90,806,26,282,0,590,0,0,1,853,73,315,1,0,16,597,832,397,0,1,0,0,148,1158,94,0
cell_215-BPA-2-IR,400,4,0,15,806,1925,2385,479,1571,1010,1133,1012,1,310,26,2036,0,28,312,0,1399,9,30,2740,454,3195,10,845,0,624,9,101,88,2376,4740,71,14,774,0,447,0,0,1,2888,869,5371,0,3,8,338,13,2793,7,17,9,14,114,1812,4,2
cell_216-BPA-2-IR,1038,0,0,0,13,108,810,9,458,6,35,0,0,1389,59,0,0,0,1390,0,0,83,503,1,0,6,0,1445,0,121,0,94,0,809,17,49,0,0,0,65,5,0,0,35,0,1708,1,2,17,353,66,0,525,0,0,15,70,2319,119,0
cell_217-BPA-2-IR,65,0,0,0,0,24,60,259,67,23,44,156,0,223,0,577,0,0,223,0,16,0,11,39,12,66,0,5,0,122,0,98,12,60,308,196,1,3,0,229,0,0,0,39,149,525,0,0,5,12,51,143,0,0,0,0,0,96,0,0
cell_218-BPA-2-IR,829,0,0,0,1207,605,302,1252,439,484,429,0,0,1059,333,7,0,1,1063,1,0,282,87,0,3,2,0,280,0,122,0,1556,0,300,189,325,66,0,1,139,0,0,13,1991,0,0,0,1,123,935,3548,2,1434,24,3,45,59,3203,890,0
cell_219-BPA-2-IR,501,0,0,0,68,45,67,25,735,0,41,0,0,323,21,5,0,0,323,0,0,417,670,0,0,9,0,719,0,152,0,566,0,66,30,515,5,0,0,11,0,0,0,444,0,730,0,0,0,257,774,1,673,4,2,0,342,1128,117,0
cell_22-BPA-2-IR,770,0,0,0,251,9,363,69,703,18,961,0,0,264,76,0,5,4,270,0,0,73,1787,0,0,1,0,74,0,116,0,216,0,364,25,1058,24,0,0,217,0,0,3,745,0,0,0,0,6,390,750,0,2872,0,0,14,3,1858,392,0
cell_220-BPA-2-IR,91,0,0,3,1,801,130,1007,200,608,217,372,0,471,0,1008,0,0,471,0,52,0,1007,437,15,754,2,474,0,230,291,84,202,130,570,307,0,93,0,369,0,0,0,2849,308,65,1,0,5,58,162,772,0,0,0,14,0,445,0,0
cell_221-BPA-2-IR,56,0,0,0,63,77,14,80,88,52,88,26,0,166,15,27,0,0,163,0,30,6,74,45,15,87,0,72,2,5,14,32,8,14,33,127,0,4,0,24,0,2,0,192,17,121,0,0,0,32,142,47,41,0,0,3,43,133,25,0
cell_222-BPA-2-IR,157,1,0,7,10,1024,204,3,215,1528,1625,24,0,306,0,975,0,0,308,0,1165,0,122,11,91,493,7,272,0,163,31,50,117,203,193,1085,10,106,0,21,0,0,0,471,0,63,0,1,22,273,861,434,0,0,0,20,16,121,34,13
cell_223-BPA-2-IR,12,0,0,0,54,56,3,86,55,65,83,3,0,114,3,25,0,2,116,3,25,11,68,25,5,64,0,32,0,14,19,27,3,4,10,60,0,0,0,16,0,1,0,194,21,78,0,0,0,15,149,33,23,0,0,0,18,62,44,0
cell_224-BPA-2-IR,21,0,0,60,147,66,591,440,274,703,45,549,0,188,0,2825,0,0,188,0,451,0,325,1866,0,494,0,141,0,206,0,102,122,591,29,233,55,198,0,1426,0,0,5,1116,507,2806,0,0,28,185,529,2727,0,1,0,0,376,173,103,0
cell_225-BPA-2-IR,33,0,4,0,468,863,410,96,68,6,2332,55,0,374,3,1979,0,0,375,0,1878,0,246,1616,178,1593,19,555,1,499,28,81,85,410,32,2403,10,13,0,37,0,0,1,2913,267,338,0,0,2,333,2398,2330,28,2,4,5,149,1572,669,0
cell_226-BPA-2-IR,159,0,0,24,20,17,61,583,44,267,236,607,1,135,24,513,1,0,155,0,104,0,431,75,1,477,0,127,0,93,36,96,51,61,54,360,1,1,0,74,0,0,0,772,3,85,0,0,0,23,1087,368,0,0,0,3,25,114,72,0
cell_227-BPA-2-IR,365,0,0,0,1074,194,509,1720,999,871,201,0,0,1323,168,3,0,0,1322,0,0,498,76,0,0,0,0,1152,0,158,0,857,0,509,211,967,10,0,0,1140,0,0,0,1118,0,204,0,0,12,217,1222,2,1157,0,1,4,431,1469,1134,0
cell_228-BPA-2-IR,41,0,0,0,106,95,7,104,133,108,122,30,0,274,30,52,0,3,275,0,37,44,97,103,6,158,0,140,0,28,23,41,9,7,28,150,0,5,2,51,0,1,0,205,44,126,0,0,0,47,239,79,27,0,1,0,50,167,57,0
cell_229-BPA-2-IR,21,0,0,0,47,76,3,85,84,79,101,26,0,184,16,39,0,10,185,0,23,3,58,29,5,63,0,61,2,8,22,18,10,3,31,86,0,4,0,34,0,0,0,149,22,71,0,0,0,31,166,44,33,0,1,2,22,69,41,10
cell_23-BPA-2-IR,23,0,0,2,601,0,123,96,72,2,6,48,0,730,0,647,0,0,727,0,128,0,7,336,17,1329,17,337,0,25,132,343,0,123,638,259,9,1,0,0,0,0,3,347,80,201,1,1,3,379,15,962,0,0,1,0,0,48,4,0
cell_230-BPA-2-IR,28,0,0,1,60,67,22,115,105,85,135,33,0,154,8,54,0,0,154,0,36,7,109,39,4,87,0,78,0,19,12,29,21,22,33,110,0,12,0,31,5,0,0,165,23,75,2,0,0,40,170,41,39,0,0,2,45,107,44,0
cell_231-BPA-2-IR,328,145,1,2,1465,577,556,249,139,1237,322,879,1,535,18,785,1,0,536,0,582,1,481,947,296,2135,8,804,0,109,268,264,45,554,656,277,19,344,2,995,0,0,4,1486,411,3109,0,1,47,805,427,822,0,0,0,6,52,1932,95,0
cell_232-BPA-2-IR,17,5,0,0,58,93,16,39,55,32,115,8,0,64,11,94,0,0,64,0,43,2,49,42,16,72,2,59,0,5,4,23,8,16,18,70,0,13,0,31,0,0,0,95,0,72,1,0,0,32,180,59,29,0,0,3,18,111,30,0
cell_233-BPA-2-IR,24,0,0,0,33,58,9,66,70,42,86,18,0,146,20,31,0,0,147,3,36,32,68,50,9,79,0,53,0,9,5,24,26,9,43,107,0,4,0,31,0,0,0,113,18,54,2,0,0,24,191,40,24,0,8,4,29,105,34,0
cell_234-BPA-2-IR,470,6,0,8,283,495,29,442,255,2115,575,331,0,300,7,1830,1,0,300,0,99,3,281,1526,250,1934,0,2236,0,349,522,367,657,29,1745,537,18,84,0,165,0,0,7,1831,0,3207,0,0,10,599,190,722,6,1,0,5,190,915,63,0
cell_235-BPA-2-IR,9,0,0,1,50,82,12,139,83,48,83,21,6,128,11,20,0,0,128,3,26,18,75,32,12,86,0,64,0,13,7,39,5,12,39,54,0,7,0,36,0,0,0,193,22,114,0,0,0,29,201,59,33,1,0,0,30,127,14,0
cell_236-BPA-2-IR,301,0,0,30,732,494,549,358,744,644,1748,576,0,1446,1192,1590,0,0,1453,0,555,1,307,408,65,2680,30,1529,0,214,15,523,304,541,203,628,16,146,1,255,0,0,0,1960,1600,4635,1,0,6,541,279,2268,0,10,0,5,144,1528,37,0
cell_237-BPA-2-IR,897,0,0,0,187,359,446,1207,908,24,582,0,0,2007,2,6,0,0,2014,0,0,59,211,0,1,0,0,69,0,36,0,280,0,445,1,435,42,0,0,204,0,0,0,553,0,0,1,0,6,431,1265,2,963,3,1,2,71,1826,400,0
cell_238-BPA-2-IR,203,0,0,0,535,542,197,64,28,708,326,0,0,397,186,11,0,0,397,0,0,172,91,0,0,0,0,758,0,16,0,174,0,198,135,1847,16,0,0,417,0,0,2,170,0,1591,0,0,16,84,431,0,727,4,1,11,159,123,55,0
cell_239-BPA-2-IR,2177,0,0,0,1295,89,240,416,747,661,1007,0,0,1192,713,3,1,0,1195,0,0,412,169,0,0,6,0,729,0,243,0,1016,0,240,104,1932,11,0,1,144,0,0,1,138,0,1475,0,0,328,556,470,2,1457,0,0,33,75,3560,93,0
cell_24-BPA-2-IR,591,0,0,0,1012,148,392,786,2381,284,27,0,0,1153,0,2,0,0,1155,0,0,491,183,0,0,3,0,2039,0,32,0,678,0,391,1633,276,14,0,0,46,0,0,0,1590,8,3506,3,0,9,1823,5232,0,4248,7,1,14,97,879,2152,6
cell_240-BPA-2-IR,259,0,0,11,203,102,17,268,21,81,685,498,0,736,0,1688,0,3,736,0,423,0,97,660,34,441,12,320,0,61,77,202,178,17,83,715,5,44,0,1730,0,0,1,2208,134,720,0,1,20,277,1476,579,0,0,0,0,49,287,103,0
cell_241-BPA-2-IR,166,10,0,0,181,320,1,206,0,14,146,20,0,707,0,490,1,0,721,0,21,0,617,168,144,7,1,562,0,20,375,73,91,1,0,444,40,15,0,25,0,0,3,273,104,2963,0,0,0,103,78,609,0,0,0,0,32,387,126,0
cell_242-BPA-2-IR,120,2,0,0,46,36,36,209,21,521,1127,350,0,185,395,1422,0,0,184,0,939,0,93,377,74,953,3,90,0,221,0,172,136,36,22,194,0,45,0,127,0,0,0,879,99,658,1,0,4,53,190,760,0,0,0,0,3,821,436,0
cell_243-BPA-2-IR,110,6,0,66,1242,97,294,530,384,102,3911,265,0,198,26,3597,0,0,199,1,56,0,468,913,43,926,35,42,0,173,25,750,559,294,128,1022,29,406,0,257,27,0,3,3381,736,627,1,1,28,142,1600,1791,0,0,0,7,0,2636,24,0
cell_244-BPA-2-IR,710,0,0,0,2745,697,83,1283,1509,0,165,0,0,1877,34,63,0,0,1876,0,1,443,198,0,0,7,0,585,0,84,0,831,0,83,62,110,9,0,0,53,0,0,0,2018,0,0,0,1,3,946,2181,1,1235,0,4,7,402,5100,450,0
cell_245-BPA-2-IR,593,0,0,0,126,489,214,64,1303,73,62,0,0,609,22,1,0,0,607,0,0,95,12,0,0,5,0,1,0,169,0,163,0,213,22,670,19,0,0,35,0,0,0,491,0,0,4,0,9,119,3160,1,353,0,0,30,137,1219,20,0
cell_246-BPA-2-IR,1010,0,0,0,1515,21,2292,94,1371,915,25,0,0,758,22,0,1,0,753,2,0,495,1009,0,0,9,0,273,0,284,0,705,0,2289,82,181,13,0,0,24,0,0,0,156,0,1923,0,1,52,439,1312,0,529,0,1,30,199,866,1213,1
cell_247-BPA-2-IR,91,0,0,0,3,11,17,64,46,81,36,34,0,270,2,151,0,0,269,0,13,53,234,43,11,36,0,81,0,45,113,99,0,17,39,531,8,2,0,53,0,0,2,300,36,222,0,0,0,77,1159,105,165,3,0,0,2,253,131,0
cell_248-BPA-2-IR,397,0,0,0,81,301,30,831,73,47,533,0,0,681,36,1,0,0,680,0,0,485,481,0,0,0,0,92,0,87,0,377,0,30,0,496,13,0,0,0,0,0,3,1108,0,0,0,1,2,44,51,1,918,0,0,34,352,2446,76,0
cell_249-BPA-2-IR,1780,0,0,0,2337,123,1,1657,155,217,13,0,0,758,942,5,0,0,748,0,0,1025,1135,0,0,149,0,3670,0,272,0,829,0,0,156,664,19,0,1,1380,0,0,0,2464,0,3050,0,1,39,2207,1115,4,594,2,0,0,497,1373,613,0
cell_25-BPA-2-IR,30,0,0,3,45,66,34,67,93,60,113,34,0,159,14,66,0,0,159,1,23,8,65,41,7,49,0,109,0,22,8,42,0,34,33,74,0,2,0,40,0,0,0,167,13,94,2,0,0,35,161,60,45,0,0,0,31,106,39,0
cell_250-BPA-2-IR,30,0,0,1,38,50,21,79,61,54,102,16,8,136,1,27,0,0,138,0,39,5,69,29,3,44,0,46,0,8,20,22,4,21,26,86,0,3,0,35,0,0,0,158,25,99,0,0,0,26,181,46,16,0,3,1,52,94,22,0
cell_251-BPA-2-IR,1484,0,10,64,0,0,65,96,0,279,908,0,1,1711,0,2813,1,0,1711,0,929,711,0,955,111,6395,32,939,0,250,64,817,598,65,2945,0,8,1052,0,0,0,0,0,617,0,5435,1,7,0,1118,0,6094,4,0,0,0,0,17,0,0
cell_252-BPA-2-IR,210,55,0,64,117,1104,107,121,704,440,214,1504,0,1173,46,2918,0,0,1173,0,690,1,1298,2172,238,2169,1,855,0,185,83,449,226,101,169,409,4,97,0,530,0,0,0,1150,30,1318,2,1,33,347,3521,2968,0,0,0,66,202,3219,156,0
cell_253-BPA-2-IR,109,0,0,4,194,1443,28,1575,19,955,219,77,0,517,166,219,0,0,514,0,6,0,138,375,147,490,6,527,0,58,11,89,18,28,35,630,30,331,0,31,0,0,0,1357,232,243,0,1,0,51,622,26,0,8,0,0,262,938,90,0
cell_254-BPA-2-IR,32,5,0,6,60,829,2,3,78,456,583,160,0,695,0,293,2,0,699,0,244,0,98,257,20,200,2,0,0,53,4,39,152,2,183,896,0,5,0,45,0,0,0,1147,16,472,0,0,7,30,116,822,0,0,0,0,200,69,1,0
cell_255-BPA-2-IR,1206,0,0,0,538,3,396,179,683,238,88,0,0,760,1007,0,22,0,760,0,0,298,481,0,3,0,0,611,0,224,0,1269,0,395,64,232,17,0,0,139,0,0,5,255,0,998,0,0,42,359,560,1,15,2,1,0,114,1872,0,0
cell_256-BPA-2-IR,306,0,0,16,974,103,570,821,72,50,424,448,0,1044,120,1491,0,0,1045,0,3058,0,1226,209,49,1269,7,569,0,263,12,272,137,568,1022,333,51,4,0,239,2,0,3,1964,146,2208,2,3,11,53,3041,1620,0,5,2,0,0,1696,844,0
cell_257-BPA-2-IR,377,0,0,0,398,6,504,95,208,818,5,0,0,141,147,0,0,0,141,0,0,437,1100,0,0,0,0,374,0,0,0,316,0,504,134,168,5,0,1,0,0,0,0,3843,0,0,5,0,109,110,1259,1,636,6,1,35,48,303,477,0
cell_258-BPA-2-IR,215,0,0,159,0,107,8,127,215,40,2300,232,1,302,0,934,0,0,304,0,204,0,1866,22,653,133,17,51,0,133,551,118,168,8,29,745,0,148,0,81,0,0,0,129,107,590,1,0,3,11,370,547,0,0,0,0,10,26,43,0
cell_259-BPA-2-IR,54,0,0,1,1112,3,153,151,84,5,588,383,0,714,463,1186,0,0,714,0,258,0,88,322,99,2649,8,50,0,64,0,1082,56,150,40,1093,3,20,0,101,0,0,2,225,6,257,0,0,58,768,482,749,0,0,0,6,23,293,2,0
cell_26-BPA-2-IR,274,0,0,5,233,209,1158,264,390,35,1923,378,0,1178,14,1764,0,0,1181,0,932,5,73,768,30,2087,0,448,0,208,33,92,387,1157,60,121,13,307,0,2015,1,0,3,84,267,2995,0,2,25,56,1911,1046,0,0,0,0,0,614,207,0
cell_260-BPA-2-IR,1200,0,0,2,25,1166,1077,214,344,1457,2527,497,0,2119,1426,2849,1,0,2124,0,889,1,1694,1946,624,1609,79,297,0,277,253,823,22,1028,477,274,56,426,0,808,0,0,13,1045,133,901,20,0,46,837,61,2016,6,11,4,25,798,1994,114,0
cell_261-BPA-2-IR,545,0,0,0,253,259,73,1044,1516,26,0,0,0,250,83,3,0,0,249,0,0,62,623,0,0,2,0,370,0,0,0,149,0,73,29,1110,20,0,0,0,0,0,0,1199,3,0,8,0,3,374,612,0,668,4,0,0,179,538,1004,1
cell_262-BPA-2-IR,216,0,0,3,1404,17,163,332,245,59,91,161,0,796,0,130,0,0,793,0,1187,0,66,163,226,711,0,58,0,27,0,50,34,162,902,200,11,70,2,23,0,0,0,1769,18,456,1,1,9,100,890,1607,0,0,0,0,7,297,4,2
cell_263-BPA-2-IR,59,0,0,0,84,36,59,92,313,33,58,2,0,287,1,0,0,0,287,0,43,34,57,0,0,0,0,11,0,19,0,37,0,59,10,121,2,0,0,14,0,0,0,388,50,45,0,0,3,31,51,19,153,0,0,0,15,39,24,0
cell_264-BPA-2-IR,273,14,0,0,0,56,0,112,80,212,465,579,0,584,202,814,0,0,585,0,139,0,134,0,428,649,5,134,0,129,38,263,7,0,102,383,36,306,0,327,0,0,13,4404,30,747,4,1,14,25,1786,1648,0,1,0,0,0,715,0,0
cell_265-BPA-2-IR,17,0,0,0,61,65,11,120,103,93,154,28,0,193,9,37,0,0,195,0,18,24,95,50,10,77,1,58,0,8,16,24,5,11,41,86,0,8,0,22,0,0,0,179,38,112,12,2,0,19,170,68,46,0,0,2,44,125,29,3
cell_266-BPA-2-IR,663,0,1,0,926,1522,75,127,459,370,97,0,0,1915,290,6,0,0,1925,0,0,268,741,0,0,5,0,1322,0,132,0,515,0,74,0,196,12,0,0,101,0,0,1,562,0,2681,0,0,0,1640,549,5,1948,0,0,0,392,0,60,9
cell_267-BPA-2-IR,76,19,0,43,1358,265,217,177,1408,457,629,508,0,498,168,1391,0,0,501,0,793,0,2012,488,225,1296,12,1462,0,124,435,765,40,216,205,1192,33,341,0,1066,0,0,1,749,543,1141,1,2,22,66,142,1443,0,6,2,21,285,2341,39,0
cell_268-BPA-2-IR,706,4,0,70,1876,768,965,2335,87,438,1118,497,0,1024,0,1917,0,0,1025,0,785,1,936,2088,719,131,62,2433,0,899,119,758,696,966,288,604,19,1057,9,387,0,0,0,3622,110,249,1,2,2,149,2612,2252,0,0,1,5,164,1430,937,1
cell_269-BPA-2-IR,1242,0,0,37,133,0,268,53,269,1018,77,342,0,35,49,1311,2,0,37,0,2311,0,2573,547,365,1017,29,616,1,224,12,308,122,268,18,2756,42,64,0,0,0,0,2,2722,0,446,0,5,133,680,243,213,0,3,10,15,86,913,5,0
cell_27-BPA-2-IR,15,0,0,2,62,72,13,92,44,49,75,22,0,180,15,45,0,0,182,0,46,29,50,56,11,117,2,75,0,15,9,15,5,13,17,57,0,4,5,34,0,0,0,147,16,72,0,0,0,42,221,77,51,0,0,10,15,76,34,0
cell_270-BPA-2-IR,287,26,0,15,820,1451,3,46,336,538,173,1319,1,406,0,1055,0,0,406,0,471,0,1522,365,775,105,1,1059,0,172,363,47,241,2,102,546,23,373,0,211,0,0,23,340,5,814,0,0,22,167,847,95,0,0,0,3,111,3603,5,0
cell_271-BPA-2-IR,619,0,1,0,832,148,303,720,1785,169,473,0,1,765,160,2,4,0,766,0,0,768,36,104,0,4,0,44,0,96,0,362,2,304,181,1290,14,0,0,1245,0,0,0,1881,0,1,1,2,34,643,2018,2,2430,1,3,36,56,1371,904,0
cell_272-BPA-2-IR,87,0,0,66,100,5,1026,2325,428,573,121,584,1,620,75,656,3,0,609,0,95,0,352,1575,32,209,8,144,0,86,339,240,196,1029,27,230,0,340,0,370,0,0,0,2216,34,458,0,0,15,73,670,55,0,3,0,39,77,842,8,0
cell_273-BPA-2-IR,1006,0,0,0,821,301,366,1054,1539,886,91,0,1,1301,0,0,0,0,1308,0,0,301,1591,0,6,1,0,185,0,232,0,393,0,366,190,446,30,0,1,206,0,0,0,320,0,1288,0,0,10,478,2688,1,539,3,0,1,192,1630,181,0
cell_274-BPA-2-IR,192,0,0,75,37,2,588,79,421,371,1853,439,0,141,60,2096,0,0,141,0,423,1,76,754,307,806,6,724,0,2,64,554,245,578,12,33,23,221,0,20,0,0,1,1228,601,3234,0,1,6,101,556,679,0,0,1,7,34,742,380,0
cell_275-BPA-2-IR,340,0,0,1,241,78,146,1582,1081,179,216,0,0,1566,1,0,0,0,1570,0,0,124,190,0,0,3,0,203,0,20,0,86,0,146,439,21,22,0,0,335,0,0,1,122,0,1037,0,4,0,279,5076,2,796,2,0,3,142,511,118,0
cell_276-BPA-2-IR,11,0,0,0,111,41,9,79,38,50,95,47,0,188,2,33,0,4,187,0,33,24,79,40,16,74,1,78,0,25,11,37,10,9,40,87,0,4,0,38,0,5,0,164,13,112,9,0,0,43,161,69,17,0,0,0,19,108,32,4
cell_277-BPA-2-IR,345,0,0,0,448,338,102,162,656,854,1241,0,0,1061,9,1,1,0,1061,0,0,207,756,0,0,6,0,1188,0,150,0,279,2,102,302,68,39,0,0,145,0,0,1,3254,1,96,0,0,30,359,1450,3,141,0,0,58,241,1670,276,0
cell_278-BPA-2-IR,50,0,0,1,62,69,13,120,116,86,153,27,0,253,39,79,0,0,254,0,55,18,97,47,14,135,1,109,0,25,14,47,1,13,43,145,0,0,0,24,0,0,0,218,32,119,4,11,0,34,292,105,70,0,0,1,56,150,64,0
cell_279-BPA-2-IR,115,0,0,0,142,85,19,112,160,104,53,0,0,406,0,3,0,0,399,5,0,58,2,0,0,0,0,154,0,72,0,94,0,19,0,150,2,0,0,4,0,0,0,219,0,117,0,0,0,88,341,0,92,0,0,0,12,68,58,0
cell_28-BPA-2-IR,1149,1,2,12,943,23,62,15,120,120,1137,862,1,366,145,1144,0,0,368,0,881,0,773,1934,361,207,2,437,0,565,2,243,356,62,18,944,22,106,6,549,0,0,1,2833,891,166,1,0,10,1460,91,809,0,4,2,0,118,298,51,0
cell_280-BPA-2-IR,501,0,0,75,652,456,246,738,51,690,28,619,0,820,1106,1800,0,0,818,0,535,1,1252,607,79,251,43,278,0,0,20,956,107,248,359,701,32,153,0,950,0,0,2,2688,36,3262,2,1,17,392,403,2699,2,4,2,34,303,671,354,0
cell_281-BPA-2-IR,780,0,0,0,4927,26,717,187,1411,29,74,0,0,1028,35,5,1,0,1031,0,0,289,5,0,0,5,0,304,0,557,0,951,0,718,40,0,1,0,0,911,32,0,0,2100,0,0,13,0,67,3554,1561,0,342,4,9,185,486,905,3306,1
cell_282-BPA-2-IR,94,0,12,0,1124,51,805,226,987,62,479,0,0,158,19,6,0,0,155,0,0,354,681,0,0,13,0,1602,0,33,0,547,0,805,769,96,21,0,0,76,0,0,12,3721,6,2230,1,0,14,49,165,0,154,0,2,4,481,1492,69,0
cell_283-BPA-2-IR,3099,19,0,73,2087,1634,1675,2509,2713,2514,2486,415,1,2337,702,1756,2,2,2335,0,1144,625,1151,651,115,1564,29,2282,0,626,33,1078,588,1674,2091,245,99,245,2,1626,0,0,15,6317,1287,1359,3,3,90,1007,990,1935,3248,12,4,26,461,4412,1832,1
cell_284-BPA-2-IR,35,9,0,0,468,650,607,1964,132,46,519,893,1,499,504,105,0,0,496,0,0,0,1876,283,414,1561,57,1044,0,103,69,77,1046,575,105,284,21,240,0,284,0,0,1,2368,54,3204,0,0,12,14,54,1899,0,2,2,0,85,485,6,0
cell_285-BPA-2-IR,1,0,0,37,158,270,7,450,45,31,502,446,0,93,14,833,0,0,93,0,86,0,295,1030,100,467,26,71,0,52,29,131,75,7,67,999,14,42,0,14,0,0,0,80,7,1011,0,0,3,45,582,1696,0,3,0,0,23,248,0,0
cell_286-BPA-2-IR,15,0,0,4,224,10,26,111,0,0,17,184,0,56,64,238,0,0,58,0,85,0,154,584,134,110,4,6,0,137,168,106,279,26,10,770,6,76,0,127,0,0,39,2333,517,7,0,2,15,0,2856,139,0,0,0,0,77,11,0,0
cell_287-BPA-2-IR,931,45,0,5,833,1114,625,1606,1116,1381,435,651,0,1965,442,2166,1,1,1961,0,838,437,1602,1447,332,2501,20,879,0,428,314,491,515,631,1037,303,123,271,76,768,0,0,45,2705,717,2311,1,2,17,525,2196,1225,1557,96,1,3,505,1785,394,0
cell_288-BPA-2-IR,99,0,0,7,629,175,374,376,1097,862,204,1071,0,862,0,2862,0,0,870,0,2207,0,1551,588,53,429,31,123,0,110,312,0,249,372,678,2,25,54,0,1286,0,0,0,348,0,553,0,0,23,934,44,1686,0,0,1,0,2,0,675,0
cell_289-BPA-2-IR,47,0,0,0,63,79,13,76,37,55,112,15,0,230,5,35,0,0,234,0,25,15,57,57,11,78,0,95,0,11,9,22,14,13,33,77,0,7,0,30,0,0,0,218,41,90,0,0,0,17,205,48,48,0,0,1,37,100,30,0
cell_29-BPA-2-IR,181,9,0,12,108,18,18,246,125,0,139,437,0,549,0,1824,0,4,549,1,0,0,544,123,30,530,7,69,0,76,233,42,6,19,68,0,0,47,0,217,0,0,0,805,0,0,0,0,0,151,799,303,0,0,0,0,1,1,0,0
cell_290-BPA-2-IR,0,0,0,4,37,41,112,122,585,1194,526,19,0,839,43,2973,0,0,842,0,468,0,162,606,217,227,15,1368,0,34,188,417,96,112,480,204,23,94,0,136,0,0,4,346,360,1329,0,0,7,181,714,2648,0,0,0,19,241,885,485,1
cell_291-BPA-2-IR,26,0,0,0,93,72,25,85,81,42,89,25,0,200,10,41,0,0,204,0,18,18,80,44,1,85,0,77,0,35,7,63,8,25,30,66,0,0,4,28,0,0,0,182,12,132,0,0,3,21,189,64,39,0,0,1,39,88,37,0
cell_292-BPA-2-IR,881,69,1,31,1070,1335,853,1921,1638,2579,3274,3128,0,2395,449,2637,1,8,2397,0,1064,1834,2290,833,455,4354,60,779,0,439,305,1075,117,846,83,478,76,240,0,1334,0,0,17,5262,1758,1407,132,10,42,2759,990,3075,1676,23,7,0,567,1002,417,1
cell_293-BPA-2-IR,87,9,0,2,3,283,188,67,266,239,279,0,0,668,110,225,0,0,667,0,291,0,337,176,37,419,0,1286,0,220,10,367,307,183,43,202,22,157,2,345,0,0,2,2634,433,143,0,0,8,345,929,679,1,0,0,0,40,48,26,0
cell_294-BPA-2-IR,15,0,1,5,114,111,7,123,83,81,152,32,0,315,11,61,0,0,318,0,33,14,122,46,6,123,0,141,5,13,33,58,20,7,30,93,0,5,0,40,0,0,0,237,37,154,0,2,0,49,243,87,85,0,0,5,23,141,43,8
cell_295-BPA-2-IR,241,0,0,58,276,3,0,7,79,139,1933,426,0,431,47,138,0,0,430,0,398,0,357,1073,6,3212,3,921,0,90,21,0,0,0,76,0,8,0,0,358,0,0,2,144,70,683,7,2,0,62,1,380,0,0,0,0,0,1420,259,0
cell_296-BPA-2-IR,30,1,0,4,95,78,4,69,39,58,72,19,0,112,2,69,2,0,112,0,34,25,36,66,16,71,1,92,0,9,0,32,9,4,20,68,0,8,0,32,0,0,0,66,15,107,0,0,0,40,198,53,32,0,0,5,28,114,10,0
cell_297-BPA-2-IR,153,9,0,57,385,15,146,690,945,1052,530,713,0,1074,78,526,0,8,1105,0,1452,0,236,1376,133,571,6,169,0,171,107,391,142,146,1,845,1,52,6,156,0,0,0,1241,293,1254,0,0,5,97,38,1087,1,0,1,12,168,1034,245,0
cell_298-BPA-2-IR,58,0,0,21,28,438,176,277,1200,1852,903,984,1,450,27,2781,0,0,451,0,1763,0,389,634,94,2873,1,105,0,76,112,1224,61,178,161,457,16,272,2,1198,0,0,0,302,87,1072,0,0,4,368,79,818,0,0,0,38,7,721,0,0
cell_299-BPA-2-IR,531,23,0,48,366,894,574,749,362,924,1664,727,0,1684,985,3207,0,2,1687,0,1685,1,1483,2280,336,3726,56,426,0,328,23,367,426,569,50,716,59,1160,1,2009,0,0,0,814,1431,2936,4,0,51,518,1069,6192,0,1,2,52,41,2412,2064,0
cell_3-BPA-2-IR,10,0,4,0,13,130,0,12,150,2,329,118,0,212,3,184,0,0,215,0,153,0,65,298,100,311,0,81,0,14,103,37,58,0,2,238,8,14,0,72,0,0,1,995,0,278,0,0,0,97,86,64,0,0,0,0,7,103,0,0
cell_30-BPA-2-IR,378,15,0,0,695,152,141,396,145,247,631,826,0,309,97,1230,0,0,309,0,232,1,221,1450,114,1073,5,1356,0,158,265,177,338,142,423,546,0,48,0,61,0,0,3,33,313,798,0,4,0,240,235,962,0,1,0,6,111,663,162,0
cell_300-BPA-2-IR,214,5,3,16,121,40,0,32,94,8,4,41,0,486,0,205,0,0,486,0,17,0,861,238,36,36,2,26,0,170,24,123,73,0,668,825,5,7,0,117,0,0,0,509,0,436,0,0,22,41,882,306,0,2,0,0,0,426,154,0
cell_301-BPA-2-IR,11,0,1,10,62,13,646,73,734,194,552,308,0,302,0,1075,0,0,308,0,801,2,1582,389,225,152,10,249,0,78,43,12,24,645,0,422,3,23,0,194,0,0,7,61,130,307,0,0,0,118,67,719,0,0,0,0,528,161,15,0
cell_302-BPA-2-IR,669,0,0,0,529,20,234,127,315,589,13,0,0,1007,519,2,0,0,1005,0,0,386,32,0,0,1,0,146,0,258,0,176,0,233,164,338,12,0,0,574,0,0,3,113,0,1572,0,0,0,395,223,0,510,1,6,25,50,1063,96,0
cell_303-BPA-2-IR,36,0,0,2,35,34,60,47,187,4,68,0,0,947,6,2,0,0,950,0,0,46,124,0,0,0,0,443,0,104,0,33,0,60,584,474,7,0,0,253,1,0,0,490,0,1257,0,0,23,102,2287,0,419,1,1,0,253,712,376,0
cell_304-BPA-2-IR,110,6,0,1,232,406,47,346,58,75,52,868,1,504,0,903,0,0,504,0,41,0,55,138,146,2384,2,335,0,111,196,549,438,47,7,20,6,31,0,43,0,0,1,4162,472,3537,0,16,8,737,1706,0,0,0,0,0,6,205,76,0
cell_305-BPA-2-IR,53,47,0,0,551,132,9,137,201,36,50,437,0,923,0,818,1,0,923,0,557,0,187,709,212,174,1,754,0,109,6,2,70,310,616,1061,49,118,4,217,0,0,50,1265,0,642,1,0,77,376,865,1154,0,14,1,0,0,95,408,0
cell_306-BPA-2-IR,29,2,0,1,67,93,4,106,67,67,133,13,0,185,6,57,0,0,188,4,18,19,96,55,8,95,1,45,3,14,16,39,0,4,19,107,0,8,1,40,0,0,0,225,9,105,5,0,0,55,192,61,18,0,0,0,28,118,40,0
cell_307-BPA-2-IR,169,3,1,3,185,77,148,152,2169,0,6,54,0,296,9,596,0,0,296,0,117,0,0,21,0,505,0,287,0,123,0,13,566,148,10,297,1,18,0,207,0,0,3,164,11,448,2,0,23,16,421,1079,0,4,0,7,34,672,325,0
cell_308-BPA-2-IR,83,12,0,4,113,290,185,606,99,227,239,0,0,232,277,175,0,0,220,0,616,0,830,750,395,609,19,307,0,0,61,12,527,207,75,180,29,84,0,34,0,0,10,3592,10,115,0,0,2,168,187,1482,0,11,0,15,27,167,20,0
cell_309-BPA-2-IR,206,16,0,43,470,5,233,334,58,568,1490,649,0,937,41,1745,1,0,936,0,348,0,179,848,575,1891,29,546,0,236,791,226,836,233,217,1600,21,465,0,988,0,0,2,2968,760,1106,0,0,36,1270,1544,4,0,10,2,48,221,1,61,0
cell_31-BPA-2-IR,0,20,0,0,19,239,73,144,129,63,87,81,0,278,0,380,0,0,278,0,213,0,2,127,16,1194,1,351,1,29,133,49,196,73,419,597,0,11,0,0,0,0,0,130,17,629,0,0,0,4,402,2,0,0,0,5,0,40,25,3
cell_310-BPA-2-IR,11,7,0,1,51,159,37,631,0,349,1140,73,0,67,0,608,0,0,65,0,226,0,1248,359,87,343,2,588,0,22,59,534,46,37,0,487,0,4,0,5,0,0,0,451,357,962,0,0,0,519,198,417,0,0,0,0,21,10,19,0
cell_311-BPA-2-IR,0,38,0,0,47,351,196,133,650,496,835,204,0,2806,240,963,2,0,2820,0,255,1,571,490,135,1060,43,213,0,91,79,905,151,197,22,351,11,44,0,439,0,0,6,2990,0,1453,0,0,0,359,355,1444,0,1,1,13,105,299,1,0
cell_312-BPA-2-IR,117,4,0,4,135,28,4,827,123,365,348,97,0,101,0,139,0,0,101,0,10,0,218,713,153,29,0,168,0,0,198,34,224,4,0,18,0,12,3,5,0,0,1,547,16,180,0,0,0,0,19,275,0,0,0,0,0,17,1,0
cell_313-BPA-2-IR,23,0,1,2,153,81,22,140,106,83,103,30,0,256,11,70,0,0,256,0,35,13,88,56,2,101,0,124,0,16,19,57,2,22,51,139,0,5,0,33,0,2,0,248,40,169,0,0,0,48,306,79,54,0,0,4,39,128,61,0
cell_314-BPA-2-IR,47,0,0,3,29,48,15,83,74,37,80,13,0,155,11,65,0,0,155,0,36,17,64,36,14,71,0,68,0,4,19,40,6,15,28,55,2,6,0,54,0,0,0,110,20,71,0,0,2,17,125,38,69,0,0,0,23,86,14,0
cell_315-BPA-2-IR,11,0,0,1,68,102,20,73,66,53,111,34,0,124,17,71,0,0,125,0,20,17,59,72,7,57,2,92,0,6,1,31,10,20,12,68,0,2,0,17,0,0,0,93,20,74,0,0,0,51,182,62,19,0,0,2,17,64,41,0
cell_316-BPA-2-IR,34,0,0,5,47,91,2,85,114,64,125,24,0,283,14,71,0,0,289,0,26,19,111,58,13,110,1,81,0,19,8,60,4,2,29,124,0,1,0,31,0,0,0,180,24,116,0,0,3,33,251,87,67,0,0,0,24,100,86,0
cell_317-BPA-2-IR,18,0,0,0,90,65,12,114,111,58,78,14,0,226,10,60,0,0,225,8,30,7,85,50,14,80,0,90,0,27,8,43,1,12,47,78,0,2,0,44,0,0,0,174,27,128,1,0,4,15,200,52,36,0,4,0,30,107,36,0
cell_318-BPA-2-IR,864,0,0,0,292,204,222,113,1985,1664,134,0,0,612,108,17,0,0,615,0,0,565,50,0,0,8,0,541,0,43,0,282,0,222,4,69,22,0,0,328,0,0,2,267,2,2479,7,0,59,661,2111,35,704,5,1,7,717,1240,328,0
cell_319-BPA-2-IR,508,0,0,0,276,62,201,129,67,371,43,0,0,622,6,0,0,0,621,0,0,1122,6,0,0,0,0,237,0,120,0,1957,0,201,251,521,0,0,0,858,0,0,0,826,0,1,1,1,11,82,70,2,849,0,0,0,122,1355,223,0
cell_32-BPA-2-IR,2171,2,0,8,345,223,136,369,1858,32,723,0,0,1338,0,5719,3,0,1337,0,607,0,1345,796,996,2152,6,845,0,545,9,140,492,136,202,2882,24,1357,0,267,0,0,4,4341,2429,1206,15,0,73,382,194,1863,0,0,3,0,657,4713,1691,3
cell_320-BPA-2-IR,42,16,0,15,108,152,113,170,273,331,128,511,0,1474,0,1339,0,0,1474,0,592,0,484,710,181,990,7,1274,0,333,606,22,123,115,151,197,33,73,0,423,2,0,7,1548,344,966,3,1,4,207,186,1500,0,12,0,0,143,627,355,0
cell_321-BPA-2-IR,37,0,0,1,0,159,15,268,15,80,83,121,0,201,0,251,0,0,203,0,24,0,94,83,49,128,0,99,0,101,30,109,23,15,119,104,0,16,0,303,0,0,1,551,53,0,0,0,0,25,211,131,0,0,0,0,0,274,0,0
cell_322-BPA-2-IR,283,1,1,1,14,14,0,21,358,584,937,344,0,0,0,933,0,0,1,0,329,0,76,199,127,245,6,265,0,83,136,44,59,0,0,2001,27,39,0,341,2,0,4,226,74,73,0,0,0,174,32,1192,0,3,0,42,13,472,14,0
cell_323-BPA-2-IR,1,2,0,14,425,0,0,474,0,1,136,349,0,2,0,1196,0,0,10,0,564,0,118,999,5,689,4,233,0,210,1907,0,203,0,473,116,2,43,0,117,0,0,0,997,323,2007,0,0,0,0,1,989,0,0,0,0,67,320,153,0
cell_324-BPA-2-IR,351,0,1,0,627,112,520,645,254,395,0,0,0,1278,6,0,0,0,1276,0,0,374,405,0,0,0,0,96,0,1,0,266,0,520,73,672,17,0,0,0,0,0,8,1970,0,0,0,0,31,347,1785,1,468,0,0,59,30,1263,0,0
cell_325-BPA-2-IR,841,43,1,21,2120,569,1059,476,566,1316,1907,773,0,1507,45,3744,0,0,1504,0,3220,3,2209,1782,499,3707,1,1182,0,668,83,618,416,1062,54,390,11,532,0,951,0,0,1,4675,551,4330,1,0,57,402,1112,2638,0,0,1,18,1113,2390,1017,0
cell_326-BPA-2-IR,160,0,0,19,74,89,145,612,45,1038,16,192,0,601,0,506,0,0,605,0,2,0,306,196,27,110,9,34,0,28,99,272,88,145,0,199,0,40,0,36,0,0,1,405,10,182,0,0,0,11,250,161,0,0,0,13,5,74,25,0
cell_327-BPA-2-IR,204,0,0,1,17,203,3,544,197,31,45,0,0,621,4,0,0,0,622,1,0,279,248,0,0,0,0,61,0,73,0,34,0,3,28,60,23,0,0,0,0,0,2,543,0,0,0,0,7,43,1901,0,47,0,1,0,8,795,77,0
cell_328-BPA-2-IR,19,5,0,0,21,285,19,160,0,1003,52,53,0,427,12,20,1,3,428,0,650,1,511,1204,40,168,5,5,0,14,164,77,46,19,11,27,0,60,0,14,0,0,0,1839,18,386,0,1,3,1,0,1059,0,0,2,3,0,290,488,0
cell_329-BPA-2-IR,25,0,0,32,221,13,0,278,0,660,125,237,0,933,384,947,1,0,935,0,122,0,27,504,218,492,6,0,0,48,289,118,225,0,8,324,0,294,0,679,0,0,0,298,301,471,0,0,17,45,2138,472,0,0,1,1,12,401,69,0
cell_33-BPA-2-IR,253,4,0,5,325,130,66,206,146,47,1074,708,0,981,1198,432,0,0,977,0,467,0,168,341,62,870,0,2276,0,64,3,438,516,66,240,1091,0,37,0,0,0,0,0,1,17,645,0,0,0,6,119,0,0,0,0,74,2,1016,1934,0
cell_34-BPA-2-IR,0,7,0,1,0,1,0,27,41,708,1364,136,0,547,950,180,0,0,545,0,0,0,11,1340,69,536,7,273,0,14,16,109,150,0,10,204,0,13,0,346,0,0,1,1,158,36,0,1,13,0,0,922,0,0,0,0,0,524,0,0
cell_35-BPA-2-IR,1323,57,5,0,849,628,798,1082,454,468,1866,510,0,1316,26,2798,0,0,1317,0,745,1560,446,899,297,995,48,159,0,621,3,698,20,804,90,431,19,844,0,981,0,0,0,1624,1105,2157,2,0,531,1113,966,954,319,2,11,28,208,4705,561,0
cell_36-BPA-2-IR,385,0,0,0,510,24,66,321,1238,74,0,0,0,527,0,0,0,0,549,0,0,237,12,0,0,0,0,477,0,173,0,210,0,65,19,706,31,0,0,128,0,0,7,1645,0,376,2,0,88,398,1431,0,155,3,0,37,130,734,17,0
cell_37-BPA-2-IR,589,10,0,13,165,154,477,1459,925,171,245,468,1,1059,5,800,1,0,1061,0,2943,2,512,574,290,793,28,748,0,185,102,679,98,476,638,843,4,1428,1,1077,0,0,1,926,1483,1657,0,6,19,582,606,2424,0,0,0,9,184,2112,554,3
cell_38-BPA-2-IR,2819,84,2,21,3382,1675,2186,3042,2181,2699,1609,1294,2,3975,391,3908,1,0,3976,0,2156,1969,2258,2521,131,4521,63,2887,0,713,193,2543,889,2168,1069,360,147,328,16,1417,0,0,10,4760,940,4864,2,9,99,3406,831,1254,2226,24,8,6,1669,7944,3395,0
cell_39-BPA-2-IR,673,35,0,13,324,581,276,1201,154,372,969,189,0,988,0,338,0,0,991,0,402,118,145,661,43,13,0,137,0,142,5,186,358,276,247,656,26,53,3,137,0,0,5,1016,12,557,0,0,0,208,826,640,219,7,1,1,215,1529,198,0
cell_4-BPA-2-IR,148,0,0,21,1224,4,1089,2134,1478,591,441,424,0,1615,194,2592,0,1,1611,0,70,167,1061,1223,0,1591,0,1145,0,355,43,193,329,1087,87,403,12,174,0,1119,0,0,0,1434,820,2302,0,5,47,1477,0,831,471,1,1,9,466,1748,94,0
cell_40-BPA-2-IR,9,0,0,0,51,63,10,97,67,39,116,10,0,153,6,31,0,0,156,0,15,14,53,30,9,113,0,61,0,12,4,27,6,9,25,66,0,18,6,23,0,0,0,135,21,119,0,6,0,13,202,82,61,0,0,0,23,82,17,0
cell_41-BPA-2-IR,70,40,0,1,163,117,116,533,450,45,239,1089,0,978,487,1866,0,0,984,0,55,0,814,584,138,1269,19,822,0,173,322,441,171,116,196,839,38,30,0,947,0,0,0,780,182,2111,0,4,4,434,356,869,0,1,0,13,41,922,34,0
cell_42-BPA-2-IR,1307,0,0,0,2117,63,480,436,2999,39,3355,0,1,1674,110,3,0,0,1674,0,2,1598,895,0,0,5,0,2269,0,655,0,1581,0,478,118,690,23,0,0,910,0,0,9,1732,0,0,0,2,121,888,654,1,1248,0,2,11,292,5918,389,0
cell_43-BPA-2-IR,133,0,0,15,198,56,116,1171,226,4,1008,1199,0,342,0,1366,0,0,341,0,310,0,73,734,183,209,15,755,0,495,37,117,12,115,799,469,15,104,0,8,0,0,0,969,106,215,0,0,5,436,622,469,0,0,3,18,96,1023,73,2
cell_44-BPA-2-IR,951,5,0,3,843,242,478,566,899,422,1814,237,0,1264,164,429,4,0,1266,0,148,656,1081,685,82,398,0,471,0,615,13,1233,116,477,66,874,25,102,0,1125,0,0,2,1662,7,591,0,0,214,745,640,319,588,0,0,0,597,2760,419,0
cell_45-BPA-2-IR,177,14,0,0,406,263,20,851,94,18,31,439,0,892,7,781,0,0,901,0,218,0,293,201,56,112,4,9,0,30,50,12,62,20,8,129,4,9,3,254,0,0,0,96,268,489,0,0,5,42,279,2,0,0,0,0,114,270,0,0
cell_46-BPA-2-IR,394,0,0,9,395,173,29,858,845,68,146,749,0,316,0,1046,0,0,319,0,1008,0,358,1174,166,1131,34,454,0,194,34,165,414,29,447,135,16,45,0,132,0,0,0,850,113,1693,0,0,0,322,6,122,0,0,0,0,46,167,8,0
cell_47-BPA-2-IR,52,4,0,1,30,18,4,35,18,1,74,153,0,30,53,345,0,0,30,0,33,0,13,139,13,11,4,61,0,25,50,5,272,4,34,454,1,19,0,74,0,0,0,293,5,84,0,0,3,3,26,178,0,0,0,1,17,91,1,0
cell_48-BPA-2-IR,122,6,1,70,125,396,238,1287,622,474,1103,370,0,518,416,1987,0,0,512,0,310,1,696,1304,152,628,15,258,0,272,188,71,193,233,23,449,64,83,1,455,0,0,5,1848,160,1652,0,5,4,123,558,1702,0,10,3,1,247,731,639,1
cell_49-BPA-2-IR,782,24,1,57,2155,3787,880,1076,1792,2192,3651,2555,1,1832,242,5008,0,0,1834,0,4600,0,2127,1649,310,8546,116,2123,0,1111,72,1111,661,872,1049,509,101,353,0,1129,1,0,6,5915,1332,6674,2,4,156,1290,1355,1836,2,10,9,38,685,5482,1091,0
cell_5-BPA-2-IR,25,0,0,0,104,78,10,68,63,46,69,40,0,92,8,125,0,0,95,0,35,10,21,47,9,96,0,143,0,11,2,24,10,10,26,65,1,24,0,39,0,0,0,90,22,128,0,0,0,35,191,74,28,0,0,1,32,138,54,0
cell_50-BPA-2-IR,188,0,6,0,49,90,55,927,239,0,1,0,0,245,177,0,0,0,245,0,0,159,20,0,0,7,0,430,0,39,0,424,0,55,28,201,41,0,0,149,0,0,0,578,0,25,1,0,4,54,1475,0,381,0,0,7,156,284,107,0
cell_51-BPA-2-IR,1066,0,0,0,1405,204,2484,492,302,553,0,0,0,2234,131,3,1,0,2252,0,0,677,389,0,0,2,0,1721,0,328,0,474,0,2478,87,1231,30,0,0,167,1,0,0,926,0,1545,0,0,50,878,3897,1,810,0,3,63,69,1371,54,0
cell_52-BPA-2-IR,319,107,0,20,410,80,4,35,53,0,1016,10,0,200,0,700,0,0,200,0,889,0,52,70,206,104,1,114,0,64,8,84,15,4,307,1509,5,31,0,56,0,0,0,578,7,413,0,1,8,104,23,323,0,2,0,0,6,27,19,0
cell_53-BPA-2-IR,121,4,0,1,111,1601,283,799,452,1012,362,254,0,216,21,2,0,0,217,0,571,0,885,806,234,742,15,713,0,83,335,105,375,284,12,2182,14,55,0,93,0,0,0,545,305,91,0,0,5,34,78,403,0,3,1,0,215,571,604,0
cell_54-BPA-2-IR,353,99,0,9,1047,22,802,963,1411,229,1025,251,0,633,0,555,1,0,629,0,1035,0,19,990,432,864,9,780,0,496,34,254,403,801,23,276,30,92,0,464,0,0,5,708,866,677,0,0,16,436,316,2193,0,0,3,0,321,386,150,1
cell_55-BPA-2-IR,902,0,1,0,2257,360,811,1299,389,119,659,0,0,3817,326,22,2,0,3829,0,0,1516,1873,0,1,4,0,2449,1,358,0,390,0,810,73,32,20,0,0,1351,1,0,1,2851,0,2492,6,0,59,1263,416,3,1228,6,1,30,282,3616,509,0
cell_56-BPA-2-IR,33,2,0,10,1825,147,194,34,0,24,46,745,0,0,144,821,0,0,0,0,54,0,528,144,385,696,5,1332,0,154,0,42,319,194,9,286,0,41,0,369,0,0,0,71,74,51,0,0,10,19,213,453,0,3,0,0,6,859,311,0
cell_57-BPA-2-IR,1353,102,1,25,2813,929,1412,1837,1206,881,2418,1501,0,2387,461,3455,0,0,2396,0,1783,964,2748,1514,349,2417,33,1332,1,935,253,511,664,1396,849,1729,35,210,1,1708,2,0,6,4307,763,6026,1,5,172,1081,3231,1102,451,5,6,136,398,5335,2205,2
cell_58-BPA-2-IR,22,0,0,1,110,79,20,79,94,55,94,20,1,197,9,46,0,4,199,2,41,27,123,72,9,78,0,96,0,14,1,58,11,20,34,69,0,1,0,47,0,1,0,173,26,116,0,0,0,27,167,97,50,0,0,2,12,133,31,4
cell_59-BPA-2-IR,360,0,0,4,63,4,159,34,501,26,287,506,0,196,80,2350,0,0,197,0,2996,1,54,1520,161,246,13,585,0,30,408,735,3,159,112,43,33,118,8,1906,0,0,4,1815,1612,308,0,0,10,77,2166,0,0,5,1,0,25,188,2,0
cell_6-BPA-2-IR,4,0,0,1,77,60,5,43,27,18,57,49,0,97,30,87,0,3,93,0,75,0,46,90,12,82,0,75,0,27,3,18,32,5,19,138,0,8,0,33,0,0,0,188,24,79,0,0,0,8,128,103,0,0,0,1,14,45,17,0
cell_60-BPA-2-IR,30,0,0,0,22,67,7,61,53,66,109,12,0,170,8,57,0,0,169,0,15,24,57,57,2,110,0,73,0,6,15,40,7,7,18,91,0,0,3,40,0,0,0,141,30,96,8,3,0,22,149,42,44,0,4,1,24,106,26,0
cell_61-BPA-2-IR,47,0,0,13,10,703,4,596,0,63,36,150,0,730,0,464,0,0,734,0,52,0,596,871,261,988,2,22,0,26,58,121,13,4,20,279,7,82,0,7,0,0,0,1333,134,167,0,0,0,78,156,173,0,0,1,10,61,131,685,0
cell_62-BPA-2-IR,244,0,0,0,568,742,38,1331,563,237,83,0,0,1385,0,15,0,0,1388,0,0,82,408,0,0,6,0,1125,0,0,0,51,0,36,6,313,0,0,0,0,0,0,0,0,0,927,0,0,3,228,2993,0,103,0,0,1,117,858,105,0
cell_63-BPA-2-IR,18,2,0,2,73,62,3,86,72,40,93,16,0,171,16,64,0,0,174,0,27,11,48,34,4,74,0,73,1,6,20,31,6,3,40,120,0,0,0,27,0,0,0,167,21,94,0,5,0,19,170,54,23,0,0,2,39,97,30,0
cell_64-BPA-2-IR,3,9,0,15,184,156,165,701,1613,485,844,796,0,752,346,1227,0,0,753,0,2263,0,100,1015,435,3208,26,2174,0,644,0,605,834,164,494,585,6,275,2,2501,1,0,0,3969,199,1438,0,0,6,529,1200,2100,2,3,2,10,479,1498,410,0
cell_65-BPA-2-IR,314,0,0,0,180,584,624,414,104,27,252,0,0,277,25,0,0,0,280,0,0,195,105,0,0,0,0,427,0,33,0,69,0,627,0,596,30,0,0,19,0,0,2,1376,0,1022,0,0,11,30,1074,0,783,2,0,3,8,85,459,0
cell_66-BPA-2-IR,75,0,0,16,335,13,343,292,0,9,728,247,0,547,157,196,0,0,553,0,386,0,115,482,9,125,0,760,0,79,22,41,35,343,0,1099,0,42,0,88,0,0,0,791,57,1296,0,0,15,328,1184,198,0,0,0,0,62,722,0,0
cell_67-BPA-2-IR,66,0,0,9,347,1,208,7,3,1,176,46,0,132,132,75,0,0,132,0,93,0,45,79,4,105,0,89,1,50,17,38,26,208,2,659,2,11,0,53,0,0,0,341,9,340,0,0,2,40,138,304,0,0,0,0,37,315,0,0
cell_68-BPA-2-IR,107,35,0,0,694,183,85,277,927,894,1075,944,9,249,1,319,0,0,249,0,1233,0,67,1301,51,469,4,111,0,325,4,125,16,85,258,128,3,135,0,1077,0,0,0,1305,741,243,0,2,4,349,0,2249,0,0,2,18,49,2628,654,0
cell_69-BPA-2-IR,115,0,0,4,433,10,196,115,1288,70,1072,145,0,941,61,158,0,0,956,0,3344,0,0,591,865,1180,13,358,0,161,8,220,53,196,219,246,25,49,0,426,2,0,1,1295,279,603,0,1,22,108,389,2672,0,3,1,17,74,567,598,0
cell_7-BPA-2-IR,178,0,0,0,696,12,149,226,616,17,1173,0,0,263,134,0,0,0,263,0,0,19,119,0,0,0,0,75,0,89,0,162,0,147,69,383,0,0,0,164,0,0,1,243,0,448,1,0,51,135,1902,1,158,0,0,5,216,481,167,0
cell_70-BPA-2-IR,1560,0,3,0,1864,42,272,1916,482,9,2623,0,0,2392,2232,4,0,0,2388,6,0,1408,1523,0,0,2,0,2751,0,0,0,469,0,272,311,272,36,0,0,1,0,0,0,714,0,499,0,1,8,563,1893,2,1724,10,0,3,91,2301,1025,0
cell_71-BPA-2-IR,166,0,0,0,2341,138,949,26,500,107,56,0,0,325,156,5,0,0,323,0,0,943,25,0,0,9,0,197,0,131,0,210,1,949,607,300,59,0,12,1362,0,0,1,257,1,1106,10,0,0,640,1109,3,617,0,0,0,66,519,183,4
cell_72-BPA-2-IR,1101,0,0,0,507,561,1686,2828,314,394,2043,0,0,812,1911,5,1,1,805,0,0,1234,1748,0,0,9,0,3210,0,491,0,1142,0,1688,210,1226,12,0,0,2024,0,0,26,5781,0,3454,2,1,114,758,1751,38,2362,0,2,13,219,3741,991,0
cell_73-BPA-2-IR,81,43,0,20,532,85,195,67,460,63,69,18,0,226,0,435,0,0,226,0,32,0,531,29,111,1213,3,558,0,43,166,191,46,195,437,813,16,136,0,31,0,0,1,751,9,638,0,0,6,0,231,494,0,0,0,0,55,96,404,0
cell_74-BPA-2-IR,3231,92,0,55,4336,2022,2769,3484,2746,4827,5001,2389,1,5329,1440,4575,10,4,5314,0,2148,1620,2706,2280,228,3192,52,4916,0,1271,455,2758,1767,2762,2058,472,95,377,2,1425,19,0,12,6448,1807,4279,2,5,63,2635,1371,2728,3497,14,7,80,2817,7623,2730,2
cell_75-BPA-2-IR,115,0,0,1,13,836,28,451,93,103,581,570,0,877,0,1234,0,0,879,0,0,0,436,85,89,744,22,95,0,110,317,193,53,28,8,5,37,12,0,528,0,0,0,2463,673,347,0,0,10,368,350,750,0,0,0,0,142,1792,93,0
cell_76-BPA-2-IR,390,0,0,0,229,885,852,667,444,264,12,0,0,1600,90,1,0,0,1600,0,0,181,142,0,0,0,0,491,0,71,0,356,0,846,22,1386,10,0,0,55,0,0,1,1271,0,644,1,0,33,178,3444,0,660,0,0,2,58,800,222,0
cell_77-BPA-2-IR,46,0,0,3,85,77,18,121,107,66,122,13,0,225,14,72,0,0,224,0,38,34,132,44,17,125,0,79,0,18,8,56,13,18,45,164,0,6,0,35,0,0,0,204,38,146,2,0,4,39,302,76,61,0,0,0,42,121,34,0
cell_78-BPA-2-IR,351,0,0,0,305,54,203,140,476,658,1480,196,0,445,70,187,0,0,444,0,147,102,93,135,41,389,1,509,0,22,9,257,136,203,18,338,11,14,12,74,0,0,0,372,100,569,0,0,19,115,2290,412,459,0,0,1,53,547,15,0
cell_79-BPA-2-IR,270,0,0,10,17,8,69,47,489,68,115,199,0,530,0,312,0,0,535,0,318,0,81,1522,8,19,12,68,0,105,2,347,28,69,29,13,14,99,1,188,0,0,2,989,139,674,2,2,0,44,1748,362,0,0,0,0,20,7,257,0
cell_8-BPA-2-IR,287,0,0,0,133,39,23,0,737,659,22,0,0,250,23,2,0,0,250,0,1,23,4,0,0,2,0,164,0,56,0,39,0,28,22,181,1,0,0,44,0,0,0,431,0,217,0,0,13,15,759,0,564,0,0,1,23,71,55,0
cell_80-BPA-2-IR,44,0,0,35,28,239,32,591,28,646,80,468,1,299,126,471,0,0,302,0,909,0,437,268,7,70,2,125,0,156,761,284,1,32,951,170,7,29,0,192,0,0,1,961,326,677,0,0,9,428,219,1116,0,0,0,14,3,672,989,1
cell_81-BPA-2-IR,25,0,0,0,88,100,14,126,81,73,132,42,1,207,31,85,0,0,207,0,43,29,83,78,9,81,0,143,0,26,7,25,12,14,50,164,0,7,0,55,0,0,0,295,14,153,0,0,0,18,300,74,60,0,0,0,34,136,70,0
cell_82-BPA-2-IR,24,0,0,0,85,67,13,50,42,44,79,23,1,185,22,59,0,0,185,0,43,14,57,48,10,59,0,58,0,8,21,28,24,13,30,87,0,1,0,23,0,0,0,77,34,91,2,0,7,17,150,79,60,0,3,5,8,82,33,0
cell_83-BPA-2-IR,528,0,0,0,6,11,317,6,75,0,32,0,0,533,0,0,0,0,533,0,0,19,80,0,0,0,0,0,0,23,0,83,0,317,0,215,0,0,0,112,0,0,0,363,0,0,3,0,0,117,723,0,360,0,0,0,177,64,43,0
cell_84-BPA-2-IR,33,0,0,2,97,143,28,160,123,97,237,44,0,279,26,74,0,0,282,0,42,11,134,59,8,137,0,126,0,12,30,50,4,28,63,129,0,8,0,32,6,0,1,257,49,150,0,0,0,50,224,142,51,0,0,1,44,140,41,5
cell_85-BPA-2-IR,562,0,0,0,230,256,311,218,246,855,532,0,0,688,3,9,0,0,693,0,0,224,705,0,0,0,0,716,0,19,0,478,0,309,29,313,0,0,0,1217,0,0,0,2484,0,928,1,1,5,275,25,1,168,0,0,31,83,63,794,0
cell_86-BPA-2-IR,802,1,0,21,814,1203,232,222,800,64,1466,481,0,1130,37,3245,0,1,1129,0,204,6,60,328,116,2183,59,1279,0,192,13,456,113,232,40,1060,63,197,0,24,0,0,4,1728,29,1440,1,0,10,218,1937,2223,0,2,0,0,118,2143,166,0
cell_87-BPA-2-IR,332,0,0,0,20,90,925,555,334,429,412,0,0,631,17,8,1,0,628,0,0,812,475,5,0,2,0,2252,0,47,0,309,0,924,493,167,29,0,0,189,0,0,5,2080,0,327,0,0,27,516,51,0,816,3,0,0,87,1456,2825,1
cell_88-BPA-2-IR,96,17,0,55,17,410,0,796,445,163,79,975,1,667,124,1160,0,0,665,0,438,0,128,506,50,527,3,280,2,244,5,148,20,0,13,251,14,7,0,565,6,0,1,663,923,917,0,3,103,183,803,621,0,0,0,0,33,754,820,0
cell_89-BPA-2-IR,19,0,0,0,80,75,14,91,109,46,82,32,0,188,1,60,0,3,195,0,60,29,89,42,18,80,2,106,3,19,9,30,8,14,20,100,0,0,0,50,0,0,0,233,27,113,0,0,0,26,230,59,26,0,0,0,43,82,35,0
cell_9-BPA-2-IR,880,0,0,3,584,27,441,765,0,452,9,196,0,224,0,1117,2,0,224,0,89,1,24,1081,133,115,2,379,0,286,15,47,52,439,2,207,16,379,1,116,0,0,3,2681,970,1807,0,8,7,130,2809,1166,0,1,0,1,3,604,117,0
cell_90-BPA-2-IR,527,6,0,18,1395,21,141,927,1758,253,401,431,0,898,120,718,0,0,897,0,1115,1,388,2177,78,706,5,1821,0,306,6,630,299,139,332,2588,44,50,0,698,0,0,2,1968,11,5288,1,0,18,242,2944,1989,0,0,0,2,70,1410,237,0
cell_91-BPA-2-IR,376,0,0,0,162,158,269,781,446,66,561,0,0,1278,61,2,0,0,1280,0,0,317,51,1,0,24,0,287,0,146,0,316,0,269,3,38,4,0,0,0,0,0,0,247,0,716,0,0,10,72,147,0,459,0,0,0,273,2646,304,0
cell_92-BPA-2-IR,1411,0,6,0,3351,1285,1016,256,561,564,1887,0,0,1850,435,2,0,1,1849,0,0,854,1319,0,0,1,0,3547,0,373,0,661,0,1017,1021,255,54,0,6,345,3,0,3,5199,0,6135,0,0,31,931,4519,3,2146,4,6,18,1288,2934,693,0
cell_93-BPA-2-IR,57,8,0,0,15,5,0,75,258,153,661,353,0,16,0,271,0,0,17,0,21,0,76,702,11,110,4,3,0,74,0,0,54,0,139,8,3,17,0,61,0,0,0,452,0,524,0,0,56,29,1,133,0,0,0,3,0,940,20,0
cell_94-BPA-2-IR,2259,0,0,0,1552,298,2653,1081,942,138,190,0,1,1490,587,10,19,0,1491,0,0,1269,868,0,0,6,0,3902,0,269,0,2467,0,2652,105,764,44,0,0,867,0,0,1,3461,0,5001,0,1,68,2333,1080,6,1962,3,1,98,282,2103,331,1
cell_95-BPA-2-IR,407,67,0,15,1098,6,7,508,76,14,287,612,0,573,35,852,0,3,566,0,830,0,0,315,123,2050,0,1048,0,162,15,174,109,7,105,298,13,62,0,561,0,0,1,128,440,2302,0,1,9,410,395,1186,0,0,0,0,81,2084,75,0
cell_96-BPA-2-IR,25,0,0,1,54,81,12,99,65,84,150,38,0,207,11,48,0,0,208,0,34,6,115,35,7,117,1,83,0,14,9,30,19,12,27,67,0,0,0,16,0,1,0,183,9,150,0,0,0,17,229,57,48,0,0,0,30,148,62,5
cell_97-BPA-2-IR,1559,0,0,0,4346,777,2194,631,565,36,866,0,0,988,188,21,0,0,999,0,0,2343,2,0,0,0,0,990,0,489,0,372,0,2197,542,229,0,0,0,834,8,0,0,2209,0,2758,2,0,0,963,1797,0,2011,0,6,20,162,2,1804,0
cell_98-BPA-2-IR,27,0,0,4,89,74,6,69,61,33,114,29,5,125,29,56,0,0,124,0,37,21,55,48,0,58,0,83,1,15,4,29,7,6,13,42,0,0,7,34,0,0,0,127,24,71,0,0,0,32,150,51,20,0,0,3,14,51,14,0
cell_99-BPA-2-IR,53,0,0,17,91,5,136,53,376,30,462,245,0,238,0,459,0,0,239,0,47,0,509,396,195,372,1,157,0,164,585,0,107,133,68,305,8,0,0,65,0,0,1,763,511,0,0,0,0,193,2852,1086,0,0,0,12,94,491,143,0
